"0,1-HCore","2,1-HCore","3,1-HCore","4,1-HCore"
26,2,0,0
26,2,0,0
26,2,0,0
26,0,0,0
26,2,0,0
26,0,0,0
26,2,0,0
35,2,0,0
40,2,0,0
26,2,0,0
26,0,0,0
26,0,0,0
26,0,0,0
26,2,0,0
26,0,0,0
26,2,0,0
26,0,0,0
26,0,0,0
26,0,0,0
26,0,0,0
26,2,0,0
26,2,0,0
26,0,0,0
26,0,0,0
26,0,0,0
26,0,0,0
26,0,0,0
15,2,0,0
101,2,0,0
115,0,0,0
14,0,0,0
232,2,0,0
171,2,0,0
159,0,0,0
36,0,0,0
214,2,0,0
48,0,0,0
75,2,0,0
313,0,0,0
98,2,0,0
15,2,0,0
101,0,0,0
115,0,0,0
14,0,0,0
159,0,0,0
313,0,0,0
47,0,0,0
40,2,0,0
277,0,0,0
13,0,0,0
105,0,0,0
15,2,0,0
101,2,0,0
115,0,0,0
14,0,0,0
171,2,0,0
159,0,0,0
75,2,0,0
92,0,0,0
106,0,0,0
96,0,0,0
15,2,0,0
101,0,0,0
12,2,0,0
101,0,0,0
115,0,0,0
11,0,0,0
96,0,0,0
40,2,0,0
15,0,0,0
15,0,0,0
14,0,0,0
35,2,0,0
35,2,0,0
35,2,0,0
101,4,5,0
171,4,5,0
35,2,0,0
35,2,0,0
35,0,0,0
35,0,0,0
35,0,0,0
35,4,5,0
35,4,5,0
35,0,0,0
35,0,0,0
35,0,0,0
35,0,0,0
35,0,0,0
35,0,0,0
35,2,0,0
35,0,0,0
35,2,0,0
35,2,0,0
35,0,0,0
35,0,0,0
35,0,0,0
53,2,0,0
35,0,0,0
35,2,0,0
35,0,0,0
35,0,0,0
35,0,0,0
35,0,0,0
35,0,0,0
35,0,0,0
35,0,0,0
40,2,0,0
40,2,0,0
40,2,0,0
40,2,0,0
40,0,0,0
40,0,0,0
40,3,0,0
40,0,0,0
40,2,0,0
40,2,0,0
40,2,0,0
40,0,0,0
40,2,0,0
40,0,0,0
40,2,0,0
40,0,0,0
40,0,0,0
40,0,0,0
40,0,0,0
40,0,0,0
40,0,0,0
40,0,0,0
40,0,0,0
40,0,0,0
40,0,0,0
40,0,0,0
40,0,0,0
40,0,0,0
40,0,0,0
40,0,0,0
40,0,0,0
40,0,0,0
40,0,0,0
40,0,0,0
40,0,0,0
40,0,0,0
40,0,0,0
40,0,0,0
40,0,0,0
40,0,0,0
214,2,0,0
47,0,0,0
42,0,0,0
53,0,0,0
16,0,0,0
96,0,0,0
29,0,0,0
52,0,0,0
16,2,0,0
277,0,0,0
106,2,0,0
77,0,0,0
15,2,0,0
32,0,0,0
53,0,0,0
8,0,0,0
9,0,0,0
101,0,0,0
11,0,0,0
20,0,0,0
53,0,0,0
11,0,0,0
10,0,0,0
19,0,0,0
10,0,0,0
10,2,0,0
10,2,0,0
53,0,0,0
16,0,0,0
29,0,0,0
16,0,0,0
101,0,0,0
14,0,0,0
16,0,0,0
16,0,0,0
29,0,0,0
19,0,0,0
101,0,0,0
232,2,0,0
214,2,0,0
277,0,0,0
13,0,0,0
164,0,0,0
40,0,0,0
29,0,0,0
37,0,0,0
96,0,0,0
7,0,0,0
4,0,0,0
34,0,0,0
24,0,0,0
13,0,0,0
53,0,0,0
53,0,0,0
10,0,0,0
10,0,0,0
10,0,0,0
10,0,0,0
10,0,0,0
159,0,0,0
12,2,0,0
29,0,0,0
164,0,0,0
39,0,0,0
29,0,0,0
29,0,0,0
53,2,0,0
24,0,0,0
12,0,0,0
12,0,0,0
4,0,0,0
105,0,0,0
32,0,0,0
40,0,0,0
10,0,0,0
7,0,0,0
78,0,0,0
41,0,0,0
96,0,0,0
39,0,0,0
20,0,0,0
40,0,0,0
12,0,0,0
10,0,0,0
41,2,0,0
34,0,0,0
13,2,0,0
11,0,0,0
16,0,0,0
20,0,0,0
11,0,0,0
11,0,0,0
11,0,0,0
11,0,0,0
11,0,0,0
171,4,5,0
101,2,0,0
101,2,0,0
101,0,0,0
101,0,0,0
101,4,5,0
101,2,0,0
101,2,0,0
101,2,0,0
101,2,0,0
101,2,0,0
101,2,0,0
101,2,0,0
101,2,0,0
101,2,0,0
101,2,0,0
101,2,0,0
101,2,0,0
101,4,5,0
101,2,0,0
101,2,0,0
101,2,0,0
101,2,0,0
101,2,0,0
101,2,0,0
101,2,0,0
101,0,0,0
101,0,0,0
101,0,0,0
101,2,0,0
101,0,0,0
101,0,0,0
101,0,0,0
101,0,0,0
101,0,0,0
101,0,0,0
101,0,0,0
101,0,0,0
101,0,0,0
101,0,0,0
101,0,0,0
101,2,0,0
101,0,0,0
101,2,0,0
101,0,0,0
101,0,0,0
101,0,0,0
101,0,0,0
101,0,0,0
101,0,0,0
101,0,0,0
101,0,0,0
101,0,0,0
101,0,0,0
101,0,0,0
101,0,0,0
101,0,0,0
101,0,0,0
101,0,0,0
101,0,0,0
101,0,0,0
101,0,0,0
101,0,0,0
101,0,0,0
101,0,0,0
101,0,0,0
101,0,0,0
101,0,0,0
101,0,0,0
101,0,0,0
101,0,0,0
101,2,0,0
101,0,0,0
101,0,0,0
101,0,0,0
101,0,0,0
101,2,0,0
101,0,0,0
101,0,0,0
101,0,0,0
101,0,0,0
101,0,0,0
101,0,0,0
101,0,0,0
101,0,0,0
101,0,0,0
101,0,0,0
101,0,0,0
101,0,0,0
101,0,0,0
101,2,0,0
101,0,0,0
101,0,0,0
115,0,0,0
115,0,0,0
115,0,0,0
115,0,0,0
115,0,0,0
115,0,0,0
115,0,0,0
115,0,0,0
115,0,0,0
115,0,0,0
115,0,0,0
115,0,0,0
115,0,0,0
115,0,0,0
115,0,0,0
115,0,0,0
115,0,0,0
115,0,0,0
115,0,0,0
115,0,0,0
115,0,0,0
115,0,0,0
115,0,0,0
115,0,0,0
115,0,0,0
115,0,0,0
115,0,0,0
115,0,0,0
115,0,0,0
115,0,0,0
115,0,0,0
115,0,0,0
115,0,0,0
115,0,0,0
115,0,0,0
115,0,0,0
115,0,0,0
115,0,0,0
115,0,0,0
115,0,0,0
115,0,0,0
115,0,0,0
115,0,0,0
115,0,0,0
115,0,0,0
115,0,0,0
115,0,0,0
115,0,0,0
115,0,0,0
115,0,0,0
115,0,0,0
115,0,0,0
115,0,0,0
115,0,0,0
115,0,0,0
115,0,0,0
115,0,0,0
115,0,0,0
115,0,0,0
115,0,0,0
115,0,0,0
115,0,0,0
115,0,0,0
115,0,0,0
115,0,0,0
115,0,0,0
115,0,0,0
115,0,0,0
115,0,0,0
115,0,0,0
115,0,0,0
115,0,0,0
115,0,0,0
115,0,0,0
115,0,0,0
115,0,0,0
115,0,0,0
115,0,0,0
115,0,0,0
115,0,0,0
115,0,0,0
115,0,0,0
115,0,0,0
115,0,0,0
115,0,0,0
115,0,0,0
115,0,0,0
115,0,0,0
115,0,0,0
115,0,0,0
115,0,0,0
115,0,0,0
115,0,0,0
115,0,0,0
115,0,0,0
115,0,0,0
115,0,0,0
115,0,0,0
115,0,0,0
115,0,0,0
115,0,0,0
115,0,0,0
115,0,0,0
115,0,0,0
115,0,0,0
115,0,0,0
115,0,0,0
115,0,0,0
115,0,0,0
115,0,0,0
115,0,0,0
115,0,0,0
14,0,0,0
14,0,0,0
10,0,0,0
10,0,0,0
11,0,0,0
10,0,0,0
232,4,5,0
232,2,0,0
232,0,0,0
232,2,0,0
232,2,0,0
232,0,0,0
232,3,0,0
232,2,0,0
232,2,0,0
232,4,5,0
232,0,0,0
232,2,0,0
232,4,6,0
232,3,0,0
232,2,0,0
232,2,0,0
232,2,0,0
232,2,0,0
232,3,0,0
232,2,0,0
232,3,0,0
232,0,0,0
232,2,0,0
232,2,0,0
232,3,0,0
232,0,0,0
232,2,0,0
232,2,0,0
232,0,0,0
232,4,5,0
232,3,0,0
232,0,0,0
232,4,0,0
232,2,0,0
232,3,0,0
232,0,0,0
232,2,0,0
232,0,0,0
232,4,0,0
232,4,5,0
232,0,0,0
232,3,0,0
232,2,0,0
232,2,0,0
232,4,5,0
232,0,0,0
232,0,0,0
232,0,0,0
232,4,6,0
232,2,0,0
232,2,0,0
232,2,0,0
232,3,0,0
232,2,0,0
232,2,0,0
232,0,0,0
232,0,0,0
232,2,0,0
232,2,0,0
232,4,5,0
232,4,5,0
232,5,15,0
232,5,15,0
232,4,5,0
232,2,0,0
232,4,5,0
232,4,7,0
232,2,0,0
232,0,0,0
232,0,0,0
232,0,0,0
232,0,0,0
232,3,0,0
232,2,0,0
232,2,0,0
232,2,0,0
232,3,0,0
232,3,0,0
232,2,0,0
232,4,5,0
232,2,0,0
232,0,0,0
232,0,0,0
232,0,0,0
232,0,0,0
232,2,0,0
232,3,0,0
232,2,0,0
232,2,0,0
232,2,0,0
232,2,0,0
232,0,0,0
232,0,0,0
232,0,0,0
232,2,0,0
232,0,0,0
232,2,0,0
232,3,0,0
232,2,0,0
232,0,0,0
232,0,0,0
232,0,0,0
232,2,0,0
232,0,0,0
232,0,0,0
232,2,0,0
232,2,0,0
232,0,0,0
232,2,0,0
232,2,0,0
232,0,0,0
232,2,0,0
232,2,0,0
232,0,0,0
232,4,5,0
232,3,0,0
232,4,5,0
232,4,0,0
232,0,0,0
232,0,0,0
232,0,0,0
232,2,0,0
232,2,0,0
232,2,0,0
232,2,0,0
232,0,0,0
232,2,0,0
232,0,0,0
232,0,0,0
232,2,0,0
232,2,0,0
232,0,0,0
232,2,0,0
232,0,0,0
232,0,0,0
232,0,0,0
232,0,0,0
232,2,0,0
232,0,0,0
232,0,0,0
232,0,0,0
232,0,0,0
232,0,0,0
232,0,0,0
232,0,0,0
232,3,0,0
232,0,0,0
232,0,0,0
232,3,0,0
232,2,0,0
232,0,0,0
232,0,0,0
232,0,0,0
232,0,0,0
232,2,0,0
232,2,0,0
232,2,0,0
232,2,0,0
232,2,0,0
232,2,0,0
232,2,0,0
232,0,0,0
232,2,0,0
232,2,0,0
232,2,0,0
232,2,0,0
232,2,0,0
232,2,0,0
232,2,0,0
232,2,0,0
232,0,0,0
232,0,0,0
232,2,0,0
232,0,0,0
232,0,0,0
232,0,0,0
232,0,0,0
232,2,0,0
232,2,0,0
232,0,0,0
232,2,0,0
232,0,0,0
232,0,0,0
232,0,0,0
232,0,0,0
232,2,0,0
232,0,0,0
232,0,0,0
232,0,0,0
232,2,0,0
232,0,0,0
232,0,0,0
232,0,0,0
232,0,0,0
232,2,0,0
232,2,0,0
232,0,0,0
232,0,0,0
232,0,0,0
232,0,0,0
232,0,0,0
232,0,0,0
232,0,0,0
232,0,0,0
232,0,0,0
232,0,0,0
232,0,0,0
232,0,0,0
232,0,0,0
232,2,0,0
232,0,0,0
232,0,0,0
232,0,0,0
232,0,0,0
232,0,0,0
232,2,0,0
232,0,0,0
232,0,0,0
232,0,0,0
232,0,0,0
232,0,0,0
232,2,0,0
232,0,0,0
232,0,0,0
232,2,0,0
232,0,0,0
232,0,0,0
232,0,0,0
232,0,0,0
232,0,0,0
232,2,0,0
171,2,0,0
171,0,0,0
171,2,0,0
171,0,0,0
171,0,0,0
171,4,5,0
171,2,0,0
171,0,0,0
171,0,0,0
171,0,0,0
171,0,0,0
171,0,0,0
171,0,0,0
171,0,0,0
171,0,0,0
171,0,0,0
171,0,0,0
171,0,0,0
171,0,0,0
171,0,0,0
171,0,0,0
171,0,0,0
171,0,0,0
171,0,0,0
171,0,0,0
171,0,0,0
171,0,0,0
171,0,0,0
171,2,0,0
171,0,0,0
171,0,0,0
171,0,0,0
171,0,0,0
171,0,0,0
171,0,0,0
171,0,0,0
171,0,0,0
171,2,0,0
171,0,0,0
171,0,0,0
171,0,0,0
171,0,0,0
171,0,0,0
171,0,0,0
171,0,0,0
171,0,0,0
171,0,0,0
171,0,0,0
171,0,0,0
171,0,0,0
171,0,0,0
171,0,0,0
171,0,0,0
171,0,0,0
171,0,0,0
171,0,0,0
171,0,0,0
171,0,0,0
171,0,0,0
171,2,0,0
171,0,0,0
171,0,0,0
171,0,0,0
171,0,0,0
171,0,0,0
171,0,0,0
171,0,0,0
171,2,0,0
171,0,0,0
171,2,0,0
171,0,0,0
171,0,0,0
171,0,0,0
171,0,0,0
171,2,0,0
171,0,0,0
171,0,0,0
171,0,0,0
171,2,0,0
171,0,0,0
171,0,0,0
171,0,0,0
171,2,0,0
171,0,0,0
171,0,0,0
171,0,0,0
171,0,0,0
171,0,0,0
171,0,0,0
171,0,0,0
171,0,0,0
171,0,0,0
171,0,0,0
171,2,0,0
171,0,0,0
171,0,0,0
171,0,0,0
171,0,0,0
171,0,0,0
171,0,0,0
171,0,0,0
171,0,0,0
171,0,0,0
171,0,0,0
171,0,0,0
171,0,0,0
171,0,0,0
171,0,0,0
171,2,0,0
171,0,0,0
171,0,0,0
171,0,0,0
171,2,0,0
171,0,0,0
171,0,0,0
171,0,0,0
171,2,0,0
171,0,0,0
171,0,0,0
171,0,0,0
171,4,5,0
171,0,0,0
171,2,0,0
171,0,0,0
171,0,0,0
171,0,0,0
171,0,0,0
171,0,0,0
171,0,0,0
171,0,0,0
171,0,0,0
171,2,0,0
171,0,0,0
171,0,0,0
171,0,0,0
171,0,0,0
171,0,0,0
171,0,0,0
171,0,0,0
171,0,0,0
171,0,0,0
171,0,0,0
171,0,0,0
171,2,0,0
171,0,0,0
171,2,0,0
171,0,0,0
171,0,0,0
171,0,0,0
171,0,0,0
171,0,0,0
171,0,0,0
171,0,0,0
171,0,0,0
171,0,0,0
171,0,0,0
171,2,0,0
171,0,0,0
171,0,0,0
171,0,0,0
171,0,0,0
171,0,0,0
171,0,0,0
171,0,0,0
171,2,0,0
171,0,0,0
171,0,0,0
171,0,0,0
159,0,0,0
159,0,0,0
159,0,0,0
159,0,0,0
159,0,0,0
159,0,0,0
159,0,0,0
159,0,0,0
159,0,0,0
159,2,0,0
159,0,0,0
159,4,0,0
159,0,0,0
159,0,0,0
159,0,0,0
159,0,0,0
159,2,0,0
159,2,0,0
159,0,0,0
159,0,0,0
159,2,0,0
159,2,0,0
159,0,0,0
159,0,0,0
159,0,0,0
159,2,0,0
159,0,0,0
159,0,0,0
159,2,0,0
159,2,0,0
159,2,0,0
159,2,0,0
159,0,0,0
159,2,0,0
159,0,0,0
159,2,0,0
159,0,0,0
159,0,0,0
159,0,0,0
159,0,0,0
159,0,0,0
159,0,0,0
159,0,0,0
159,0,0,0
159,0,0,0
159,2,0,0
159,0,0,0
159,0,0,0
159,4,5,0
159,4,8,0
159,4,5,0
159,2,0,0
159,5,8,0
159,2,0,0
159,0,0,0
159,0,0,0
159,0,0,0
159,0,0,0
159,0,0,0
159,0,0,0
159,0,0,0
159,0,0,0
159,0,0,0
159,0,0,0
159,0,0,0
159,0,0,0
159,2,0,0
159,0,0,0
159,0,0,0
159,0,0,0
159,0,0,0
159,0,0,0
159,2,0,0
159,0,0,0
159,0,0,0
159,2,0,0
159,0,0,0
159,0,0,0
159,0,0,0
159,2,0,0
159,0,0,0
159,2,0,0
159,0,0,0
159,0,0,0
159,0,0,0
159,0,0,0
159,0,0,0
159,0,0,0
159,0,0,0
159,0,0,0
159,2,0,0
159,0,0,0
159,0,0,0
159,0,0,0
159,2,0,0
159,4,0,0
159,2,0,0
159,2,0,0
159,2,0,0
159,0,0,0
159,0,0,0
159,0,0,0
159,0,0,0
159,0,0,0
159,0,0,0
159,0,0,0
159,0,0,0
159,2,0,0
159,0,0,0
159,2,0,0
159,0,0,0
159,0,0,0
159,0,0,0
159,2,0,0
159,0,0,0
159,0,0,0
159,0,0,0
159,0,0,0
159,0,0,0
159,0,0,0
159,0,0,0
159,0,0,0
159,0,0,0
159,0,0,0
159,0,0,0
159,0,0,0
159,0,0,0
159,0,0,0
159,0,0,0
159,0,0,0
159,0,0,0
159,2,0,0
159,0,0,0
159,0,0,0
159,2,0,0
159,0,0,0
159,0,0,0
159,0,0,0
159,0,0,0
159,0,0,0
159,0,0,0
159,0,0,0
159,0,0,0
159,0,0,0
159,0,0,0
159,2,0,0
159,0,0,0
159,0,0,0
159,0,0,0
159,0,0,0
159,0,0,0
159,0,0,0
159,0,0,0
159,0,0,0
159,0,0,0
159,0,0,0
36,0,0,0
36,0,0,0
36,0,0,0
36,0,0,0
36,0,0,0
36,0,0,0
36,0,0,0
36,0,0,0
36,0,0,0
48,2,0,0
36,0,0,0
36,0,0,0
36,0,0,0
36,0,0,0
36,0,0,0
36,0,0,0
36,2,0,0
36,0,0,0
36,0,0,0
36,0,0,0
36,0,0,0
36,0,0,0
36,0,0,0
36,0,0,0
36,0,0,0
36,0,0,0
36,0,0,0
36,0,0,0
36,0,0,0
36,0,0,0
36,0,0,0
36,0,0,0
36,0,0,0
36,0,0,0
36,0,0,0
36,0,0,0
214,2,0,0
214,0,0,0
214,4,0,0
214,2,0,0
214,2,0,0
214,2,0,0
214,3,0,0
214,3,0,0
214,2,0,0
214,2,0,0
214,2,0,0
214,3,0,0
214,2,0,0
214,2,0,0
214,3,0,0
214,3,0,0
214,2,0,0
214,4,0,0
214,2,0,0
214,2,0,0
214,2,0,0
214,2,0,0
214,2,0,0
214,4,0,0
214,2,0,0
214,3,0,0
214,2,0,0
214,2,0,0
214,2,0,0
214,4,5,0
214,2,0,0
214,2,0,0
214,0,0,0
214,2,0,0
214,4,5,0
214,4,5,0
214,2,0,0
214,0,0,0
214,2,0,0
214,0,0,0
214,0,0,0
214,0,0,0
214,2,0,0
214,2,0,0
214,0,0,0
214,2,0,0
214,0,0,0
214,0,0,0
214,2,0,0
214,2,0,0
214,0,0,0
214,2,0,0
214,0,0,0
214,2,0,0
214,2,0,0
214,0,0,0
214,0,0,0
214,0,0,0
214,0,0,0
214,2,0,0
214,2,0,0
214,0,0,0
214,0,0,0
214,0,0,0
214,2,0,0
214,0,0,0
214,0,0,0
214,2,0,0
214,2,0,0
214,0,0,0
214,2,0,0
214,0,0,0
214,0,0,0
214,0,0,0
214,2,0,0
214,0,0,0
214,0,0,0
214,0,0,0
214,0,0,0
214,2,0,0
214,2,0,0
214,0,0,0
214,0,0,0
214,2,0,0
214,4,5,0
214,0,0,0
214,2,0,0
214,0,0,0
214,0,0,0
214,4,5,0
214,0,0,0
214,2,0,0
214,0,0,0
214,2,0,0
214,0,0,0
214,0,0,0
214,2,0,0
214,2,0,0
214,0,0,0
214,2,0,0
214,0,0,0
214,2,0,0
214,0,0,0
214,2,0,0
214,2,0,0
214,2,0,0
214,0,0,0
214,2,0,0
214,0,0,0
214,0,0,0
214,0,0,0
214,2,0,0
214,0,0,0
214,0,0,0
214,0,0,0
214,2,0,0
214,0,0,0
214,0,0,0
214,0,0,0
214,0,0,0
214,0,0,0
214,0,0,0
214,0,0,0
214,0,0,0
214,0,0,0
214,0,0,0
214,0,0,0
214,2,0,0
214,0,0,0
214,0,0,0
214,2,0,0
214,2,0,0
214,2,0,0
214,2,0,0
214,2,0,0
214,2,0,0
214,2,0,0
214,2,0,0
214,2,0,0
214,2,0,0
214,2,0,0
214,2,0,0
214,0,0,0
214,2,0,0
214,0,0,0
214,2,0,0
214,0,0,0
214,0,0,0
214,2,0,0
214,0,0,0
214,0,0,0
214,0,0,0
214,2,0,0
214,0,0,0
214,0,0,0
214,0,0,0
214,0,0,0
214,0,0,0
214,0,0,0
214,0,0,0
214,0,0,0
214,0,0,0
214,0,0,0
214,0,0,0
214,0,0,0
214,0,0,0
214,0,0,0
214,0,0,0
214,0,0,0
214,0,0,0
214,0,0,0
214,0,0,0
214,0,0,0
214,0,0,0
214,0,0,0
214,0,0,0
214,0,0,0
214,0,0,0
214,0,0,0
214,0,0,0
214,0,0,0
214,0,0,0
214,0,0,0
214,0,0,0
214,0,0,0
214,0,0,0
214,0,0,0
214,0,0,0
214,0,0,0
214,0,0,0
214,0,0,0
214,0,0,0
214,0,0,0
214,0,0,0
214,0,0,0
214,0,0,0
214,0,0,0
214,0,0,0
214,0,0,0
214,0,0,0
214,0,0,0
214,0,0,0
214,0,0,0
214,0,0,0
214,0,0,0
214,0,0,0
214,0,0,0
214,0,0,0
214,0,0,0
214,0,0,0
214,0,0,0
48,0,0,0
48,0,0,0
48,2,0,0
48,0,0,0
48,0,0,0
48,0,0,0
48,0,0,0
48,0,0,0
48,0,0,0
48,0,0,0
48,0,0,0
48,0,0,0
48,0,0,0
48,0,0,0
48,0,0,0
48,0,0,0
48,0,0,0
48,0,0,0
48,0,0,0
48,2,0,0
48,0,0,0
48,0,0,0
48,0,0,0
48,0,0,0
48,0,0,0
48,0,0,0
48,0,0,0
48,0,0,0
48,0,0,0
48,0,0,0
48,0,0,0
48,0,0,0
48,0,0,0
48,0,0,0
48,0,0,0
48,0,0,0
48,0,0,0
48,0,0,0
48,0,0,0
48,0,0,0
48,0,0,0
48,0,0,0
48,0,0,0
48,0,0,0
48,0,0,0
48,0,0,0
48,0,0,0
48,0,0,0
75,0,0,0
75,0,0,0
75,2,0,0
75,0,0,0
75,0,0,0
75,0,0,0
75,0,0,0
75,0,0,0
75,0,0,0
75,0,0,0
75,0,0,0
75,0,0,0
75,0,0,0
75,0,0,0
75,0,0,0
75,0,0,0
75,0,0,0
75,0,0,0
75,0,0,0
75,0,0,0
75,0,0,0
75,0,0,0
75,0,0,0
75,0,0,0
75,0,0,0
75,0,0,0
75,0,0,0
75,0,0,0
75,0,0,0
75,0,0,0
75,0,0,0
75,0,0,0
75,0,0,0
75,0,0,0
75,2,0,0
75,0,0,0
75,0,0,0
75,0,0,0
75,0,0,0
75,0,0,0
75,0,0,0
75,2,0,0
75,0,0,0
75,0,0,0
75,0,0,0
75,0,0,0
75,0,0,0
75,0,0,0
75,0,0,0
75,0,0,0
75,0,0,0
75,0,0,0
75,0,0,0
75,0,0,0
75,0,0,0
75,0,0,0
75,0,0,0
75,0,0,0
75,0,0,0
75,0,0,0
75,2,0,0
75,0,0,0
75,0,0,0
75,0,0,0
75,0,0,0
75,0,0,0
75,0,0,0
75,0,0,0
75,0,0,0
75,0,0,0
75,0,0,0
75,0,0,0
75,0,0,0
313,0,0,0
313,0,0,0
313,2,0,0
313,2,0,0
313,2,0,0
313,0,0,0
313,0,0,0
313,2,0,0
313,0,0,0
313,0,0,0
313,0,0,0
313,0,0,0
313,2,0,0
313,0,0,0
313,0,0,0
313,0,0,0
313,0,0,0
313,0,0,0
313,0,0,0
313,2,0,0
313,2,0,0
313,0,0,0
313,2,0,0
313,0,0,0
313,2,0,0
313,0,0,0
313,0,0,0
313,0,0,0
313,0,0,0
313,0,0,0
313,0,0,0
313,0,0,0
313,0,0,0
313,0,0,0
313,0,0,0
313,0,0,0
313,0,0,0
313,0,0,0
313,0,0,0
313,0,0,0
313,0,0,0
313,0,0,0
313,0,0,0
313,0,0,0
313,0,0,0
313,0,0,0
313,0,0,0
313,0,0,0
313,0,0,0
313,0,0,0
313,0,0,0
313,3,0,0
313,0,0,0
313,0,0,0
313,0,0,0
313,2,0,0
313,2,0,0
313,2,0,0
313,0,0,0
313,0,0,0
313,0,0,0
313,0,0,0
313,4,5,0
313,2,0,0
313,4,5,0
313,6,16,0
313,2,0,0
313,4,5,0
313,2,0,0
313,6,16,0
313,4,5,0
313,2,0,0
313,0,0,0
313,2,0,0
313,2,0,0
313,0,0,0
313,2,0,0
313,0,0,0
313,2,0,0
313,0,0,0
313,0,0,0
313,0,0,0
313,0,0,0
313,0,0,0
313,2,0,0
313,0,0,0
313,0,0,0
313,0,0,0
313,0,0,0
313,0,0,0
313,0,0,0
313,2,0,0
313,0,0,0
313,0,0,0
313,2,0,0
313,0,0,0
313,0,0,0
313,2,0,0
313,0,0,0
313,0,0,0
313,2,0,0
313,3,0,0
313,2,0,0
313,2,0,0
313,0,0,0
313,2,0,0
313,0,0,0
313,0,0,0
313,0,0,0
313,0,0,0
313,0,0,0
313,0,0,0
313,0,0,0
313,0,0,0
313,0,0,0
313,0,0,0
313,0,0,0
313,0,0,0
313,2,0,0
313,0,0,0
313,0,0,0
313,0,0,0
313,0,0,0
313,0,0,0
313,0,0,0
313,0,0,0
313,0,0,0
313,0,0,0
313,0,0,0
313,0,0,0
313,0,0,0
313,0,0,0
313,0,0,0
313,0,0,0
313,0,0,0
313,0,0,0
313,0,0,0
313,0,0,0
313,0,0,0
313,0,0,0
313,0,0,0
313,0,0,0
313,0,0,0
313,0,0,0
313,0,0,0
313,0,0,0
313,0,0,0
313,0,0,0
313,0,0,0
313,0,0,0
313,0,0,0
313,0,0,0
313,0,0,0
313,0,0,0
313,0,0,0
313,0,0,0
313,0,0,0
313,0,0,0
313,0,0,0
313,0,0,0
313,0,0,0
313,2,0,0
313,0,0,0
313,0,0,0
313,0,0,0
313,0,0,0
313,0,0,0
313,0,0,0
313,0,0,0
313,0,0,0
313,0,0,0
313,0,0,0
313,0,0,0
313,0,0,0
313,0,0,0
313,0,0,0
313,0,0,0
313,2,0,0
313,0,0,0
313,0,0,0
313,0,0,0
313,0,0,0
313,0,0,0
313,0,0,0
313,0,0,0
313,0,0,0
313,2,0,0
313,0,0,0
313,0,0,0
313,0,0,0
313,0,0,0
313,0,0,0
313,2,0,0
313,0,0,0
313,0,0,0
313,0,0,0
313,0,0,0
313,0,0,0
313,0,0,0
313,2,0,0
313,0,0,0
313,0,0,0
313,0,0,0
313,2,0,0
313,0,0,0
313,0,0,0
313,2,0,0
313,0,0,0
313,0,0,0
313,0,0,0
313,0,0,0
313,2,0,0
313,0,0,0
313,0,0,0
313,0,0,0
313,0,0,0
313,0,0,0
313,0,0,0
313,0,0,0
313,0,0,0
313,0,0,0
313,0,0,0
313,0,0,0
313,0,0,0
313,0,0,0
313,0,0,0
313,0,0,0
313,0,0,0
313,0,0,0
313,2,0,0
313,0,0,0
313,0,0,0
313,2,0,0
313,0,0,0
313,0,0,0
313,0,0,0
313,0,0,0
313,2,0,0
313,0,0,0
313,0,0,0
313,0,0,0
313,2,0,0
313,2,0,0
313,0,0,0
313,0,0,0
313,0,0,0
313,0,0,0
313,0,0,0
313,0,0,0
313,0,0,0
313,0,0,0
313,0,0,0
313,0,0,0
313,0,0,0
313,0,0,0
313,0,0,0
313,0,0,0
313,0,0,0
313,0,0,0
313,0,0,0
313,0,0,0
313,0,0,0
313,0,0,0
313,0,0,0
313,0,0,0
313,0,0,0
313,0,0,0
313,4,5,0
313,0,0,0
313,0,0,0
313,0,0,0
313,0,0,0
313,0,0,0
313,0,0,0
313,2,0,0
313,0,0,0
313,0,0,0
313,0,0,0
313,0,0,0
313,0,0,0
313,0,0,0
313,0,0,0
313,0,0,0
313,0,0,0
313,2,0,0
313,0,0,0
313,0,0,0
313,0,0,0
313,0,0,0
313,0,0,0
313,0,0,0
313,0,0,0
313,0,0,0
313,2,0,0
313,0,0,0
313,0,0,0
313,0,0,0
313,0,0,0
313,0,0,0
313,0,0,0
313,0,0,0
313,0,0,0
313,0,0,0
313,4,5,0
313,4,5,0
313,0,0,0
313,0,0,0
313,0,0,0
313,0,0,0
313,0,0,0
313,0,0,0
313,0,0,0
98,0,0,0
98,0,0,0
98,0,0,0
98,0,0,0
98,2,0,0
98,0,0,0
98,2,0,0
98,0,0,0
98,0,0,0
98,0,0,0
98,0,0,0
98,2,0,0
98,0,0,0
98,0,0,0
98,0,0,0
98,0,0,0
98,0,0,0
98,0,0,0
98,0,0,0
98,0,0,0
98,2,0,0
98,2,0,0
98,0,0,0
98,0,0,0
98,0,0,0
98,2,0,0
98,0,0,0
98,0,0,0
98,0,0,0
98,0,0,0
98,0,0,0
98,0,0,0
98,0,0,0
98,0,0,0
98,0,0,0
98,0,0,0
98,0,0,0
98,0,0,0
98,0,0,0
98,0,0,0
98,2,0,0
98,0,0,0
98,0,0,0
98,0,0,0
98,0,0,0
98,0,0,0
98,0,0,0
98,0,0,0
98,0,0,0
98,0,0,0
98,0,0,0
98,0,0,0
98,0,0,0
98,0,0,0
98,0,0,0
98,2,0,0
98,0,0,0
98,0,0,0
98,0,0,0
98,0,0,0
98,0,0,0
98,0,0,0
98,2,0,0
98,0,0,0
98,0,0,0
98,0,0,0
98,0,0,0
98,0,0,0
98,0,0,0
98,0,0,0
98,0,0,0
98,0,0,0
98,0,0,0
98,2,0,0
98,0,0,0
98,0,0,0
98,0,0,0
98,0,0,0
98,0,0,0
98,0,0,0
98,0,0,0
98,0,0,0
98,0,0,0
98,0,0,0
98,0,0,0
98,0,0,0
98,2,0,0
98,0,0,0
98,0,0,0
98,0,0,0
98,0,0,0
98,0,0,0
98,0,0,0
98,0,0,0
98,0,0,0
98,0,0,0
98,2,0,0
13,0,0,0
14,0,0,0
16,0,0,0
17,0,0,0
17,0,0,0
16,0,0,0
14,0,0,0
16,0,0,0
13,0,0,0
14,0,0,0
17,0,0,0
17,0,0,0
17,0,0,0
14,0,0,0
51,0,0,0
14,0,0,0
105,0,0,0
106,0,0,0
55,0,0,0
56,0,0,0
21,0,0,0
14,2,0,0
29,0,0,0
53,0,0,0
14,0,0,0
109,0,0,0
105,2,0,0
92,2,0,0
106,0,0,0
41,0,0,0
96,2,0,0
27,0,0,0
56,0,0,0
39,2,0,0
17,0,0,0
53,0,0,0
48,2,0,0
37,0,0,0
47,0,0,0
277,0,0,0
287,0,0,0
92,0,0,0
106,0,0,0
41,0,0,0
59,0,0,0
16,0,0,0
56,0,0,0
95,0,0,0
17,0,0,0
277,0,0,0
287,0,0,0
46,0,0,0
55,0,0,0
40,0,0,0
59,0,0,0
56,0,0,0
53,0,0,0
106,0,0,0
41,0,0,0
96,0,0,0
55,0,0,0
105,2,0,0
106,0,0,0
96,0,0,0
56,0,0,0
21,2,0,0
39,2,0,0
12,2,0,0
53,0,0,0
6,0,0,0
3,0,0,0
3,0,0,0
92,0,0,0
106,0,0,0
96,0,0,0
39,0,0,0
7,0,0,0
37,0,0,0
40,0,0,0
105,2,0,0
27,0,0,0
92,2,0,0
46,0,0,0
77,0,0,0
56,0,0,0
21,2,0,0
53,0,0,0
37,0,0,0
40,0,0,0
109,0,0,0
105,2,0,0
92,2,0,0
106,0,0,0
41,0,0,0
36,0,0,0
56,0,0,0
53,0,0,0
48,0,0,0
17,0,0,0
16,0,0,0
109,0,0,0
105,0,0,0
106,0,0,0
96,2,0,0
55,0,0,0
59,0,0,0
17,0,0,0
53,0,0,0
164,0,0,0
32,0,0,0
48,2,0,0
18,0,0,0
15,0,0,0
96,0,0,0
36,0,0,0
56,0,0,0
53,0,0,0
37,0,0,0
12,0,0,0
47,0,0,0
40,0,0,0
277,0,0,0
42,0,0,0
109,0,0,0
18,2,0,0
18,3,0,0
18,3,0,0
18,2,0,0
18,3,0,0
14,0,0,0
19,3,0,0
18,2,0,0
40,2,0,0
164,3,0,0
43,2,0,0
18,3,0,0
5,0,0,0
46,0,0,0
13,0,0,0
164,2,0,0
81,0,0,0
32,0,0,0
40,0,0,0
287,0,0,0
164,2,0,0
287,0,0,0
77,0,0,0
164,2,0,0
18,0,0,0
105,0,0,0
106,0,0,0
56,0,0,0
277,0,0,0
49,0,0,0
77,0,0,0
164,2,0,0
81,0,0,0
19,0,0,0
277,0,0,0
287,2,0,0
41,0,0,0
18,2,0,0
44,0,0,0
31,0,0,0
95,0,0,0
277,0,0,0
78,2,0,0
164,3,0,0
96,2,0,0
5,0,0,0
277,0,0,0
287,2,0,0
92,0,0,0
106,0,0,0
27,0,0,0
21,2,0,0
44,2,0,0
19,2,0,0
29,0,0,0
29,2,0,0
53,2,0,0
48,0,0,0
29,2,0,0
17,0,0,0
40,0,0,0
92,0,0,0
106,0,0,0
6,0,0,0
277,0,0,0
42,0,0,0
29,0,0,0
6,0,0,0
109,0,0,0
41,0,0,0
16,0,0,0
164,0,0,0
43,0,0,0
12,0,0,0
40,0,0,0
11,0,0,0
29,0,0,0
78,4,5,0
287,2,0,0
25,4,5,0
41,0,0,0
46,2,0,0
164,2,0,0
96,2,0,0
14,0,0,0
16,0,0,0
16,0,0,0
14,2,0,0
29,2,0,0
9,0,0,0
19,0,0,0
287,0,0,0
164,0,0,0
81,0,0,0
52,0,0,0
10,0,0,0
19,0,0,0
37,0,0,0
37,0,0,0
37,0,0,0
37,0,0,0
37,0,0,0
37,0,0,0
39,0,0,0
37,0,0,0
37,0,0,0
37,0,0,0
37,0,0,0
37,0,0,0
37,0,0,0
37,0,0,0
37,0,0,0
37,0,0,0
37,0,0,0
37,0,0,0
37,0,0,0
37,0,0,0
37,0,0,0
37,0,0,0
37,0,0,0
37,0,0,0
37,0,0,0
37,0,0,0
37,0,0,0
37,0,0,0
37,0,0,0
37,0,0,0
37,0,0,0
37,0,0,0
37,0,0,0
47,0,0,0
47,0,0,0
47,0,0,0
47,0,0,0
47,0,0,0
47,0,0,0
47,0,0,0
47,0,0,0
47,0,0,0
47,0,0,0
47,0,0,0
47,0,0,0
47,2,0,0
47,0,0,0
47,0,0,0
47,0,0,0
47,0,0,0
47,0,0,0
47,0,0,0
47,0,0,0
47,2,0,0
47,0,0,0
47,0,0,0
47,0,0,0
47,0,0,0
47,0,0,0
47,0,0,0
47,0,0,0
47,0,0,0
47,0,0,0
47,0,0,0
47,0,0,0
47,0,0,0
47,0,0,0
47,0,0,0
47,0,0,0
47,0,0,0
47,0,0,0
47,0,0,0
47,0,0,0
47,0,0,0
47,0,0,0
47,0,0,0
47,0,0,0
40,0,0,0
40,0,0,0
40,0,0,0
40,0,0,0
40,0,0,0
40,0,0,0
40,0,0,0
40,0,0,0
40,0,0,0
40,0,0,0
40,0,0,0
40,0,0,0
40,0,0,0
40,0,0,0
40,0,0,0
40,0,0,0
40,2,0,0
40,0,0,0
40,0,0,0
40,0,0,0
40,0,0,0
40,0,0,0
40,0,0,0
40,0,0,0
40,0,0,0
40,0,0,0
40,0,0,0
40,0,0,0
40,0,0,0
40,0,0,0
40,0,0,0
40,0,0,0
40,0,0,0
40,0,0,0
40,2,0,0
277,0,0,0
277,2,0,0
277,0,0,0
277,2,0,0
277,0,0,0
277,0,0,0
277,0,0,0
277,0,0,0
277,0,0,0
277,0,0,0
277,0,0,0
277,2,0,0
277,0,0,0
277,2,0,0
277,0,0,0
277,0,0,0
277,2,0,0
277,0,0,0
277,0,0,0
277,0,0,0
277,0,0,0
277,0,0,0
277,2,0,0
277,0,0,0
277,0,0,0
277,0,0,0
277,0,0,0
277,0,0,0
277,0,0,0
277,0,0,0
277,0,0,0
277,0,0,0
277,0,0,0
277,0,0,0
277,0,0,0
277,0,0,0
277,0,0,0
277,0,0,0
277,0,0,0
277,0,0,0
277,0,0,0
277,4,0,0
277,0,0,0
277,0,0,0
277,0,0,0
277,2,0,0
277,2,0,0
277,2,0,0
277,0,0,0
277,0,0,0
277,6,15,9
277,6,15,9
277,6,15,9
277,6,31,20
277,4,5,0
277,6,15,9
277,4,5,0
277,6,38,20
277,6,37,20
277,4,5,0
277,4,5,0
277,4,5,0
277,2,0,0
277,0,0,0
277,2,0,0
277,0,0,0
277,0,0,0
277,0,0,0
277,0,0,0
277,0,0,0
277,0,0,0
277,0,0,0
277,2,0,0
277,0,0,0
277,0,0,0
277,0,0,0
277,0,0,0
277,0,0,0
277,2,0,0
277,3,0,0
277,0,0,0
277,2,0,0
277,0,0,0
277,0,0,0
277,0,0,0
277,0,0,0
277,0,0,0
277,0,0,0
277,0,0,0
277,0,0,0
277,0,0,0
277,0,0,0
277,0,0,0
277,0,0,0
277,0,0,0
277,0,0,0
277,0,0,0
277,0,0,0
277,0,0,0
277,0,0,0
277,0,0,0
277,0,0,0
277,0,0,0
277,0,0,0
277,0,0,0
277,0,0,0
277,0,0,0
277,0,0,0
277,0,0,0
277,0,0,0
277,0,0,0
277,0,0,0
277,0,0,0
277,0,0,0
277,0,0,0
277,0,0,0
277,0,0,0
277,0,0,0
277,0,0,0
277,0,0,0
277,0,0,0
277,0,0,0
277,0,0,0
277,0,0,0
277,2,0,0
277,0,0,0
277,0,0,0
277,0,0,0
277,0,0,0
277,2,0,0
277,0,0,0
277,0,0,0
277,0,0,0
277,0,0,0
277,0,0,0
277,0,0,0
277,0,0,0
277,2,0,0
277,0,0,0
277,0,0,0
277,0,0,0
277,0,0,0
277,2,0,0
277,0,0,0
277,0,0,0
277,0,0,0
277,0,0,0
277,0,0,0
277,0,0,0
277,0,0,0
277,2,0,0
277,2,0,0
277,4,5,0
277,2,0,0
277,2,0,0
277,0,0,0
277,0,0,0
277,0,0,0
277,0,0,0
277,0,0,0
277,0,0,0
277,0,0,0
277,0,0,0
277,2,0,0
277,0,0,0
277,0,0,0
277,0,0,0
277,2,0,0
277,0,0,0
277,0,0,0
277,0,0,0
277,0,0,0
277,0,0,0
277,0,0,0
277,0,0,0
277,0,0,0
277,0,0,0
277,0,0,0
277,0,0,0
277,0,0,0
277,0,0,0
277,2,0,0
277,0,0,0
277,0,0,0
277,0,0,0
277,0,0,0
277,0,0,0
277,0,0,0
277,0,0,0
277,0,0,0
277,0,0,0
277,0,0,0
277,0,0,0
277,0,0,0
277,0,0,0
277,0,0,0
277,0,0,0
277,0,0,0
277,0,0,0
277,0,0,0
277,0,0,0
277,0,0,0
277,0,0,0
277,0,0,0
277,0,0,0
277,0,0,0
277,0,0,0
277,0,0,0
277,0,0,0
277,0,0,0
277,0,0,0
277,0,0,0
277,0,0,0
277,0,0,0
277,0,0,0
277,0,0,0
277,0,0,0
277,0,0,0
277,2,0,0
277,0,0,0
277,0,0,0
277,0,0,0
277,0,0,0
277,0,0,0
277,0,0,0
277,0,0,0
277,0,0,0
277,0,0,0
277,0,0,0
277,0,0,0
277,0,0,0
277,0,0,0
277,0,0,0
277,0,0,0
277,0,0,0
277,0,0,0
277,0,0,0
277,0,0,0
277,0,0,0
277,0,0,0
277,0,0,0
277,0,0,0
277,0,0,0
277,0,0,0
277,0,0,0
277,0,0,0
277,0,0,0
277,0,0,0
277,0,0,0
277,0,0,0
277,0,0,0
277,0,0,0
277,0,0,0
277,0,0,0
277,0,0,0
277,0,0,0
277,0,0,0
277,0,0,0
277,0,0,0
277,0,0,0
277,0,0,0
277,0,0,0
277,0,0,0
277,0,0,0
277,0,0,0
277,0,0,0
277,0,0,0
42,0,0,0
42,0,0,0
42,0,0,0
42,0,0,0
42,0,0,0
42,0,0,0
42,0,0,0
42,0,0,0
42,0,0,0
42,0,0,0
42,0,0,0
42,0,0,0
42,2,0,0
42,0,0,0
42,2,0,0
42,0,0,0
42,0,0,0
42,0,0,0
42,0,0,0
42,0,0,0
42,0,0,0
42,0,0,0
42,0,0,0
42,0,0,0
42,0,0,0
42,0,0,0
42,0,0,0
42,0,0,0
42,0,0,0
42,0,0,0
42,0,0,0
42,0,0,0
42,0,0,0
42,0,0,0
42,0,0,0
42,0,0,0
42,0,0,0
42,0,0,0
42,0,0,0
42,0,0,0
109,2,0,0
109,0,0,0
109,0,0,0
109,0,0,0
109,2,0,0
109,0,0,0
109,0,0,0
109,0,0,0
109,2,0,0
109,0,0,0
109,4,0,0
109,0,0,0
109,2,0,0
109,3,0,0
109,2,0,0
109,2,0,0
109,3,0,0
109,3,0,0
109,2,0,0
109,2,0,0
109,0,0,0
109,2,0,0
109,0,0,0
109,3,0,0
109,0,0,0
109,3,0,0
109,2,0,0
109,2,0,0
109,0,0,0
109,0,0,0
109,3,0,0
109,2,0,0
109,2,0,0
109,0,0,0
109,2,0,0
109,2,0,0
109,0,0,0
109,3,0,0
109,3,0,0
109,0,0,0
109,0,0,0
109,0,0,0
109,4,0,0
109,3,0,0
109,0,0,0
109,0,0,0
109,0,0,0
109,0,0,0
109,3,0,0
109,2,0,0
109,3,0,0
109,0,0,0
109,0,0,0
109,2,0,0
109,0,0,0
109,4,0,0
109,2,0,0
109,0,0,0
109,0,0,0
109,0,0,0
109,2,0,0
109,2,0,0
109,2,0,0
109,0,0,0
109,2,0,0
109,4,0,0
109,2,0,0
109,3,0,0
109,3,0,0
109,2,0,0
109,0,0,0
109,2,0,0
287,4,0,0
109,3,0,0
109,2,0,0
109,3,0,0
109,0,0,0
109,2,0,0
109,2,0,0
109,2,0,0
109,0,0,0
109,2,0,0
109,0,0,0
109,0,0,0
109,2,0,0
109,0,0,0
109,3,0,0
109,4,0,0
109,0,0,0
109,4,0,0
109,0,0,0
109,0,0,0
109,0,0,0
109,2,0,0
109,2,0,0
109,3,0,0
109,0,0,0
109,2,0,0
109,3,0,0
109,2,0,0
109,2,0,0
109,2,0,0
109,3,0,0
109,2,0,0
14,0,0,0
12,0,0,0
12,0,0,0
12,0,0,0
13,0,0,0
12,0,0,0
12,0,0,0
12,0,0,0
12,0,0,0
12,0,0,0
105,2,0,0
105,2,0,0
105,2,0,0
105,0,0,0
105,2,0,0
105,2,0,0
105,2,0,0
105,2,0,0
105,2,0,0
105,2,0,0
105,0,0,0
105,2,0,0
105,0,0,0
105,0,0,0
105,0,0,0
105,0,0,0
105,2,0,0
105,0,0,0
105,0,0,0
105,2,0,0
105,0,0,0
105,0,0,0
105,0,0,0
105,2,0,0
105,0,0,0
105,0,0,0
105,0,0,0
105,2,0,0
105,2,0,0
105,2,0,0
105,2,0,0
105,2,0,0
105,2,0,0
105,2,0,0
105,0,0,0
105,0,0,0
105,0,0,0
105,0,0,0
105,0,0,0
105,0,0,0
105,0,0,0
105,0,0,0
105,0,0,0
105,0,0,0
105,0,0,0
105,0,0,0
105,0,0,0
105,0,0,0
105,0,0,0
105,0,0,0
105,0,0,0
105,0,0,0
105,0,0,0
105,0,0,0
105,0,0,0
105,0,0,0
105,0,0,0
105,0,0,0
105,0,0,0
105,0,0,0
105,0,0,0
105,2,0,0
105,0,0,0
105,0,0,0
105,0,0,0
105,0,0,0
105,0,0,0
105,0,0,0
105,0,0,0
105,0,0,0
105,0,0,0
105,0,0,0
105,0,0,0
105,0,0,0
105,0,0,0
105,0,0,0
105,0,0,0
105,0,0,0
105,0,0,0
105,0,0,0
105,0,0,0
105,0,0,0
105,0,0,0
105,0,0,0
105,0,0,0
105,0,0,0
105,0,0,0
105,0,0,0
105,0,0,0
105,0,0,0
105,0,0,0
105,0,0,0
105,0,0,0
105,0,0,0
105,0,0,0
105,0,0,0
105,0,0,0
287,2,0,0
92,0,0,0
106,0,0,0
46,0,0,0
41,0,0,0
96,0,0,0
55,0,0,0
36,0,0,0
40,0,0,0
32,2,0,0
59,0,0,0
46,0,0,0
96,2,0,0
36,0,0,0
59,0,0,0
49,0,0,0
39,2,0,0
18,0,0,0
48,2,0,0
12,0,0,0
106,0,0,0
48,0,0,0
78,2,0,0
27,0,0,0
164,2,0,0
96,2,0,0
92,2,0,0
106,0,0,0
55,0,0,0
59,0,0,0
49,0,0,0
16,0,0,0
39,2,0,0
95,0,0,0
15,0,0,0
14,0,0,0
46,0,0,0
34,0,0,0
95,0,0,0
10,0,0,0
10,0,0,0
106,0,0,0
12,0,0,0
44,0,0,0
39,0,0,0
12,0,0,0
12,0,0,0
12,0,0,0
12,0,0,0
12,0,0,0
12,0,0,0
12,0,0,0
78,3,0,0
78,3,0,0
78,4,0,0
78,3,0,0
78,2,0,0
78,2,0,0
78,3,0,0
78,4,0,0
78,3,0,0
78,4,5,0
78,2,0,0
78,4,0,0
78,2,0,0
78,3,0,0
78,3,0,0
78,3,0,0
78,4,0,0
78,4,0,0
78,4,0,0
78,2,0,0
78,3,0,0
78,2,0,0
78,3,0,0
78,2,0,0
78,2,0,0
78,4,6,0
78,2,0,0
78,0,0,0
81,4,0,0
78,2,0,0
78,4,5,0
78,2,0,0
78,3,0,0
78,2,0,0
78,0,0,0
78,2,0,0
78,0,0,0
78,3,0,0
78,2,0,0
78,2,0,0
78,0,0,0
78,0,0,0
78,3,0,0
78,3,0,0
78,0,0,0
78,4,0,0
78,2,0,0
78,2,0,0
78,2,0,0
78,0,0,0
78,0,0,0
78,4,0,0
78,2,0,0
78,0,0,0
78,2,0,0
78,2,0,0
78,0,0,0
78,0,0,0
78,2,0,0
78,0,0,0
78,0,0,0
79,2,0,0
78,0,0,0
78,2,0,0
78,0,0,0
78,2,0,0
78,2,0,0
78,0,0,0
78,0,0,0
78,0,0,0
78,0,0,0
78,0,0,0
92,2,0,0
96,2,0,0
27,0,0,0
49,0,0,0
77,0,0,0
32,0,0,0
48,2,0,0
46,0,0,0
51,0,0,0
34,0,0,0
25,2,0,0
49,0,0,0
41,0,0,0
287,3,0,0
92,0,0,0
106,0,0,0
59,0,0,0
27,0,0,0
21,3,0,0
32,0,0,0
14,0,0,0
15,0,0,0
13,0,0,0
287,2,0,0
46,0,0,0
55,0,0,0
40,0,0,0
32,0,0,0
41,0,0,0
46,0,0,0
40,0,0,0
46,0,0,0
40,0,0,0
32,2,0,0
49,0,0,0
41,0,0,0
29,0,0,0
287,2,0,0
41,0,0,0
29,0,0,0
287,2,0,0
12,0,0,0
11,0,0,0
11,0,0,0
11,0,0,0
15,0,0,0
18,0,0,0
287,2,0,0
27,0,0,0
27,0,0,0
27,0,0,0
27,0,0,0
27,2,0,0
27,0,0,0
27,0,0,0
27,0,0,0
27,0,0,0
27,2,0,0
27,2,0,0
27,0,0,0
27,0,0,0
27,2,0,0
27,0,0,0
27,2,0,0
27,2,0,0
27,0,0,0
27,0,0,0
27,0,0,0
27,2,0,0
27,2,0,0
27,0,0,0
27,0,0,0
27,0,0,0
287,2,0,0
92,0,0,0
106,0,0,0
46,0,0,0
41,0,0,0
40,0,0,0
18,0,0,0
27,0,0,0
287,2,0,0
106,0,0,0
55,0,0,0
32,2,0,0
40,0,0,0
15,0,0,0
14,0,0,0
14,0,0,0
287,2,0,0
40,0,0,0
49,0,0,0
16,0,0,0
77,0,0,0
164,2,0,0
81,2,0,0
96,2,0,0
29,0,0,0
92,0,0,0
96,0,0,0
287,2,0,0
40,2,0,0
32,2,0,0
53,0,0,0
44,0,0,0
164,2,0,0
81,2,0,0
79,2,0,0
287,2,0,0
46,0,0,0
55,2,0,0
32,2,0,0
77,0,0,0
81,0,0,0
31,2,0,0
287,2,0,0
46,0,0,0
92,0,0,0
96,0,0,0
32,0,0,0
92,2,0,0
106,0,0,0
46,0,0,0
41,0,0,0
96,0,0,0
32,0,0,0
12,0,0,0
287,2,0,0
92,2,0,0
36,0,0,0
41,0,0,0
56,0,0,0
44,0,0,0
39,3,0,0
29,0,0,0
16,0,0,0
46,0,0,0
25,2,0,0
43,0,0,0
29,2,0,0
53,0,0,0
29,2,0,0
92,2,0,0
106,0,0,0
96,0,0,0
36,0,0,0
18,0,0,0
53,0,0,0
56,0,0,0
96,0,0,0
53,0,0,0
18,0,0,0
18,0,0,0
18,0,0,0
96,0,0,0
53,0,0,0
96,0,0,0
7,0,0,0
46,0,0,0
44,0,0,0
18,0,0,0
9,0,0,0
11,0,0,0
287,2,0,0
41,0,0,0
22,2,0,0
21,2,0,0
21,2,0,0
21,2,0,0
29,2,0,0
21,2,0,0
164,2,0,0
21,0,0,0
96,2,0,0
37,2,0,0
21,0,0,0
21,0,0,0
21,0,0,0
21,0,0,0
21,0,0,0
21,0,0,0
6,0,0,0
287,2,0,0
11,0,0,0
77,0,0,0
53,0,0,0
44,0,0,0
164,0,0,0
81,2,0,0
52,0,0,0
19,0,0,0
92,0,0,0
106,0,0,0
106,0,0,0
92,0,0,0
106,0,0,0
287,4,0,0
46,0,0,0
40,0,0,0
59,0,0,0
25,4,0,0
41,0,0,0
77,0,0,0
96,0,0,0
40,0,0,0
29,0,0,0
52,0,0,0
287,2,0,0
106,0,0,0
32,2,0,0
13,2,0,0
164,0,0,0
11,0,0,0
106,0,0,0
55,0,0,0
92,2,0,0
106,0,0,0
41,0,0,0
96,0,0,0
36,0,0,0
59,0,0,0
27,0,0,0
56,0,0,0
25,0,0,0
17,0,0,0
53,0,0,0
27,0,0,0
17,0,0,0
92,2,0,0
106,0,0,0
41,0,0,0
96,0,0,0
56,0,0,0
39,2,0,0
287,2,0,0
46,0,0,0
27,0,0,0
41,0,0,0
287,2,0,0
53,0,0,0
287,2,0,0
81,0,0,0
9,0,0,0
9,0,0,0
9,0,0,0
41,0,0,0
27,0,0,0
2,0,0,0
287,2,0,0
92,0,0,0
41,0,0,0
164,0,0,0
287,4,0,0
46,0,0,0
40,0,0,0
32,2,0,0
25,4,5,0
46,2,0,0
44,0,0,0
29,0,0,0
40,0,0,0
19,0,0,0
287,2,0,0
92,0,0,0
48,0,0,0
55,0,0,0
92,0,0,0
27,0,0,0
92,0,0,0
10,0,0,0
12,0,0,0
10,0,0,0
36,0,0,0
27,0,0,0
53,0,0,0
13,0,0,0
164,2,0,0
43,2,0,0
13,0,0,0
12,0,0,0
287,3,0,0
32,2,0,0
25,3,0,0
41,0,0,0
77,0,0,0
164,2,0,0
81,0,0,0
96,2,0,0
40,0,0,0
31,2,0,0
52,0,0,0
18,0,0,0
29,0,0,0
18,0,0,0
92,0,0,0
106,0,0,0
59,0,0,0
287,2,0,0
287,2,0,0
41,0,0,0
77,0,0,0
164,2,0,0
81,2,0,0
96,2,0,0
15,0,0,0
287,2,0,0
287,2,0,0
95,0,0,0
287,2,0,0
44,0,0,0
287,2,0,0
92,0,0,0
29,0,0,0
12,0,0,0
12,0,0,0
92,0,0,0
106,0,0,0
287,2,0,0
7,0,0,0
287,2,0,0
287,2,0,0
287,2,0,0
287,2,0,0
287,2,0,0
287,2,0,0
287,2,0,0
287,4,0,0
287,2,0,0
287,2,0,0
287,2,0,0
287,2,0,0
287,2,0,0
287,2,0,0
287,2,0,0
287,0,0,0
287,0,0,0
287,4,0,0
287,0,0,0
287,0,0,0
287,2,0,0
287,2,0,0
287,0,0,0
287,2,0,0
287,0,0,0
287,2,0,0
287,4,5,0
287,4,5,0
287,4,5,0
287,4,5,0
287,5,20,0
287,4,5,0
287,5,20,0
287,4,5,0
287,4,5,0
287,4,5,0
287,2,0,0
287,0,0,0
287,0,0,0
287,0,0,0
287,0,0,0
287,0,0,0
287,0,0,0
287,0,0,0
287,0,0,0
287,0,0,0
287,0,0,0
287,0,0,0
287,2,0,0
287,0,0,0
287,0,0,0
287,0,0,0
287,2,0,0
287,0,0,0
287,0,0,0
287,0,0,0
287,0,0,0
287,0,0,0
287,0,0,0
287,0,0,0
287,0,0,0
287,0,0,0
287,0,0,0
287,0,0,0
287,0,0,0
287,0,0,0
287,0,0,0
287,0,0,0
287,0,0,0
287,0,0,0
287,0,0,0
287,0,0,0
287,0,0,0
287,0,0,0
287,0,0,0
287,0,0,0
287,0,0,0
287,0,0,0
287,0,0,0
287,0,0,0
287,0,0,0
287,0,0,0
287,0,0,0
287,0,0,0
287,0,0,0
287,0,0,0
287,0,0,0
287,0,0,0
287,0,0,0
287,0,0,0
287,0,0,0
287,0,0,0
287,0,0,0
287,0,0,0
287,0,0,0
287,0,0,0
287,0,0,0
287,2,0,0
287,0,0,0
287,0,0,0
287,2,0,0
287,0,0,0
287,0,0,0
287,0,0,0
287,0,0,0
287,0,0,0
287,0,0,0
287,0,0,0
287,0,0,0
287,0,0,0
287,2,0,0
287,2,0,0
287,0,0,0
287,0,0,0
287,0,0,0
287,0,0,0
287,2,0,0
287,0,0,0
287,0,0,0
287,0,0,0
287,0,0,0
287,0,0,0
287,0,0,0
287,0,0,0
287,0,0,0
287,0,0,0
287,0,0,0
287,0,0,0
287,0,0,0
287,0,0,0
287,0,0,0
287,0,0,0
287,0,0,0
287,0,0,0
287,0,0,0
287,0,0,0
287,0,0,0
287,0,0,0
287,0,0,0
287,0,0,0
287,0,0,0
287,2,0,0
287,2,0,0
287,0,0,0
287,0,0,0
287,0,0,0
287,0,0,0
287,0,0,0
287,0,0,0
287,0,0,0
287,2,0,0
287,2,0,0
287,0,0,0
287,0,0,0
287,0,0,0
287,0,0,0
287,0,0,0
287,0,0,0
287,0,0,0
287,0,0,0
287,0,0,0
287,0,0,0
287,0,0,0
287,0,0,0
287,0,0,0
287,0,0,0
287,0,0,0
287,0,0,0
287,0,0,0
287,0,0,0
287,0,0,0
287,0,0,0
287,0,0,0
287,0,0,0
287,2,0,0
287,0,0,0
287,0,0,0
287,0,0,0
287,0,0,0
287,0,0,0
287,0,0,0
287,0,0,0
287,0,0,0
287,0,0,0
287,0,0,0
287,0,0,0
287,0,0,0
287,0,0,0
287,0,0,0
287,0,0,0
287,0,0,0
287,0,0,0
287,0,0,0
287,0,0,0
287,0,0,0
287,0,0,0
287,0,0,0
287,0,0,0
287,0,0,0
287,2,0,0
287,0,0,0
287,0,0,0
287,0,0,0
287,0,0,0
287,0,0,0
287,0,0,0
287,0,0,0
287,0,0,0
287,0,0,0
287,0,0,0
287,0,0,0
287,0,0,0
287,0,0,0
287,0,0,0
287,0,0,0
287,0,0,0
287,0,0,0
287,0,0,0
287,0,0,0
287,0,0,0
287,0,0,0
287,0,0,0
287,0,0,0
287,0,0,0
287,0,0,0
287,0,0,0
287,0,0,0
287,0,0,0
287,0,0,0
287,0,0,0
287,0,0,0
287,0,0,0
287,0,0,0
287,0,0,0
287,0,0,0
287,0,0,0
287,0,0,0
287,0,0,0
287,0,0,0
287,0,0,0
287,0,0,0
287,0,0,0
287,0,0,0
287,0,0,0
287,0,0,0
287,0,0,0
287,0,0,0
287,0,0,0
77,0,0,0
164,0,0,0
59,0,0,0
41,0,0,0
46,0,0,0
16,0,0,0
43,0,0,0
13,0,0,0
32,2,0,0
164,0,0,0
92,0,0,0
96,2,0,0
29,0,0,0
48,2,0,0
24,0,0,0
12,0,0,0
46,0,0,0
40,0,0,0
53,0,0,0
95,0,0,0
42,0,0,0
79,0,0,0
12,0,0,0
46,0,0,0
55,0,0,0
164,0,0,0
92,2,0,0
106,0,0,0
46,0,0,0
96,4,5,0
46,0,0,0
44,0,0,0
39,0,0,0
48,4,5,0
15,4,5,0
106,0,0,0
96,2,0,0
59,0,0,0
48,2,0,0
77,0,0,0
32,0,0,0
5,0,0,0
40,0,0,0
41,0,0,0
44,0,0,0
96,0,0,0
27,0,0,0
53,0,0,0
81,2,0,0
18,0,0,0
46,0,0,0
25,4,0,0
77,0,0,0
164,0,0,0
29,0,0,0
40,0,0,0
52,0,0,0
19,0,0,0
15,0,0,0
15,0,0,0
27,0,0,0
77,0,0,0
10,0,0,0
55,0,0,0
53,0,0,0
164,2,0,0
95,2,0,0
18,2,0,0
48,4,5,0
32,4,5,0
27,0,0,0
11,0,0,0
96,0,0,0
32,2,0,0
34,2,0,0
56,0,0,0
29,0,0,0
16,0,0,0
43,0,0,0
29,0,0,0
14,0,0,0
77,0,0,0
164,0,0,0
29,0,0,0
22,0,0,0
14,0,0,0
14,0,0,0
14,0,0,0
14,0,0,0
14,0,0,0
53,0,0,0
164,0,0,0
46,0,0,0
39,0,0,0
164,2,0,0
95,2,0,0
52,0,0,0
79,0,0,0
40,0,0,0
164,0,0,0
77,0,0,0
96,0,0,0
52,0,0,0
81,0,0,0
92,0,0,0
92,0,0,0
92,0,0,0
92,0,0,0
92,2,0,0
92,0,0,0
92,0,0,0
92,0,0,0
92,0,0,0
92,2,0,0
92,0,0,0
92,0,0,0
92,0,0,0
92,0,0,0
92,0,0,0
92,0,0,0
92,0,0,0
92,2,0,0
92,0,0,0
92,0,0,0
92,0,0,0
92,0,0,0
92,0,0,0
92,2,0,0
92,0,0,0
92,0,0,0
92,0,0,0
92,0,0,0
92,2,0,0
92,0,0,0
92,0,0,0
92,0,0,0
92,0,0,0
92,0,0,0
92,0,0,0
92,0,0,0
92,2,0,0
92,0,0,0
92,0,0,0
92,0,0,0
92,0,0,0
92,0,0,0
92,0,0,0
92,0,0,0
92,0,0,0
92,0,0,0
92,0,0,0
92,0,0,0
92,0,0,0
92,0,0,0
92,0,0,0
92,0,0,0
92,0,0,0
92,0,0,0
92,0,0,0
92,0,0,0
92,2,0,0
92,2,0,0
92,0,0,0
92,0,0,0
92,2,0,0
106,0,0,0
106,2,0,0
106,0,0,0
106,2,0,0
106,0,0,0
106,0,0,0
106,0,0,0
106,0,0,0
106,0,0,0
106,0,0,0
106,0,0,0
106,0,0,0
106,0,0,0
106,0,0,0
106,0,0,0
106,0,0,0
106,0,0,0
106,0,0,0
106,0,0,0
106,0,0,0
106,0,0,0
106,0,0,0
106,0,0,0
106,0,0,0
106,0,0,0
106,0,0,0
106,0,0,0
106,0,0,0
106,0,0,0
106,0,0,0
106,0,0,0
106,0,0,0
106,0,0,0
106,0,0,0
106,0,0,0
106,0,0,0
106,0,0,0
106,0,0,0
106,0,0,0
106,0,0,0
106,0,0,0
106,0,0,0
106,0,0,0
106,0,0,0
106,0,0,0
106,0,0,0
106,0,0,0
106,0,0,0
106,0,0,0
106,0,0,0
106,0,0,0
106,0,0,0
106,0,0,0
106,0,0,0
106,0,0,0
106,0,0,0
106,0,0,0
106,0,0,0
106,0,0,0
106,0,0,0
106,0,0,0
106,0,0,0
106,0,0,0
106,0,0,0
106,0,0,0
106,0,0,0
106,0,0,0
106,0,0,0
106,0,0,0
106,0,0,0
106,0,0,0
106,0,0,0
106,0,0,0
106,0,0,0
46,0,0,0
46,0,0,0
46,0,0,0
46,0,0,0
46,0,0,0
46,0,0,0
46,0,0,0
46,0,0,0
46,0,0,0
46,0,0,0
46,0,0,0
46,0,0,0
46,0,0,0
46,0,0,0
46,0,0,0
46,0,0,0
46,0,0,0
46,0,0,0
46,0,0,0
46,0,0,0
46,0,0,0
46,0,0,0
46,0,0,0
46,0,0,0
46,0,0,0
46,0,0,0
41,0,0,0
41,0,0,0
41,0,0,0
41,0,0,0
41,2,0,0
41,0,0,0
41,0,0,0
41,0,0,0
41,0,0,0
41,0,0,0
41,0,0,0
41,0,0,0
41,0,0,0
41,0,0,0
41,0,0,0
41,0,0,0
41,0,0,0
41,0,0,0
41,0,0,0
41,0,0,0
41,0,0,0
41,0,0,0
41,0,0,0
41,0,0,0
41,0,0,0
41,0,0,0
41,0,0,0
41,0,0,0
41,0,0,0
41,0,0,0
41,0,0,0
96,0,0,0
96,0,0,0
96,0,0,0
96,0,0,0
96,0,0,0
96,0,0,0
96,2,0,0
96,2,0,0
96,0,0,0
96,0,0,0
96,0,0,0
96,0,0,0
96,2,0,0
96,2,0,0
96,0,0,0
96,2,0,0
96,0,0,0
96,0,0,0
96,2,0,0
96,0,0,0
96,0,0,0
96,2,0,0
96,2,0,0
96,2,0,0
96,0,0,0
96,0,0,0
96,0,0,0
96,2,0,0
96,4,5,0
96,0,0,0
96,0,0,0
96,0,0,0
96,0,0,0
96,0,0,0
96,0,0,0
96,2,0,0
96,0,0,0
96,0,0,0
96,0,0,0
96,0,0,0
96,2,0,0
96,0,0,0
96,0,0,0
96,0,0,0
96,0,0,0
96,0,0,0
96,0,0,0
96,0,0,0
96,0,0,0
96,4,5,0
96,0,0,0
96,0,0,0
96,0,0,0
96,0,0,0
96,0,0,0
96,0,0,0
96,0,0,0
96,0,0,0
96,0,0,0
96,0,0,0
96,0,0,0
96,0,0,0
96,0,0,0
96,0,0,0
96,0,0,0
96,0,0,0
96,0,0,0
96,0,0,0
96,0,0,0
96,0,0,0
96,0,0,0
96,0,0,0
96,0,0,0
96,0,0,0
55,0,0,0
55,0,0,0
55,0,0,0
55,0,0,0
55,0,0,0
55,0,0,0
55,0,0,0
55,0,0,0
55,0,0,0
55,0,0,0
55,0,0,0
55,0,0,0
55,0,0,0
55,0,0,0
55,0,0,0
55,0,0,0
55,0,0,0
55,0,0,0
55,0,0,0
55,0,0,0
55,2,0,0
55,0,0,0
55,0,0,0
55,0,0,0
55,0,0,0
55,0,0,0
55,2,0,0
55,2,0,0
55,0,0,0
55,0,0,0
55,0,0,0
55,0,0,0
55,0,0,0
55,2,0,0
55,0,0,0
55,0,0,0
55,0,0,0
55,0,0,0
55,0,0,0
55,0,0,0
55,0,0,0
55,0,0,0
55,0,0,0
36,0,0,0
36,0,0,0
36,0,0,0
36,0,0,0
36,0,0,0
36,0,0,0
36,0,0,0
36,0,0,0
36,0,0,0
36,0,0,0
36,0,0,0
36,0,0,0
36,0,0,0
36,0,0,0
36,0,0,0
36,0,0,0
36,0,0,0
36,0,0,0
36,0,0,0
36,0,0,0
36,0,0,0
36,0,0,0
36,0,0,0
36,0,0,0
36,0,0,0
36,0,0,0
36,0,0,0
36,0,0,0
36,0,0,0
40,0,0,0
40,0,0,0
40,0,0,0
40,0,0,0
40,0,0,0
40,0,0,0
40,0,0,0
40,0,0,0
40,2,0,0
40,0,0,0
40,0,0,0
40,0,0,0
40,0,0,0
40,0,0,0
40,0,0,0
40,2,0,0
40,0,0,0
40,0,0,0
40,0,0,0
40,0,0,0
40,0,0,0
40,0,0,0
40,0,0,0
40,0,0,0
40,0,0,0
40,0,0,0
40,0,0,0
40,0,0,0
40,0,0,0
32,2,0,0
48,2,0,0
32,2,0,0
32,2,0,0
32,0,0,0
32,4,5,0
32,4,5,0
32,2,0,0
32,2,0,0
32,2,0,0
32,2,0,0
32,2,0,0
32,2,0,0
32,2,0,0
32,2,0,0
32,0,0,0
32,0,0,0
32,0,0,0
32,0,0,0
59,2,0,0
59,2,0,0
59,0,0,0
59,0,0,0
59,0,0,0
59,0,0,0
59,0,0,0
59,0,0,0
59,2,0,0
59,0,0,0
59,0,0,0
59,0,0,0
59,0,0,0
59,0,0,0
59,0,0,0
59,0,0,0
59,0,0,0
59,0,0,0
59,0,0,0
59,0,0,0
59,0,0,0
59,2,0,0
59,0,0,0
59,0,0,0
59,0,0,0
59,0,0,0
59,0,0,0
59,0,0,0
59,0,0,0
59,0,0,0
59,0,0,0
59,2,0,0
59,0,0,0
59,0,0,0
59,0,0,0
59,2,0,0
59,0,0,0
59,0,0,0
59,0,0,0
59,0,0,0
59,0,0,0
59,0,0,0
59,0,0,0
59,0,0,0
59,0,0,0
59,0,0,0
59,0,0,0
59,0,0,0
9,0,0,0
39,0,0,0
51,0,0,0
34,0,0,0
164,0,0,0
9,0,0,0
51,0,0,0
51,0,0,0
51,0,0,0
34,0,0,0
51,0,0,0
51,0,0,0
51,0,0,0
34,0,0,0
51,0,0,0
34,0,0,0
29,0,0,0
51,0,0,0
34,0,0,0
51,0,0,0
51,0,0,0
34,0,0,0
51,0,0,0
34,0,0,0
51,0,0,0
34,0,0,0
14,0,0,0
51,0,0,0
164,0,0,0
51,0,0,0
34,0,0,0
7,0,0,0
51,0,0,0
51,0,0,0
34,0,0,0
51,0,0,0
51,0,0,0
14,0,0,0
14,0,0,0
29,0,0,0
43,0,0,0
14,2,0,0
79,2,0,0
14,0,0,0
14,0,0,0
14,0,0,0
14,0,0,0
14,0,0,0
14,0,0,0
14,0,0,0
51,0,0,0
14,2,0,0
79,2,0,0
10,0,0,0
9,0,0,0
9,0,0,0
9,0,0,0
9,0,0,0
51,0,0,0
51,0,0,0
51,0,0,0
22,0,0,0
6,0,0,0
6,0,0,0
6,0,0,0
6,0,0,0
51,0,0,0
34,0,0,0
51,0,0,0
51,0,0,0
11,0,0,0
56,0,0,0
43,0,0,0
9,0,0,0
29,0,0,0
79,0,0,0
9,0,0,0
9,0,0,0
34,0,0,0
34,2,0,0
12,2,0,0
4,0,0,0
79,0,0,0
4,0,0,0
51,0,0,0
34,0,0,0
10,0,0,0
6,0,0,0
51,0,0,0
51,0,0,0
34,2,0,0
15,0,0,0
15,0,0,0
32,2,0,0
15,2,0,0
15,0,0,0
15,0,0,0
15,0,0,0
15,0,0,0
15,0,0,0
15,0,0,0
34,2,0,0
10,0,0,0
5,0,0,0
34,0,0,0
51,0,0,0
41,0,0,0
44,0,0,0
39,0,0,0
29,0,0,0
164,0,0,0
52,0,0,0
16,0,0,0
37,0,0,0
42,0,0,0
79,2,0,0
16,0,0,0
19,0,0,0
29,0,0,0
51,0,0,0
42,0,0,0
34,0,0,0
29,0,0,0
16,0,0,0
13,0,0,0
51,0,0,0
51,0,0,0
51,0,0,0
42,0,0,0
51,0,0,0
49,0,0,0
81,2,0,0
95,0,0,0
42,0,0,0
34,0,0,0
19,2,0,0
13,2,0,0
10,0,0,0
29,0,0,0
43,0,0,0
14,2,0,0
79,2,0,0
10,0,0,0
9,0,0,0
34,0,0,0
9,0,0,0
51,0,0,0
49,0,0,0
15,0,0,0
53,2,0,0
15,2,0,0
15,0,0,0
48,0,0,0
18,0,0,0
15,0,0,0
18,0,0,0
15,0,0,0
15,0,0,0
15,0,0,0
41,0,0,0
40,0,0,0
95,0,0,0
11,0,0,0
34,0,0,0
51,0,0,0
24,0,0,0
10,0,0,0
9,0,0,0
9,0,0,0
7,0,0,0
51,0,0,0
39,0,0,0
95,0,0,0
37,0,0,0
79,0,0,0
40,0,0,0
27,0,0,0
27,0,0,0
27,0,0,0
27,0,0,0
27,0,0,0
27,0,0,0
27,0,0,0
27,0,0,0
27,0,0,0
27,0,0,0
27,0,0,0
51,0,0,0
10,0,0,0
40,0,0,0
16,2,0,0
9,0,0,0
7,0,0,0
7,0,0,0
51,0,0,0
51,0,0,0
51,0,0,0
51,0,0,0
51,0,0,0
51,0,0,0
51,0,0,0
51,0,0,0
51,0,0,0
51,0,0,0
51,0,0,0
34,0,0,0
34,0,0,0
34,0,0,0
34,0,0,0
34,2,0,0
34,0,0,0
34,0,0,0
34,0,0,0
24,0,0,0
25,4,5,0
25,4,0,0
25,3,0,0
24,0,0,0
24,0,0,0
24,0,0,0
24,0,0,0
49,0,0,0
49,0,0,0
49,0,0,0
49,0,0,0
49,0,0,0
49,0,0,0
49,0,0,0
49,0,0,0
49,0,0,0
49,0,0,0
49,0,0,0
49,0,0,0
49,0,0,0
49,0,0,0
49,0,0,0
49,0,0,0
49,0,0,0
49,0,0,0
49,0,0,0
49,0,0,0
49,0,0,0
49,0,0,0
49,0,0,0
49,0,0,0
49,0,0,0
49,0,0,0
49,0,0,0
49,0,0,0
49,0,0,0
49,0,0,0
49,0,0,0
49,0,0,0
49,0,0,0
49,0,0,0
49,0,0,0
49,0,0,0
49,0,0,0
49,0,0,0
49,0,0,0
49,0,0,0
49,0,0,0
41,0,0,0
41,0,0,0
41,0,0,0
41,0,0,0
41,0,0,0
41,0,0,0
41,0,0,0
41,0,0,0
41,0,0,0
41,0,0,0
41,0,0,0
41,0,0,0
41,0,0,0
41,0,0,0
41,0,0,0
41,0,0,0
41,0,0,0
41,0,0,0
41,0,0,0
41,0,0,0
41,0,0,0
41,0,0,0
41,0,0,0
11,0,0,0
11,0,0,0
11,0,0,0
13,0,0,0
11,0,0,0
11,0,0,0
11,0,0,0
13,0,0,0
12,0,0,0
1,0,0,0
46,0,0,0
44,0,0,0
95,0,0,0
22,0,0,0
164,0,0,0
52,0,0,0
14,0,0,0
29,0,0,0
77,0,0,0
164,0,0,0
81,0,0,0
52,0,0,0
1,0,0,0
22,0,0,0
22,0,0,0
46,2,0,0
22,2,0,0
22,2,0,0
22,2,0,0
22,2,0,0
22,2,0,0
22,0,0,0
22,0,0,0
22,2,0,0
22,0,0,0
22,0,0,0
22,0,0,0
53,0,0,0
77,0,0,0
22,0,0,0
14,0,0,0
16,0,0,0
13,0,0,0
14,0,0,0
46,2,0,0
46,0,0,0
46,0,0,0
46,0,0,0
46,0,0,0
46,0,0,0
46,0,0,0
46,0,0,0
46,0,0,0
46,2,0,0
46,0,0,0
46,0,0,0
46,0,0,0
46,0,0,0
46,2,0,0
46,0,0,0
46,0,0,0
46,0,0,0
46,0,0,0
46,0,0,0
46,0,0,0
46,0,0,0
46,0,0,0
46,0,0,0
46,0,0,0
46,0,0,0
46,0,0,0
46,0,0,0
46,0,0,0
46,0,0,0
46,0,0,0
46,0,0,0
46,0,0,0
46,0,0,0
46,0,0,0
46,0,0,0
46,0,0,0
8,0,0,0
7,0,0,0
13,0,0,0
13,0,0,0
13,0,0,0
13,0,0,0
13,0,0,0
13,0,0,0
12,0,0,0
39,0,0,0
39,0,0,0
164,2,0,0
81,0,0,0
96,2,0,0
95,2,0,0
79,0,0,0
40,0,0,0
14,0,0,0
13,0,0,0
14,0,0,0
11,0,0,0
11,0,0,0
11,2,0,0
11,0,0,0
11,0,0,0
11,2,0,0
11,0,0,0
11,0,0,0
11,0,0,0
11,2,0,0
11,4,5,0
11,4,5,0
53,4,5,0
11,2,0,0
11,2,0,0
11,2,0,0
11,0,0,0
53,2,0,0
53,0,0,0
53,0,0,0
53,0,0,0
53,0,0,0
53,0,0,0
53,0,0,0
53,0,0,0
53,0,0,0
53,0,0,0
53,0,0,0
53,0,0,0
53,0,0,0
53,0,0,0
53,0,0,0
53,0,0,0
53,0,0,0
53,0,0,0
53,0,0,0
53,2,0,0
53,0,0,0
53,0,0,0
53,0,0,0
53,0,0,0
53,0,0,0
53,0,0,0
53,0,0,0
53,0,0,0
53,0,0,0
53,0,0,0
53,0,0,0
53,0,0,0
53,0,0,0
53,0,0,0
53,0,0,0
53,0,0,0
53,0,0,0
53,0,0,0
77,0,0,0
77,0,0,0
77,4,5,0
77,4,5,0
77,5,12,0
77,5,12,0
77,4,5,0
77,0,0,0
77,0,0,0
77,2,0,0
77,0,0,0
77,0,0,0
77,0,0,0
77,2,0,0
77,0,0,0
77,0,0,0
77,0,0,0
77,0,0,0
77,0,0,0
77,0,0,0
77,0,0,0
77,0,0,0
77,0,0,0
77,0,0,0
77,0,0,0
77,0,0,0
77,0,0,0
77,0,0,0
77,0,0,0
77,0,0,0
77,0,0,0
77,0,0,0
77,0,0,0
77,0,0,0
77,0,0,0
77,0,0,0
77,0,0,0
77,0,0,0
77,0,0,0
77,0,0,0
77,0,0,0
77,0,0,0
77,0,0,0
77,0,0,0
77,0,0,0
79,2,0,0
77,0,0,0
77,0,0,0
77,0,0,0
77,0,0,0
77,0,0,0
77,0,0,0
77,0,0,0
77,0,0,0
77,0,0,0
77,0,0,0
77,0,0,0
77,0,0,0
77,0,0,0
22,0,0,0
22,0,0,0
22,0,0,0
22,0,0,0
22,0,0,0
22,0,0,0
22,0,0,0
22,0,0,0
22,0,0,0
22,0,0,0
22,0,0,0
22,0,0,0
22,0,0,0
22,0,0,0
22,0,0,0
22,0,0,0
22,0,0,0
22,0,0,0
22,0,0,0
22,0,0,0
22,0,0,0
22,0,0,0
22,0,0,0
56,0,0,0
44,0,0,0
44,2,0,0
15,0,0,0
39,0,0,0
164,3,0,0
48,4,0,0
81,0,0,0
96,3,0,0
95,2,0,0
42,3,0,0
79,0,0,0
40,0,0,0
16,0,0,0
18,0,0,0
8,0,0,0
9,0,0,0
8,0,0,0
8,0,0,0
95,0,0,0
164,2,0,0
96,2,0,0
52,0,0,0
10,0,0,0
10,0,0,0
40,0,0,0
21,2,0,0
13,0,0,0
13,0,0,0
13,0,0,0
13,0,0,0
16,0,0,0
15,0,0,0
15,0,0,0
15,0,0,0
15,0,0,0
15,0,0,0
15,2,0,0
15,0,0,0
15,0,0,0
15,0,0,0
15,0,0,0
39,0,0,0
164,2,0,0
12,0,0,0
95,2,0,0
37,0,0,0
42,0,0,0
79,0,0,0
40,0,0,0
56,0,0,0
56,0,0,0
56,0,0,0
56,0,0,0
56,0,0,0
56,0,0,0
56,0,0,0
56,0,0,0
56,0,0,0
56,0,0,0
56,0,0,0
56,0,0,0
56,0,0,0
56,0,0,0
56,0,0,0
56,0,0,0
56,0,0,0
56,0,0,0
56,0,0,0
56,0,0,0
56,0,0,0
56,0,0,0
56,0,0,0
56,0,0,0
56,0,0,0
56,0,0,0
56,0,0,0
56,0,0,0
56,0,0,0
56,0,0,0
56,0,0,0
56,0,0,0
56,0,0,0
56,0,0,0
56,0,0,0
56,0,0,0
56,0,0,0
56,0,0,0
56,0,0,0
56,0,0,0
56,0,0,0
44,0,0,0
48,2,0,0
44,2,0,0
44,0,0,0
44,0,0,0
44,0,0,0
44,0,0,0
44,2,0,0
44,2,0,0
44,0,0,0
44,0,0,0
44,0,0,0
44,0,0,0
44,0,0,0
44,0,0,0
44,0,0,0
44,0,0,0
44,0,0,0
44,0,0,0
44,0,0,0
44,0,0,0
44,0,0,0
44,0,0,0
44,0,0,0
44,0,0,0
44,0,0,0
44,0,0,0
44,0,0,0
44,0,0,0
44,0,0,0
6,0,0,0
6,0,0,0
10,0,0,0
21,0,0,0
6,0,0,0
6,0,0,0
6,0,0,0
6,0,0,0
10,0,0,0
10,0,0,0
10,0,0,0
10,0,0,0
10,0,0,0
21,0,0,0
21,2,0,0
21,0,0,0
21,0,0,0
21,2,0,0
21,2,0,0
21,2,0,0
21,0,0,0
21,0,0,0
21,0,0,0
21,0,0,0
21,0,0,0
21,0,0,0
21,0,0,0
21,0,0,0
21,0,0,0
43,0,0,0
9,0,0,0
18,0,0,0
6,0,0,0
6,0,0,0
8,0,0,0
6,0,0,0
6,0,0,0
9,0,0,0
43,0,0,0
29,0,0,0
9,0,0,0
13,0,0,0
9,0,0,0
39,0,0,0
39,0,0,0
39,0,0,0
39,0,0,0
39,0,0,0
39,0,0,0
39,0,0,0
39,0,0,0
39,0,0,0
39,0,0,0
39,0,0,0
39,0,0,0
39,0,0,0
39,0,0,0
39,0,0,0
39,0,0,0
39,0,0,0
39,0,0,0
39,0,0,0
39,0,0,0
39,0,0,0
39,0,0,0
39,0,0,0
39,0,0,0
39,0,0,0
39,0,0,0
39,0,0,0
39,0,0,0
39,0,0,0
39,0,0,0
29,0,0,0
29,0,0,0
29,0,0,0
29,2,0,0
29,0,0,0
29,2,0,0
29,0,0,0
29,0,0,0
29,0,0,0
29,0,0,0
29,0,0,0
29,0,0,0
29,0,0,0
29,0,0,0
29,0,0,0
29,0,0,0
29,2,0,0
29,0,0,0
29,0,0,0
29,0,0,0
29,0,0,0
29,0,0,0
29,0,0,0
29,0,0,0
164,2,0,0
95,2,0,0
79,0,0,0
81,0,0,0
95,0,0,0
37,0,0,0
79,0,0,0
12,0,0,0
20,2,0,0
20,0,0,0
20,2,0,0
20,0,0,0
20,0,0,0
20,2,0,0
20,0,0,0
20,0,0,0
20,0,0,0
20,2,0,0
20,0,0,0
20,0,0,0
20,0,0,0
20,0,0,0
20,0,0,0
20,0,0,0
20,0,0,0
20,0,0,0
37,0,0,0
79,0,0,0
37,2,0,0
4,0,0,0
4,0,0,0
96,0,0,0
79,0,0,0
95,0,0,0
16,0,0,0
43,0,0,0
16,2,0,0
18,0,0,0
11,2,0,0
11,2,0,0
95,0,0,0
79,0,0,0
95,0,0,0
79,0,0,0
96,0,0,0
95,0,0,0
95,0,0,0
7,0,0,0
5,0,0,0
16,0,0,0
16,0,0,0
17,0,0,0
16,0,0,0
16,0,0,0
16,0,0,0
16,0,0,0
16,0,0,0
16,0,0,0
16,0,0,0
13,0,0,0
14,0,0,0
13,0,0,0
12,0,0,0
13,0,0,0
13,2,0,0
13,2,0,0
12,0,0,0
12,0,0,0
12,0,0,0
164,4,8,0
164,4,8,0
164,4,5,0
164,4,5,0
164,2,0,0
164,2,0,0
164,2,0,0
164,0,0,0
164,0,0,0
164,2,0,0
164,0,0,0
164,3,0,0
164,2,0,0
164,2,0,0
164,2,0,0
164,2,0,0
164,0,0,0
164,2,0,0
164,0,0,0
164,0,0,0
164,0,0,0
164,0,0,0
164,0,0,0
164,0,0,0
164,0,0,0
164,0,0,0
164,2,0,0
164,0,0,0
164,2,0,0
164,0,0,0
164,0,0,0
164,2,0,0
164,2,0,0
164,2,0,0
164,2,0,0
164,0,0,0
164,2,0,0
164,0,0,0
164,2,0,0
164,2,0,0
164,0,0,0
164,0,0,0
164,0,0,0
164,3,0,0
164,2,0,0
164,2,0,0
164,2,0,0
164,2,0,0
164,2,0,0
164,2,0,0
164,2,0,0
164,2,0,0
164,0,0,0
164,0,0,0
164,0,0,0
164,0,0,0
164,0,0,0
164,0,0,0
164,0,0,0
164,2,0,0
164,0,0,0
164,0,0,0
164,0,0,0
164,3,0,0
164,2,0,0
164,2,0,0
164,0,0,0
164,2,0,0
164,0,0,0
164,0,0,0
164,0,0,0
164,2,0,0
164,0,0,0
164,0,0,0
164,2,0,0
164,3,0,0
164,0,0,0
164,2,0,0
164,2,0,0
164,0,0,0
164,2,0,0
164,2,0,0
164,2,0,0
164,0,0,0
164,0,0,0
164,2,0,0
164,2,0,0
164,2,0,0
164,0,0,0
164,2,0,0
164,3,0,0
164,0,0,0
164,2,0,0
164,0,0,0
164,2,0,0
164,0,0,0
164,0,0,0
164,0,0,0
164,0,0,0
164,0,0,0
164,0,0,0
164,0,0,0
164,0,0,0
164,0,0,0
164,0,0,0
164,0,0,0
164,0,0,0
164,0,0,0
164,0,0,0
164,2,0,0
164,0,0,0
164,0,0,0
164,0,0,0
164,0,0,0
164,0,0,0
164,2,0,0
164,0,0,0
164,0,0,0
164,2,0,0
164,0,0,0
164,0,0,0
164,0,0,0
164,0,0,0
164,0,0,0
18,6,15,9
18,4,5,0
18,6,15,9
18,6,15,9
18,0,0,0
18,6,15,9
18,0,0,0
22,6,53,40
18,6,15,9
18,2,0,0
18,6,15,9
18,6,57,40
18,4,5,0
18,6,15,9
18,0,0,0
48,6,57,40
18,6,15,9
18,4,5,0
22,6,28,14
18,6,15,9
48,6,31,14
32,6,20,9
18,4,5,0
48,5,6,0
32,4,5,0
81,2,0,0
96,0,0,0
48,0,0,0
20,0,0,0
22,6,26,14
18,6,15,9
48,6,26,14
32,6,15,9
22,6,26,14
18,6,15,9
48,6,29,14
32,6,20,9
96,0,0,0
52,0,0,0
22,6,21,9
18,6,15,9
48,6,24,9
32,5,12,0
19,0,0,0
22,6,19,9
22,6,28,14
22,6,53,40
22,6,17,9
48,6,118,58
22,6,19,9
32,6,36,20
22,0,0,0
22,4,5,0
22,2,0,0
22,2,0,0
22,0,0,0
18,6,15,9
48,6,19,9
32,4,5,0
81,2,0,0
8,2,0,0
48,5,8,0
32,4,8,0
18,6,15,9
48,6,28,14
32,6,15,9
29,0,0,0
18,4,5,0
18,6,15,9
48,6,57,40
18,6,15,9
18,4,5,0
18,2,0,0
18,0,0,0
18,0,0,0
18,0,0,0
48,5,6,0
32,4,5,0
81,2,0,0
96,0,0,0
48,6,17,9
32,4,5,0
7,0,0,0
7,0,0,0
48,6,19,9
48,5,6,0
48,6,103,20
48,4,5,0
48,4,10,0
48,5,14,0
48,5,14,0
48,4,0,0
48,4,0,0
48,5,0,0
48,2,0,0
48,0,0,0
48,2,0,0
48,2,0,0
48,0,0,0
48,2,0,0
48,2,0,0
48,0,0,0
48,0,0,0
48,0,0,0
48,4,5,0
48,0,0,0
48,0,0,0
48,2,0,0
32,4,5,0
81,2,0,0
29,0,0,0
32,4,5,0
96,0,0,0
32,4,5,0
32,4,10,0
32,2,0,0
32,5,14,0
32,0,0,0
32,5,15,0
32,0,0,0
32,3,0,0
32,0,0,0
81,4,0,0
19,0,0,0
10,0,0,0
31,0,0,0
19,0,0,0
14,2,0,0
31,2,0,0
10,0,0,0
29,0,0,0
18,0,0,0
10,0,0,0
10,0,0,0
10,0,0,0
40,0,0,0
81,2,0,0
96,2,0,0
52,0,0,0
3,0,0,0
96,0,0,0
52,0,0,0
19,0,0,0
29,0,0,0
96,2,0,0
40,2,0,0
19,0,0,0
22,0,0,0
17,0,0,0
52,0,0,0
19,0,0,0
19,0,0,0
22,0,0,0
81,0,0,0
81,0,0,0
81,0,0,0
81,0,0,0
81,0,0,0
81,0,0,0
81,0,0,0
81,0,0,0
81,0,0,0
81,0,0,0
81,2,0,0
81,0,0,0
81,0,0,0
81,0,0,0
81,0,0,0
81,0,0,0
81,0,0,0
81,0,0,0
81,2,0,0
81,0,0,0
81,0,0,0
81,0,0,0
81,0,0,0
81,2,0,0
81,0,0,0
81,0,0,0
81,2,0,0
81,0,0,0
81,0,0,0
81,0,0,0
81,0,0,0
81,0,0,0
81,0,0,0
81,0,0,0
81,0,0,0
81,0,0,0
81,0,0,0
81,2,0,0
81,2,0,0
81,0,0,0
81,0,0,0
81,2,0,0
81,0,0,0
81,0,0,0
81,0,0,0
81,0,0,0
81,0,0,0
81,0,0,0
81,0,0,0
81,0,0,0
81,0,0,0
81,0,0,0
81,0,0,0
81,0,0,0
81,0,0,0
81,0,0,0
81,0,0,0
81,0,0,0
13,2,0,0
7,0,0,0
40,0,0,0
16,2,0,0
16,2,0,0
16,2,0,0
16,2,0,0
16,2,0,0
16,2,0,0
16,2,0,0
16,2,0,0
16,2,0,0
16,2,0,0
17,2,0,0
16,2,0,0
16,2,0,0
16,2,0,0
43,0,0,0
14,0,0,0
29,2,0,0
31,2,0,0
37,0,0,0
14,2,0,0
14,0,0,0
14,0,0,0
12,0,0,0
96,2,0,0
39,3,0,0
18,2,0,0
96,2,0,0
24,2,0,0
14,0,0,0
95,0,0,0
52,0,0,0
11,0,0,0
13,0,0,0
29,0,0,0
9,0,0,0
11,0,0,0
13,0,0,0
9,0,0,0
9,0,0,0
10,0,0,0
79,0,0,0
29,0,0,0
19,0,0,0
14,0,0,0
40,2,0,0
52,0,0,0
29,0,0,0
14,0,0,0
96,0,0,0
32,0,0,0
95,0,0,0
19,0,0,0
52,0,0,0
19,0,0,0
22,0,0,0
29,0,0,0
40,0,0,0
31,0,0,0
12,0,0,0
96,2,0,0
31,2,0,0
95,2,0,0
52,0,0,0
19,0,0,0
14,0,0,0
39,3,0,0
39,0,0,0
96,2,0,0
39,2,0,0
39,0,0,0
39,2,0,0
39,2,0,0
39,0,0,0
39,0,0,0
39,0,0,0
39,2,0,0
39,0,0,0
39,0,0,0
39,2,0,0
39,0,0,0
39,0,0,0
39,0,0,0
39,0,0,0
39,0,0,0
39,0,0,0
39,0,0,0
39,0,0,0
39,0,0,0
96,2,0,0
79,0,0,0
40,0,0,0
96,2,0,0
19,0,0,0
15,0,0,0
96,2,0,0
40,0,0,0
96,2,0,0
52,0,0,0
19,0,0,0
22,0,0,0
19,0,0,0
14,0,0,0
16,0,0,0
95,2,0,0
29,2,0,0
79,2,0,0
22,0,0,0
40,0,0,0
29,0,0,0
14,0,0,0
95,0,0,0
31,2,0,0
52,0,0,0
22,0,0,0
13,0,0,0
13,0,0,0
13,0,0,0
52,0,0,0
40,0,0,0
40,0,0,0
19,0,0,0
18,2,0,0
24,2,0,0
95,0,0,0
12,0,0,0
52,0,0,0
22,0,0,0
10,0,0,0
40,0,0,0
22,0,0,0
15,0,0,0
37,0,0,0
8,0,0,0
10,0,0,0
12,0,0,0
10,0,0,0
10,0,0,0
10,0,0,0
9,0,0,0
9,0,0,0
9,0,0,0
9,0,0,0
9,0,0,0
6,0,0,0
96,0,0,0
29,0,0,0
40,0,0,0
95,2,0,0
11,0,0,0
12,0,0,0
43,0,0,0
29,0,0,0
18,0,0,0
96,2,0,0
52,0,0,0
20,2,0,0
12,0,0,0
95,0,0,0
32,0,0,0
96,0,0,0
95,0,0,0
48,2,0,0
20,0,0,0
17,2,0,0
95,2,0,0
7,0,0,0
4,0,0,0
96,2,0,0
29,0,0,0
12,0,0,0
96,2,0,0
29,0,0,0
29,0,0,0
29,0,0,0
48,2,0,0
15,0,0,0
9,0,0,0
29,0,0,0
43,0,0,0
95,0,0,0
79,0,0,0
13,0,0,0
40,0,0,0
12,0,0,0
42,0,0,0
96,2,0,0
52,0,0,0
14,0,0,0
96,0,0,0
52,0,0,0
53,0,0,0
29,0,0,0
15,0,0,0
96,2,0,0
29,2,0,0
53,2,0,0
15,0,0,0
42,2,0,0
29,2,0,0
79,0,0,0
12,0,0,0
12,0,0,0
43,0,0,0
10,0,0,0
10,0,0,0
9,0,0,0
11,0,0,0
11,0,0,0
40,0,0,0
96,2,0,0
95,2,0,0
52,0,0,0
53,0,0,0
17,0,0,0
29,0,0,0
17,0,0,0
95,0,0,0
40,0,0,0
96,0,0,0
95,2,0,0
96,0,0,0
52,0,0,0
95,0,0,0
15,0,0,0
42,2,0,0
79,0,0,0
96,0,0,0
52,0,0,0
96,2,0,0
40,0,0,0
24,2,0,0
19,2,0,0
52,0,0,0
17,0,0,0
19,0,0,0
29,0,0,0
16,0,0,0
16,0,0,0
19,0,0,0
18,0,0,0
18,0,0,0
18,0,0,0
18,0,0,0
18,0,0,0
18,0,0,0
18,0,0,0
18,0,0,0
18,0,0,0
18,0,0,0
18,0,0,0
18,0,0,0
18,0,0,0
18,0,0,0
18,0,0,0
95,0,0,0
29,0,0,0
96,0,0,0
52,0,0,0
29,0,0,0
96,0,0,0
53,0,0,0
14,0,0,0
96,2,0,0
40,0,0,0
96,2,0,0
40,0,0,0
52,0,0,0
19,0,0,0
96,0,0,0
6,0,0,0
5,0,0,0
96,2,0,0
19,0,0,0
29,0,0,0
14,0,0,0
95,2,0,0
37,0,0,0
79,0,0,0
40,0,0,0
32,0,0,0
95,2,0,0
95,0,0,0
37,0,0,0
42,2,0,0
29,0,0,0
79,0,0,0
40,0,0,0
16,0,0,0
95,2,0,0
37,0,0,0
79,0,0,0
40,0,0,0
43,0,0,0
95,2,0,0
37,0,0,0
42,0,0,0
22,0,0,0
14,0,0,0
31,2,0,0
95,2,0,0
52,0,0,0
42,0,0,0
79,2,0,0
40,0,0,0
95,2,0,0
42,0,0,0
96,0,0,0
52,0,0,0
9,4,5,0
9,4,5,0
9,2,0,0
9,2,0,0
9,0,0,0
9,0,0,0
9,0,0,0
9,0,0,0
96,0,0,0
11,0,0,0
53,0,0,0
29,0,0,0
52,0,0,0
13,0,0,0
13,2,0,0
13,2,0,0
13,2,0,0
13,2,0,0
13,0,0,0
13,2,0,0
13,2,0,0
13,0,0,0
13,0,0,0
24,0,0,0
42,0,0,0
9,0,0,0
40,0,0,0
31,2,0,0
12,0,0,0
10,0,0,0
96,0,0,0
95,0,0,0
29,0,0,0
96,0,0,0
48,2,0,0
20,0,0,0
13,0,0,0
14,0,0,0
95,0,0,0
10,0,0,0
52,0,0,0
9,4,5,0
9,0,0,0
9,0,0,0
9,2,0,0
9,0,0,0
9,2,0,0
31,2,0,0
14,0,0,0
14,2,0,0
14,2,0,0
14,2,0,0
14,0,0,0
14,0,0,0
14,0,0,0
14,0,0,0
14,2,0,0
14,0,0,0
95,0,0,0
19,0,0,0
40,0,0,0
9,0,0,0
9,0,0,0
18,0,0,0
9,0,0,0
9,0,0,0
95,2,0,0
9,0,0,0
43,0,0,0
9,0,0,0
7,0,0,0
5,0,0,0
10,0,0,0
5,0,0,0
5,0,0,0
4,0,0,0
95,0,0,0
48,2,0,0
5,0,0,0
5,0,0,0
4,0,0,0
4,0,0,0
29,0,0,0
13,0,0,0
18,0,0,0
12,2,0,0
10,0,0,0
96,0,0,0
29,0,0,0
29,0,0,0
53,2,0,0
42,0,0,0
10,0,0,0
10,0,0,0
29,0,0,0
12,0,0,0
12,0,0,0
12,0,0,0
12,0,0,0
12,0,0,0
12,0,0,0
12,0,0,0
12,0,0,0
12,0,0,0
16,0,0,0
16,0,0,0
16,0,0,0
16,0,0,0
16,0,0,0
16,0,0,0
37,0,0,0
42,0,0,0
96,0,0,0
96,0,0,0
96,0,0,0
96,0,0,0
96,3,0,0
96,2,0,0
96,2,0,0
96,2,0,0
96,2,0,0
96,2,0,0
96,0,0,0
96,0,0,0
96,3,0,0
96,0,0,0
96,0,0,0
96,0,0,0
96,0,0,0
96,0,0,0
96,0,0,0
96,0,0,0
96,0,0,0
96,0,0,0
96,0,0,0
96,0,0,0
96,0,0,0
96,0,0,0
96,0,0,0
96,0,0,0
96,0,0,0
96,0,0,0
96,0,0,0
96,0,0,0
96,0,0,0
96,0,0,0
96,0,0,0
96,0,0,0
96,0,0,0
4,0,0,0
3,0,0,0
8,0,0,0
5,0,0,0
31,2,0,0
52,0,0,0
10,0,0,0
5,0,0,0
5,0,0,0
5,0,0,0
19,0,0,0
19,0,0,0
19,0,0,0
19,0,0,0
19,0,0,0
19,0,0,0
19,0,0,0
19,0,0,0
19,0,0,0
19,0,0,0
19,0,0,0
19,0,0,0
19,0,0,0
19,0,0,0
32,0,0,0
32,0,0,0
32,0,0,0
32,0,0,0
32,0,0,0
32,0,0,0
32,0,0,0
32,2,0,0
32,0,0,0
32,0,0,0
32,0,0,0
32,0,0,0
32,0,0,0
32,0,0,0
32,0,0,0
32,0,0,0
32,0,0,0
32,0,0,0
32,0,0,0
32,0,0,0
32,0,0,0
32,0,0,0
6,0,0,0
9,2,0,0
8,0,0,0
8,0,0,0
8,0,0,0
8,0,0,0
48,0,0,0
9,0,0,0
9,0,0,0
9,0,0,0
8,0,0,0
7,2,0,0
10,0,0,0
6,0,0,0
95,0,0,0
22,0,0,0
48,0,0,0
53,0,0,0
52,0,0,0
22,0,0,0
53,0,0,0
53,0,0,0
48,2,0,0
9,0,0,0
29,0,0,0
29,0,0,0
29,0,0,0
29,0,0,0
29,0,0,0
29,0,0,0
29,0,0,0
29,0,0,0
29,0,0,0
29,0,0,0
29,0,0,0
40,0,0,0
40,0,0,0
40,0,0,0
40,0,0,0
40,0,0,0
40,0,0,0
40,0,0,0
40,0,0,0
40,0,0,0
40,0,0,0
40,0,0,0
40,0,0,0
40,0,0,0
40,0,0,0
40,0,0,0
43,0,0,0
43,0,0,0
52,0,0,0
43,0,0,0
43,0,0,0
43,0,0,0
43,0,0,0
43,0,0,0
43,0,0,0
43,0,0,0
43,0,0,0
43,0,0,0
43,0,0,0
43,0,0,0
43,0,0,0
43,0,0,0
43,0,0,0
43,0,0,0
43,0,0,0
43,0,0,0
43,0,0,0
43,0,0,0
43,0,0,0
43,0,0,0
43,0,0,0
43,0,0,0
29,0,0,0
29,0,0,0
29,0,0,0
29,0,0,0
29,2,0,0
29,2,0,0
29,0,0,0
29,0,0,0
29,0,0,0
29,0,0,0
29,0,0,0
29,0,0,0
29,0,0,0
29,0,0,0
29,0,0,0
29,0,0,0
29,0,0,0
9,0,0,0
11,0,0,0
9,2,0,0
95,0,0,0
6,0,0,0
4,0,0,0
24,0,0,0
53,0,0,0
14,0,0,0
48,2,0,0
12,0,0,0
53,0,0,0
7,0,0,0
53,0,0,0
53,0,0,0
11,0,0,0
48,2,0,0
24,0,0,0
3,0,0,0
3,0,0,0
48,2,0,0
7,0,0,0
48,2,0,0
24,0,0,0
53,0,0,0
48,0,0,0
42,0,0,0
18,0,0,0
8,0,0,0
48,0,0,0
3,0,0,0
5,0,0,0
31,0,0,0
31,2,0,0
31,0,0,0
31,2,0,0
31,2,0,0
31,0,0,0
31,0,0,0
31,0,0,0
31,0,0,0
31,0,0,0
31,0,0,0
29,0,0,0
13,0,0,0
42,0,0,0
13,0,0,0
13,2,0,0
13,0,0,0
13,0,0,0
13,0,0,0
13,0,0,0
95,2,0,0
11,0,0,0
8,0,0,0
79,0,0,0
21,0,0,0
95,2,0,0
79,0,0,0
95,2,0,0
37,0,0,0
42,2,0,0
79,0,0,0
40,0,0,0
79,0,0,0
19,0,0,0
16,0,0,0
95,2,0,0
15,0,0,0
79,2,0,0
12,0,0,0
95,2,0,0
79,0,0,0
95,2,0,0
95,2,0,0
79,0,0,0
95,2,0,0
14,0,0,0
15,0,0,0
13,0,0,0
13,0,0,0
52,0,0,0
12,0,0,0
95,2,0,0
37,0,0,0
42,0,0,0
79,0,0,0
10,0,0,0
52,0,0,0
95,2,0,0
9,0,0,0
95,2,0,0
95,2,0,0
95,0,0,0
95,0,0,0
95,0,0,0
95,0,0,0
95,0,0,0
95,0,0,0
95,0,0,0
95,0,0,0
95,0,0,0
95,0,0,0
95,0,0,0
95,0,0,0
95,0,0,0
95,0,0,0
95,0,0,0
95,0,0,0
95,0,0,0
95,0,0,0
95,0,0,0
95,0,0,0
95,0,0,0
95,0,0,0
95,0,0,0
95,0,0,0
95,0,0,0
95,0,0,0
95,0,0,0
95,0,0,0
95,0,0,0
95,0,0,0
20,0,0,0
20,0,0,0
52,0,0,0
29,0,0,0
24,0,0,0
52,0,0,0
22,0,0,0
40,0,0,0
13,0,0,0
19,0,0,0
14,0,0,0
14,0,0,0
18,0,0,0
37,0,0,0
40,0,0,0
9,0,0,0
8,0,0,0
8,0,0,0
8,0,0,0
8,2,0,0
8,0,0,0
8,0,0,0
8,2,0,0
13,0,0,0
13,2,0,0
13,2,0,0
13,0,0,0
13,0,0,0
13,0,0,0
13,0,0,0
13,0,0,0
13,0,0,0
2,2,0,0
9,0,0,0
48,2,0,0
13,0,0,0
48,0,0,0
14,0,0,0
10,4,5,0
53,4,5,0
10,0,0,0
53,0,0,0
7,0,0,0
7,0,0,0
52,0,0,0
52,0,0,0
52,0,0,0
52,0,0,0
52,0,0,0
52,0,0,0
52,0,0,0
52,0,0,0
52,0,0,0
53,0,0,0
7,0,0,0
7,0,0,0
9,0,0,0
18,0,0,0
42,0,0,0
79,0,0,0
18,0,0,0
9,0,0,0
18,0,0,0
10,2,0,0
18,0,0,0
10,0,0,0
24,0,0,0
42,0,0,0
18,0,0,0
22,0,0,0
12,0,0,0
5,0,0,0
42,0,0,0
18,0,0,0
12,0,0,0
48,0,0,0
5,0,0,0
16,0,0,0
9,0,0,0
48,0,0,0
8,0,0,0
9,0,0,0
8,0,0,0
53,0,0,0
14,2,0,0
14,0,0,0
14,0,0,0
14,0,0,0
14,0,0,0
14,0,0,0
53,4,5,0
53,0,0,0
53,2,0,0
53,2,0,0
53,2,0,0
53,0,0,0
53,0,0,0
53,0,0,0
53,0,0,0
53,0,0,0
53,0,0,0
53,2,0,0
53,0,0,0
53,0,0,0
53,0,0,0
53,0,0,0
53,0,0,0
53,0,0,0
53,0,0,0
8,0,0,0
3,0,0,0
3,0,0,0
9,0,0,0
11,0,0,0
9,0,0,0
48,0,0,0
48,0,0,0
48,0,0,0
48,2,0,0
48,2,0,0
48,0,0,0
48,0,0,0
48,0,0,0
48,0,0,0
48,0,0,0
48,4,5,0
48,0,0,0
48,2,0,0
48,0,0,0
48,0,0,0
48,0,0,0
48,0,0,0
48,0,0,0
20,0,0,0
20,0,0,0
20,0,0,0
20,0,0,0
20,0,0,0
20,0,0,0
20,0,0,0
20,0,0,0
20,0,0,0
20,0,0,0
20,0,0,0
20,0,0,0
13,0,0,0
13,0,0,0
7,0,0,0
7,0,0,0
3,0,0,0
3,0,0,0
4,0,0,0
4,0,0,0
4,0,0,0
4,0,0,0
15,0,0,0
15,0,0,0
15,0,0,0
15,0,0,0
15,0,0,0
15,0,0,0
15,0,0,0
15,0,0,0
15,0,0,0
15,0,0,0
15,0,0,0
15,0,0,0
17,0,0,0
17,0,0,0
17,0,0,0
17,0,0,0
17,0,0,0
37,2,0,0
37,2,0,0
37,0,0,0
37,0,0,0
37,0,0,0
37,0,0,0
37,0,0,0
37,0,0,0
37,0,0,0
37,0,0,0
37,0,0,0
37,0,0,0
37,0,0,0
37,0,0,0
37,0,0,0
37,0,0,0
37,0,0,0
37,0,0,0
37,0,0,0
37,0,0,0
37,0,0,0
7,2,0,0
7,0,0,0
7,0,0,0
7,0,0,0
7,0,0,0
42,0,0,0
29,0,0,0
79,0,0,0
40,0,0,0
42,0,0,0
40,0,0,0
79,0,0,0
29,0,0,0
24,0,0,0
11,2,0,0
21,0,0,0
79,0,0,0
5,0,0,0
5,0,0,0
5,0,0,0
4,0,0,0
3,0,0,0
3,0,0,0
9,0,0,0
9,0,0,0
9,0,0,0
9,0,0,0
9,0,0,0
42,2,0,0
79,0,0,0
9,0,0,0
10,0,0,0
9,0,0,0
9,0,0,0
9,0,0,0
24,2,0,0
24,2,0,0
24,2,0,0
24,2,0,0
24,2,0,0
24,2,0,0
24,2,0,0
24,0,0,0
24,0,0,0
24,0,0,0
24,0,0,0
24,0,0,0
10,0,0,0
4,0,0,0
9,2,0,0
9,2,0,0
8,2,0,0
10,0,0,0
10,0,0,0
10,0,0,0
10,0,0,0
10,0,0,0
4,0,0,0
16,0,0,0
16,2,0,0
16,2,0,0
16,0,0,0
16,0,0,0
12,0,0,0
12,2,0,0
8,2,0,0
8,0,0,0
79,0,0,0
8,0,0,0
29,0,0,0
5,0,0,0
42,0,0,0
42,0,0,0
42,0,0,0
42,0,0,0
42,0,0,0
42,0,0,0
42,0,0,0
42,0,0,0
42,0,0,0
42,0,0,0
42,0,0,0
42,0,0,0
42,0,0,0
42,0,0,0
29,2,0,0
29,0,0,0
29,0,0,0
29,0,0,0
29,0,0,0
29,0,0,0
29,0,0,0
29,0,0,0
29,0,0,0
29,0,0,0
29,0,0,0
29,0,0,0
4,0,0,0
18,0,0,0
2,0,0,0
8,0,0,0
7,0,0,0
7,0,0,0
7,0,0,0
9,0,0,0
13,0,0,0
10,0,0,0
12,0,0,0
13,0,0,0
6,0,0,0
6,0,0,0
6,0,0,0
4,0,0,0
12,0,0,0
12,0,0,0
7,0,0,0
79,0,0,0
40,0,0,0
13,0,0,0
13,0,0,0
13,0,0,0
7,0,0,0
7,0,0,0
40,0,0,0
18,0,0,0
13,0,0,0
6,0,0,0
9,2,0,0
18,0,0,0
18,0,0,0
18,0,0,0
18,0,0,0
18,0,0,0
18,0,0,0
18,0,0,0
18,0,0,0
18,0,0,0
18,0,0,0
18,0,0,0
18,0,0,0
18,0,0,0
1,0,0,0
4,0,0,0
4,0,0,0
4,0,0,0
4,0,0,0
5,0,0,0
11,0,0,0
11,0,0,0
11,0,0,0
11,0,0,0
11,0,0,0
11,0,0,0
11,0,0,0
11,0,0,0
2,0,0,0
6,0,0,0
11,0,0,0
10,0,0,0
6,0,0,0
6,0,0,0
79,0,0,0
40,0,0,0
40,0,0,0
2,0,0,0
9,2,0,0
8,2,0,0
8,0,0,0
8,2,0,0
8,2,0,0
8,0,0,0
8,0,0,0
6,0,0,0
6,0,0,0
6,0,0,0
5,0,0,0
5,0,0,0
5,0,0,0
3,0,0,0
7,0,0,0
7,0,0,0
10,0,0,0
13,0,0,0
11,0,0,0
10,0,0,0
6,0,0,0
7,0,0,0
7,0,0,0
9,0,0,0
1,0,0,0
8,0,0,0
7,0,0,0
7,0,0,0
29,0,0,0
79,2,0,0
14,2,0,0
14,0,0,0
14,0,0,0
14,0,0,0
79,0,0,0
79,0,0,0
79,2,0,0
79,0,0,0
79,0,0,0
79,0,0,0
79,0,0,0
79,0,0,0
79,0,0,0
79,0,0,0
79,0,0,0
79,0,0,0
79,0,0,0
79,0,0,0
79,0,0,0
79,2,0,0
79,0,0,0
79,0,0,0
79,0,0,0
79,0,0,0
79,0,0,0
79,0,0,0
79,0,0,0
79,0,0,0
79,0,0,0
79,0,0,0
79,0,0,0
79,0,0,0
79,0,0,0
79,0,0,0
79,0,0,0
79,0,0,0
6,0,0,0
6,0,0,0
15,0,0,0
2,0,0,0
18,0,0,0
12,0,0,0
5,0,0,0
7,0,0,0
13,0,0,0
3,0,0,0
8,0,0,0
8,0,0,0
4,0,0,0
8,0,0,0
5,0,0,0
6,2,0,0
5,0,0,0
10,2,0,0
10,0,0,0
6,0,0,0
3,0,0,0
11,0,0,0
22,0,0,0
12,0,0,0
12,0,0,0
5,0,0,0
5,0,0,0
6,0,0,0
3,0,0,0
10,0,0,0
10,0,0,0
10,0,0,0
10,0,0,0
22,0,0,0
5,2,0,0
5,0,0,0
10,0,0,0
19,2,0,0
13,2,0,0
9,0,0,0
12,0,0,0
7,0,0,0
6,0,0,0
9,0,0,0
4,0,0,0
4,2,0,0
5,2,0,0
3,0,0,0
5,0,0,0
19,2,0,0
19,2,0,0
19,2,0,0
19,2,0,0
19,2,0,0
19,2,0,0
19,2,0,0
19,0,0,0
19,0,0,0
19,0,0,0
19,0,0,0
19,0,0,0
19,0,0,0
6,2,0,0
6,0,0,0
6,0,0,0
6,0,0,0
5,0,0,0
4,0,0,0
9,0,0,0
2,0,0,0
2,0,0,0
7,0,0,0
4,0,0,0
7,2,0,0
6,2,0,0
7,0,0,0
7,0,0,0
7,0,0,0
7,0,0,0
7,2,0,0
12,2,0,0
29,0,0,0
11,0,0,0
11,0,0,0
11,0,0,0
4,0,0,0
10,0,0,0
10,0,0,0
10,0,0,0
10,0,0,0
10,0,0,0
10,0,0,0
10,0,0,0
10,0,0,0
10,0,0,0
10,0,0,0
5,0,0,0
10,2,0,0
10,0,0,0
10,0,0,0
40,0,0,0
13,0,0,0
1,0,0,0
40,0,0,0
40,0,0,0
40,0,0,0
40,0,0,0
40,0,0,0
40,0,0,0
40,0,0,0
40,0,0,0
40,0,0,0
40,0,0,0
40,0,0,0
40,0,0,0
40,0,0,0
1,0,0,0
8,0,0,0
8,0,0,0
8,0,0,0
8,0,0,0
8,0,0,0
8,0,0,0
8,0,0,0
7,0,0,0
3,0,0,0
9,0,0,0
9,0,0,0
9,0,0,0
9,0,0,0
9,0,0,0
9,0,0,0
4,0,0,0
4,0,0,0
4,0,0,0
13,2,0,0
8,0,0,0
3,0,0,0
3,2,0,0
2,0,0,0
2,0,0,0
4,2,0,0
4,0,0,0
10,2,0,0
11,2,0,0
10,2,0,0
3,2,0,0
2,0,0,0
11,2,0,0
4,0,0,0
29,0,0,0
29,0,0,0
29,0,0,0
29,0,0,0
7,2,0,0
9,0,0,0
7,0,0,0
5,0,0,0
1,0,0,0
7,2,0,0
7,2,0,0
7,0,0,0
2,2,0,0
2,0,0,0
2,0,0,0
7,0,0,0
13,2,0,0
13,2,0,0
13,0,0,0
13,2,0,0
13,2,0,0
13,2,0,0
3,0,0,0
7,0,0,0
8,0,0,0
1,0,0,0
5,0,0,0
5,0,0,0
5,0,0,0
18,0,0,0
18,0,0,0
18,0,0,0
9,0,0,0
9,0,0,0
8,0,0,0
21,0,0,0
1,0,0,0
2,0,0,0
5,0,0,0
5,0,0,0
5,0,0,0
6,2,0,0
6,0,0,0
6,0,0,0
6,0,0,0
4,0,0,0
5,0,0,0
1,0,0,0
1,0,0,0
1,0,0,0
2,0,0,0
2,0,0,0
12,0,0,0
12,0,0,0
12,2,0,0
2,0,0,0
2,0,0,0
11,2,0,0
11,0,0,0
11,0,0,0
5,0,0,0
9,0,0,0
4,0,0,0
4,0,0,0
4,0,0,0
4,0,0,0
4,0,0,0
2,0,0,0
2,0,0,0
4,0,0,0
3,0,0,0
1,0,0,0
4,0,0,0
4,0,0,0
4,0,0,0
6,0,0,0
2,0,0,0
2,0,0,0
8,0,0,0
1,0,0,0
1,0,0,0
1,0,0,0
1,0,0,0
2,0,0,0
5,2,0,0
5,0,0,0
5,0,0,0
4,0,0,0
4,0,0,0
4,0,0,0
4,0,0,0
10,0,0,0
4,0,0,0
4,0,0,0
2,0,0,0
1,0,0,0
1,0,0,0
7,0,0,0
2,0,0,0
2,0,0,0
2,0,0,0
2,0,0,0
5,0,0,0
0,0,0,0
1,0,0,0
1,0,0,0
6,0,0,0
6,2,0,0
6,0,0,0
6,0,0,0
0,0,0,0
1,0,0,0
2,0,0,0
3,0,0,0
3,0,0,0
1,0,0,0
1,0,0,0
4,0,0,0
2,0,0,0
2,0,0,0
2,0,0,0
7,0,0,0
1,0,0,0
1,0,0,0
0,0,0,0
1,0,0,0
