"0,1-d","2,1-d","3,1-d"
241,2,0
41,2,0
280,46,600
242,4,5
249,16,120
241,2,0
245,6,15
241,2,0
242,2,0
264,22,100
344,66,1325
249,12,40
343,86,1720
241,2,0
243,6,15
279,30,450
250,20,130
790,234,3420
247,14,105
243,6,15
240,0,0
243,4,5
241,2,0
244,6,15
240,0,0
240,0,0
242,2,0
240,0,0
241,2,0
241,2,0
327,78,1475
243,4,5
645,218,3180
241,2,0
254,20,165
247,10,50
244,8,20
261,22,160
292,58,1185
245,8,30
242,4,5
240,0,0
244,8,20
384,118,2190
240,0,0
247,4,5
309,44,705
241,2,0
241,2,0
246,8,30
242,4,5
251,18,155
247,10,50
240,0,0
251,22,240
337,82,1590
250,18,170
375,100,1955
246,12,75
241,0,0
258,22,95
246,12,70
244,8,30
241,2,0
242,4,5
253,18,175
243,6,15
241,2,0
240,0,0
307,48,845
240,0,0
241,2,0
248,10,45
257,22,205
302,38,650
299,54,1045
241,2,0
242,4,5
240,0,0
267,32,515
240,0,0
244,8,30
283,46,820
360,106,1680
251,16,100
306,80,1600
252,16,105
244,8,30
240,0,0
241,2,0
258,20,140
252,18,160
243,6,15
244,6,15
243,6,15
260,34,475
271,40,730
248,10,30
242,4,5
251,16,135
244,8,30
246,10,50
240,0,0
241,2,0
267,26,350
382,66,1090
257,22,205
251,18,140
240,0,0
240,0,0
253,18,155
250,10,45
246,10,45
242,4,5
263,30,440
241,2,0
240,0,0
240,0,0
245,6,10
241,2,0
255,26,225
241,2,0
271,30,425
248,14,105
245,10,45
242,4,5
243,6,15
263,32,335
253,16,125
240,0,0
241,2,0
244,8,30
243,6,15
241,2,0
243,2,0
248,14,65
247,12,55
240,0,0
240,0,0
246,10,35
252,18,170
243,6,15
240,0,0
241,2,0
243,6,0
246,10,30
245,8,30
262,26,335
248,12,65
240,0,0
549,162,2895
241,2,0
251,16,140
251,22,205
242,4,5
242,4,5
251,18,145
241,2,0
241,2,0
249,12,65
248,16,140
243,6,15
242,4,5
240,0,0
242,4,5
241,2,0
245,8,30
241,2,0
271,40,685
247,14,65
240,0,0
443,170,2725
241,2,0
240,0,0
240,0,0
248,10,45
241,0,0
244,8,30
250,20,205
240,0,0
240,0,0
250,10,45
242,4,5
245,6,15
249,18,175
242,4,5
240,0,0
241,2,0
248,14,40
245,6,15
240,0,0
250,20,205
249,14,105
240,0,0
247,12,35
240,0,0
241,2,0
241,2,0
245,10,40
301,50,895
242,4,0
240,0,0
244,8,30
243,6,15
245,10,50
263,28,340
248,10,20
242,4,5
240,0,0
243,4,5
240,0,0
243,6,10
365,74,1570
249,18,175
242,4,5
248,10,30
324,72,1455
254,20,175
244,8,30
318,48,775
243,6,15
241,2,0
249,16,140
240,0,0
240,0,0
244,6,15
242,4,0
243,6,15
248,12,55
242,4,5
240,0,0
241,2,0
242,4,5
253,20,170
251,10,25
278,40,590
240,0,0
333,86,1450
257,24,240
242,2,0
240,0,0
242,4,0
144,36,545
143,32,510
590,54,690
445,44,645
184,32,540
137,34,495
175,28,430
107,22,240
99,28,445
83,28,425
160,30,475
41,2,0
45,8,30
349,44,620
49,16,70
71,26,325
243,50,690
42,2,0
48,6,15
165,36,575
48,10,40
133,28,405
46,8,30
50,16,110
41,0,0
44,8,30
47,10,50
44,6,15
41,0,0
43,6,15
42,4,5
42,4,5
41,2,0
41,2,0
40,0,0
40,0,0
44,8,30
41,2,0
42,4,5
146,4,5
19,4,5
559,16,115
414,16,120
153,14,105
13,8,30
129,16,120
151,16,115
318,16,120
87,16,115
14,6,15
136,2,0
410,8,20
125,8,20
12,6,15
18,6,5
6,2,0
2,2,0
407,4,0
21,2,0
33,6,15
574,32,155
429,14,80
121,12,65
42,18,115
34,16,100
29,6,10
30,6,15
46,10,45
26,4,5
117,34,235
60,12,50
30,4,5
42,26,190
32,14,85
30,2,0
41,12,70
31,14,100
31,12,70
31,14,100
30,12,75
31,14,100
31,14,100
29,10,50
207,70,1355
654,88,1440
107,6,15
191,62,1165
509,80,1435
156,48,1005
248,48,900
201,64,1325
239,54,1170
117,20,185
163,50,1010
131,30,470
147,34,620
224,46,805
170,44,885
116,16,120
116,16,135
246,32,435
127,30,480
111,12,60
413,90,1475
115,20,195
115,18,175
135,36,605
307,70,1375
165,50,715
229,80,1425
188,52,1120
118,18,175
105,2,0
117,16,140
197,54,1065
114,14,100
108,6,15
108,8,30
111,12,45
119,8,30
108,8,30
107,6,15
115,22,155
140,40,715
105,2,0
108,6,15
118,16,80
105,2,0
105,2,0
109,10,45
110,8,30
106,4,5
108,8,30
107,6,15
111,12,40
105,2,0
106,4,5
105,2,0
113,14,95
107,6,15
106,4,5
113,8,15
106,4,5
107,6,15
110,8,25
107,6,10
105,2,0
108,8,5
107,6,5
105,2,0
106,4,5
105,2,0
107,6,15
107,6,15
105,2,0
105,2,0
106,4,0
108,6,5
105,2,0
104,0,0
104,0,0
107,6,5
105,2,0
106,4,5
105,2,0
104,0,0
108,8,10
106,4,0
104,0,0
105,2,0
106,4,5
104,0,0
104,0,0
105,2,0
104,0,0
105,2,0
104,0,0
105,2,0
104,0,0
105,2,0
104,0,0
107,6,5
105,2,0
105,2,0
104,0,0
104,0,0
559,12,40
13,6,15
11,4,5
27,8,25
15,8,25
10,0,0
9,0,0
9,0,0
653,94,1905
190,74,1435
508,96,1860
124,20,185
155,72,1410
108,8,30
247,48,1030
109,12,50
200,84,1755
238,74,1585
162,50,1025
130,34,555
146,40,695
223,42,830
169,50,1030
115,16,115
123,34,515
134,46,875
104,2,0
245,32,460
114,16,130
126,28,450
118,20,190
109,10,30
125,28,385
412,100,1910
114,18,175
114,16,135
111,16,140
134,36,620
110,12,65
306,82,1600
112,14,105
164,52,880
107,8,30
126,36,450
228,90,1645
187,84,1545
117,24,220
116,16,140
196,64,1335
107,8,30
110,14,105
111,12,55
139,50,905
117,18,125
106,6,15
116,20,220
106,6,15
105,4,5
106,6,15
105,4,5
115,10,50
119,30,280
106,6,15
114,12,45
107,8,30
122,22,230
109,10,45
105,4,0
106,6,15
105,4,5
105,4,5
106,4,5
108,10,50
106,4,5
109,8,30
120,28,230
105,4,5
108,10,50
104,2,0
112,6,15
106,4,5
106,6,15
104,2,0
104,2,0
104,2,0
103,0,0
106,6,15
103,0,0
105,4,5
103,0,0
104,2,0
103,0,0
106,6,15
104,2,0
103,0,0
104,2,0
103,0,0
103,0,0
103,0,0
105,4,5
104,2,0
103,0,0
104,2,0
104,2,0
103,0,0
110,14,105
110,14,105
103,0,0
110,14,105
406,2,0
408,6,15
123,6,15
10,6,15
589,56,965
444,56,990
183,34,555
108,42,770
106,48,880
101,40,780
159,42,845
105,42,775
66,40,765
181,48,875
70,36,575
348,44,785
100,18,145
164,20,205
117,42,760
60,32,465
67,34,595
46,10,50
67,32,560
54,22,235
60,38,670
46,10,50
47,12,70
60,28,445
44,10,50
44,10,50
43,8,30
77,38,745
42,6,15
42,6,15
42,6,15
40,2,0
40,2,0
39,0,0
41,4,5
41,4,5
41,4,5
39,0,0
39,0,0
560,16,105
415,20,130
24,8,30
79,12,75
130,20,130
14,8,30
16,10,45
319,12,75
13,6,15
88,12,75
557,14,105
553,6,15
553,6,5
551,2,0
637,100,1750
553,4,5
955,382,5105
564,22,190
557,12,60
554,8,20
571,34,230
602,66,1335
554,8,20
694,186,2900
557,4,5
619,114,1665
556,10,45
552,4,5
561,18,155
561,22,240
647,108,1875
560,18,170
685,152,2535
556,12,75
568,20,85
556,12,70
552,4,5
617,100,1765
558,12,55
567,22,235
612,110,1560
609,56,1155
577,36,575
593,58,975
670,136,2470
561,16,100
616,106,2220
568,20,160
562,22,200
554,8,15
570,38,575
581,42,805
558,16,55
554,8,30
577,48,885
692,216,2590
567,32,345
561,22,165
563,26,255
560,12,65
556,8,30
573,34,535
555,8,15
551,2,0
581,50,845
558,16,115
555,10,45
552,4,5
573,34,395
563,20,145
553,6,15
558,12,60
557,12,60
562,20,190
556,12,35
555,10,40
572,40,460
558,12,65
859,258,4200
552,4,5
561,22,180
559,12,65
558,16,140
552,4,5
551,2,0
555,10,35
581,48,780
557,12,65
753,224,3635
560,20,205
560,18,125
555,8,15
559,18,175
552,4,5
551,2,0
558,12,35
560,20,205
559,14,105
551,2,0
611,58,965
555,10,50
573,30,355
675,86,1710
559,18,175
558,12,40
634,104,1740
564,26,245
628,138,1895
553,6,15
559,16,140
554,6,15
552,2,0
558,16,85
552,4,5
563,22,180
561,14,30
588,74,1030
643,88,1555
567,34,310
560,20,165
554,8,30
557,14,90
554,8,15
553,6,15
551,2,0
551,2,0
554,8,30
554,8,30
554,8,30
554,8,30
552,4,5
553,6,10
563,16,100
557,14,80
554,8,30
556,10,50
569,28,295
551,2,0
553,6,15
552,4,5
554,8,30
551,2,0
551,2,0
571,38,630
558,14,105
556,12,35
551,2,0
553,6,15
556,12,70
556,12,70
578,44,775
557,12,70
553,4,5
552,4,5
552,4,5
578,50,870
565,30,290
554,8,30
556,10,50
554,8,30
552,4,5
571,34,635
556,10,50
570,34,465
557,12,75
554,6,5
551,2,0
554,8,25
553,6,15
555,10,50
554,8,30
557,14,95
553,6,10
552,2,0
558,16,115
551,2,0
556,10,50
555,6,15
557,10,50
556,12,70
561,18,155
559,12,70
553,6,15
562,24,195
551,2,0
553,6,10
586,60,1050
571,32,525
556,12,75
554,6,15
566,24,180
563,24,240
555,8,15
554,6,10
553,4,5
557,12,60
552,4,5
559,18,115
559,18,135
556,12,45
555,10,50
555,10,50
554,4,5
555,10,50
563,18,160
552,4,5
563,22,235
551,2,0
552,4,5
553,6,15
573,16,80
551,2,0
553,6,10
558,16,105
553,6,15
553,4,5
560,20,140
551,2,0
553,6,15
561,14,70
552,4,5
588,64,1220
552,4,5
558,14,105
562,14,70
551,2,0
552,4,5
553,6,15
557,12,70
552,4,5
566,20,170
552,4,5
555,10,40
558,14,80
559,14,90
562,14,70
551,2,0
552,4,5
552,4,5
552,2,0
554,8,30
554,8,30
551,2,0
553,6,15
550,0,0
550,0,0
551,2,0
552,4,5
551,2,0
554,8,30
551,2,0
552,4,0
550,0,0
552,4,5
554,8,30
552,4,0
551,2,0
552,2,0
553,4,0
551,2,0
551,2,0
554,8,30
553,6,15
551,2,0
550,0,0
550,0,0
550,0,0
551,2,0
550,0,0
550,0,0
550,0,0
550,0,0
550,0,0
552,4,5
553,6,15
553,4,5
550,0,0
550,0,0
554,8,15
550,0,0
550,0,0
552,4,5
550,0,0
561,12,60
551,2,0
550,0,0
556,10,35
554,8,25
551,2,0
552,4,5
553,6,5
550,0,0
551,2,0
552,4,5
554,8,30
552,4,5
551,2,0
551,2,0
551,2,0
551,2,0
551,2,0
553,6,10
550,0,0
550,0,0
552,4,5
551,2,0
550,0,0
550,0,0
550,0,0
551,2,0
551,2,0
556,12,50
550,0,0
550,0,0
550,0,0
552,4,5
552,4,5
551,2,0
550,0,0
555,10,50
556,6,10
550,0,0
569,32,300
551,2,0
553,6,15
550,0,0
550,0,0
553,6,15
550,0,0
551,2,0
551,2,0
550,0,0
551,2,0
551,2,0
551,2,0
550,0,0
551,2,0
553,6,15
553,4,5
550,0,0
550,0,0
550,0,0
550,0,0
550,0,0
550,0,0
550,0,0
551,2,0
555,10,45
557,10,40
550,0,0
550,0,0
552,4,5
550,0,0
552,4,5
550,0,0
550,0,0
551,2,0
555,10,50
550,0,0
550,0,0
553,6,15
550,0,0
550,0,0
551,2,0
550,0,0
550,0,0
550,0,0
552,4,5
550,0,0
550,0,0
556,12,75
550,0,0
550,0,0
550,0,0
550,0,0
550,0,0
550,0,0
550,0,0
550,0,0
550,0,0
551,2,0
551,2,0
554,8,30
551,2,0
550,0,0
550,0,0
556,12,50
550,0,0
553,6,15
552,4,5
550,0,0
554,8,30
550,0,0
550,0,0
550,0,0
553,6,15
550,0,0
550,0,0
550,0,0
551,2,0
552,4,5
550,0,0
551,2,0
551,2,0
550,0,0
550,0,0
551,2,0
551,2,0
551,2,0
551,2,0
553,6,15
551,2,0
550,0,0
550,0,0
556,12,60
551,2,0
551,2,0
550,0,0
558,14,80
550,0,0
550,0,0
551,2,0
551,2,0
552,4,0
550,0,0
551,2,0
551,2,0
553,4,5
551,2,0
551,2,0
553,6,15
551,2,0
550,0,0
557,6,5
550,0,0
550,0,0
550,0,0
550,0,0
550,0,0
552,4,5
556,12,75
556,12,60
551,2,0
552,4,5
550,0,0
550,0,0
550,0,0
550,0,0
568,16,70
551,2,0
553,6,15
551,2,0
552,4,5
558,8,15
552,4,5
550,0,0
551,2,0
550,0,0
553,6,15
566,28,190
555,10,50
550,0,0
553,6,15
556,10,35
551,2,0
550,0,0
551,2,0
551,2,0
551,2,0
551,2,0
553,6,15
552,4,5
550,0,0
552,4,5
551,2,0
552,4,0
551,2,0
550,0,0
550,0,0
551,2,0
555,10,50
550,0,0
550,0,0
552,4,5
551,2,0
556,12,45
553,6,15
553,6,15
552,4,5
555,10,40
550,0,0
550,0,0
550,0,0
550,0,0
550,0,0
550,0,0
550,0,0
553,6,15
550,0,0
550,0,0
553,6,15
559,10,45
550,0,0
550,0,0
550,0,0
550,0,0
551,2,0
552,4,5
550,0,0
551,2,0
550,0,0
550,0,0
550,0,0
550,0,0
554,8,30
553,6,15
550,0,0
552,4,5
550,0,0
551,2,0
557,14,70
552,4,5
551,2,0
550,0,0
552,4,5
551,2,0
550,0,0
557,12,60
552,4,5
551,2,0
550,0,0
555,8,30
550,0,0
550,0,0
550,0,0
552,4,5
553,4,5
550,0,0
552,4,5
551,2,0
551,2,0
551,2,0
550,0,0
550,0,0
550,0,0
550,0,0
562,16,105
552,4,5
552,2,0
551,2,0
550,0,0
556,10,15
151,14,105
17,14,105
316,14,105
210,14,105
17,14,105
17,14,105
206,6,15
408,4,5
4,2,0
406,2,0
409,6,15
101,8,15
207,6,15
5,2,0
407,4,0
3,2,0
8,2,0
492,86,1650
94,10,50
108,18,160
139,56,1160
231,60,1035
184,58,1290
222,72,1410
105,12,65
100,20,185
88,2,0
149,24,245
146,44,895
114,36,570
130,32,565
207,48,785
153,48,1020
99,20,145
107,30,470
118,38,760
110,28,290
94,12,60
109,26,370
95,16,75
396,88,1635
88,2,0
98,20,205
118,30,495
290,66,1395
148,44,805
91,8,30
110,34,390
89,4,5
212,80,1450
171,64,1245
100,16,140
180,62,1270
92,4,5
88,2,0
89,4,5
91,8,30
98,16,115
123,38,710
103,16,100
94,12,60
100,14,105
100,22,240
103,20,170
89,4,5
98,12,60
93,10,35
90,6,15
94,12,50
89,4,5
91,8,30
89,4,5
96,8,30
91,8,30
94,8,30
89,4,5
104,16,110
89,4,5
89,4,5
89,4,5
89,4,5
90,6,10
93,10,40
92,6,10
96,8,20
90,6,15
89,4,5
88,2,0
88,2,0
89,4,5
88,2,0
88,2,0
87,0,0
88,2,0
87,0,0
87,0,0
89,4,5
89,2,0
87,0,0
87,0,0
87,0,0
5,4,5
3,0,0
419,24,215
412,10,50
457,60,1215
549,142,2565
474,80,1465
406,2,0
411,12,50
416,22,185
412,14,75
416,22,240
502,102,1805
540,138,2365
411,12,75
411,12,70
409,8,30
418,18,175
472,110,1840
413,14,80
422,22,235
467,82,1405
464,68,1230
432,34,545
448,52,955
525,194,2735
416,18,95
471,108,2215
409,8,30
423,16,120
408,6,15
425,36,545
436,42,820
416,18,165
409,8,30
432,48,835
547,160,2440
422,28,295
416,16,130
418,26,255
411,12,50
407,4,5
428,32,505
406,2,0
420,20,190
436,62,960
413,14,105
410,10,45
408,6,15
428,38,420
418,20,140
409,8,30
406,2,0
408,6,5
413,12,60
412,12,55
411,8,30
417,24,220
410,10,40
427,28,390
714,214,3730
416,20,205
407,4,5
416,20,170
413,16,140
407,4,5
406,2,0
436,44,745
608,214,3550
413,14,80
407,4,5
410,8,15
413,8,30
410,6,15
414,16,105
412,12,40
410,10,40
466,70,1100
408,6,15
410,10,50
428,30,365
413,12,20
408,6,10
530,92,1770
489,92,1620
409,8,30
483,88,1575
408,6,15
408,6,15
413,12,65
418,20,170
443,70,1000
498,84,1570
422,28,280
411,8,30
415,20,165
409,8,30
412,14,90
409,8,30
409,8,30
409,8,30
412,14,105
410,6,5
407,4,5
408,4,5
405,0,0
411,12,60
418,16,95
411,6,10
412,14,80
406,2,0
409,8,30
409,6,10
413,12,65
405,0,0
411,12,50
424,34,315
405,0,0
405,0,0
406,2,0
405,0,0
408,6,15
405,0,0
407,4,5
409,8,30
406,2,0
406,2,0
409,8,30
426,40,640
405,0,0
405,0,0
407,4,5
407,4,5
405,0,0
413,14,105
407,4,5
405,0,0
406,2,0
405,0,0
411,10,30
406,2,0
415,20,145
408,6,15
406,2,0
407,4,5
411,12,70
411,12,70
433,48,815
412,14,80
412,14,55
407,4,5
408,6,5
405,0,0
407,4,5
411,10,35
407,4,5
406,2,0
433,52,905
420,22,240
409,8,30
405,0,0
411,12,65
409,8,30
406,2,0
405,0,0
407,4,5
405,0,0
426,38,670
406,2,0
407,4,5
407,4,5
407,4,5
411,10,50
405,0,0
405,0,0
425,34,465
412,12,75
409,6,10
405,0,0
406,2,0
406,2,0
406,2,0
407,4,5
409,8,25
408,6,15
410,10,50
409,8,30
412,14,95
406,2,0
405,0,0
408,4,5
406,2,0
407,4,0
408,6,15
413,16,115
406,2,0
411,12,50
407,4,0
410,8,25
412,12,55
409,8,30
411,12,70
407,4,5
409,6,15
406,2,0
410,10,45
416,18,140
414,18,115
406,2,0
407,4,0
407,4,5
405,0,0
405,0,0
406,2,0
406,2,0
405,0,0
406,2,0
408,6,15
405,0,0
405,0,0
408,6,15
417,18,145
407,4,5
406,2,0
414,10,45
406,2,0
408,6,10
416,18,125
406,2,0
406,2,0
407,4,5
441,52,960
426,36,510
407,4,5
406,2,0
407,4,0
408,4,5
406,2,0
405,0,0
406,2,0
406,2,0
406,2,0
411,12,50
405,0,0
405,0,0
410,8,25
409,8,30
405,0,0
408,4,5
405,0,0
410,10,50
411,12,75
405,0,0
409,6,15
409,8,20
406,2,0
408,2,0
421,20,155
405,0,0
405,0,0
418,24,235
407,4,5
405,0,0
406,2,0
405,0,0
410,8,25
409,6,10
408,4,5
419,16,100
412,12,55
406,2,0
408,6,5
406,2,0
407,4,5
406,2,0
405,0,0
405,0,0
414,14,105
406,2,0
408,6,15
407,4,5
406,2,0
407,4,5
406,2,0
414,14,85
405,0,0
406,2,0
406,2,0
406,2,0
407,4,5
411,8,30
410,6,10
405,0,0
410,10,50
408,6,15
405,0,0
405,0,0
406,2,0
410,10,50
410,10,50
405,0,0
409,8,20
405,0,0
405,0,0
410,10,50
418,24,190
407,4,5
407,4,5
406,2,0
408,6,15
410,10,45
418,24,255
406,2,0
405,0,0
406,2,0
406,2,0
407,4,5
405,0,0
408,6,15
406,2,0
410,10,45
428,20,95
406,2,0
405,0,0
408,4,5
406,2,0
407,4,5
413,16,105
408,6,15
408,6,15
408,4,5
407,4,5
415,16,105
407,4,5
406,2,0
408,6,15
416,18,65
406,2,0
405,0,0
406,2,0
407,4,5
406,2,0
405,0,0
406,2,0
407,4,5
408,6,15
409,8,30
406,2,0
405,0,0
407,4,5
407,4,5
406,2,0
407,4,0
409,8,30
405,0,0
405,0,0
406,2,0
443,74,1285
405,0,0
407,4,5
413,16,130
417,18,100
406,2,0
407,4,5
406,2,0
408,6,15
408,6,15
408,6,5
412,12,70
407,4,5
421,18,150
405,0,0
406,2,0
406,2,0
407,4,5
408,6,15
405,0,0
410,10,40
405,0,0
413,14,80
414,14,90
417,14,65
406,2,0
407,4,5
407,4,0
405,0,0
407,4,5
405,0,0
407,4,5
407,2,0
204,2,0
158,18,135
21,12,70
81,20,190
134,20,175
156,22,200
27,14,100
45,18,165
25,6,15
52,18,150
15,2,0
14,0,0
151,14,60
316,12,60
26,6,15
8,2,0
22,6,15
6,4,5
25,4,5
156,18,160
27,6,10
330,22,190
44,12,75
105,18,160
35,16,100
114,20,160
57,18,140
22,2,0
26,10,45
25,8,30
28,2,0
23,4,5
28,2,0
21,0,0
21,0,0
21,0,0
196,40,775
63,16,140
149,70,1305
187,56,1155
111,38,795
79,30,490
172,34,595
118,42,870
83,34,635
75,28,450
74,24,320
60,12,65
361,56,1195
63,20,200
83,30,495
59,12,65
255,50,1095
113,38,705
75,34,415
55,4,5
177,64,1245
136,62,1270
66,20,190
145,46,1005
55,6,15
88,40,715
59,14,70
55,6,15
53,2,0
68,32,300
63,12,60
55,6,15
56,8,30
60,14,85
55,6,15
57,10,50
69,26,205
57,10,50
53,2,0
54,4,5
59,14,105
59,14,105
59,14,105
53,2,0
54,2,0
52,0,0
52,0,0
36,10,40
314,10,40
208,10,40
8,6,15
4,4,5
10,4,5
207,6,15
17,6,15
213,46,790
155,16,135
155,22,240
241,46,960
154,18,170
279,82,1565
211,56,1075
161,26,255
206,50,890
203,44,850
187,48,855
264,84,1750
155,14,90
210,64,1380
162,16,125
156,18,140
147,6,15
175,32,545
155,18,165
286,86,1390
161,26,255
175,34,555
152,14,105
167,26,315
157,18,135
156,20,190
152,10,50
453,140,2550
152,16,140
149,10,35
175,38,635
347,118,2390
154,20,205
153,18,175
149,6,15
154,20,205
153,14,105
269,52,1095
153,18,175
228,46,930
222,50,885
153,16,140
148,6,15
182,42,705
237,46,870
161,24,250
149,4,5
163,28,305
152,16,105
172,32,540
151,8,25
172,38,620
150,10,50
146,4,5
148,8,25
152,10,50
149,8,25
145,2,0
160,22,140
147,4,5
153,16,110
149,10,50
157,18,160
152,12,75
147,6,15
182,46,780
152,14,105
147,2,0
152,12,70
156,12,60
145,2,0
146,4,5
145,2,0
146,4,5
163,26,250
145,2,0
146,4,5
146,4,5
148,8,30
145,2,0
147,6,15
146,2,0
147,6,15
147,6,15
147,6,15
151,12,55
146,4,5
145,2,0
145,2,0
146,4,5
145,2,0
161,14,95
150,8,20
145,2,0
148,8,30
145,2,0
145,2,0
144,0,0
144,0,0
145,2,0
144,0,0
145,2,0
144,0,0
144,0,0
144,0,0
144,0,0
144,0,0
144,0,0
144,0,0
145,2,0
144,0,0
144,0,0
145,2,0
144,0,0
144,0,0
144,0,0
144,0,0
145,2,0
144,0,0
144,0,0
144,0,0
144,0,0
145,2,0
144,0,0
145,2,0
144,0,0
145,2,0
144,0,0
144,0,0
144,0,0
144,0,0
210,4,5
7,0,0
7,0,0
7,0,0
7,0,0
7,0,0
204,34,480
136,48,1010
131,50,990
112,26,300
189,52,1050
135,48,920
96,40,755
211,78,1355
86,30,325
82,22,195
378,54,1060
272,50,915
79,18,125
147,80,1430
77,10,50
107,44,695
86,24,255
72,6,10
90,32,525
75,12,70
97,34,605
97,38,675
84,24,265
90,32,570
89,30,420
73,6,15
76,14,95
77,16,115
81,22,190
105,18,175
90,30,500
75,12,75
78,18,135
74,10,50
79,16,105
107,48,945
73,8,30
73,8,30
73,8,30
73,8,30
73,8,30
73,6,15
70,2,0
70,2,0
72,4,5
71,4,5
70,2,0
75,12,75
85,18,135
75,10,30
72,6,15
70,2,0
69,0,0
69,0,0
70,2,0
71,4,5
69,0,0
69,0,0
70,2,0
69,0,0
69,0,0
69,0,0
70,2,0
70,2,0
26,10,45
42,8,30
20,4,5
146,18,155
23,18,135
320,18,150
214,20,165
16,10,50
49,16,125
15,8,30
16,10,45
74,12,70
127,14,75
149,12,70
9,4,5
45,10,50
146,22,240
28,16,140
54,16,140
23,16,140
320,22,240
214,22,240
95,18,175
232,80,1525
110,22,190
156,50,1060
124,34,500
140,40,700
217,42,780
163,50,1050
109,20,190
101,6,15
117,32,495
128,44,835
105,10,30
239,28,390
120,34,520
112,22,195
105,10,50
103,10,35
119,36,440
406,78,1645
108,20,200
108,20,205
106,10,50
105,16,140
300,82,1550
158,44,765
120,36,455
100,6,10
222,78,1555
181,74,1390
111,18,175
190,80,1495
107,14,100
99,4,5
110,16,85
103,8,30
108,16,140
100,6,15
106,8,30
133,50,935
98,2,0
101,6,15
111,16,120
98,2,0
102,6,10
110,20,220
99,4,5
99,4,5
113,24,230
99,4,5
98,2,0
99,4,5
102,10,50
116,24,240
104,10,40
102,10,50
100,6,15
103,12,60
98,2,0
100,6,15
102,10,50
102,10,50
104,14,65
105,14,85
99,2,0
101,8,15
98,2,0
99,2,0
100,6,15
100,6,15
114,22,190
98,2,0
99,4,5
100,6,15
104,14,105
104,14,105
104,14,105
99,4,5
99,2,0
97,0,0
97,0,0
98,2,0
98,2,0
97,0,0
97,0,0
97,0,0
97,0,0
97,0,0
319,18,170
213,18,170
20,18,170
19,16,140
20,18,170
19,16,140
11,0,0
141,12,75
143,12,65
152,22,235
197,30,400
194,52,1000
162,34,555
178,46,790
201,54,1140
147,22,200
155,36,560
166,42,830
143,10,40
277,42,670
152,18,170
158,38,555
158,24,275
148,16,115
141,8,30
147,18,170
138,6,15
157,32,420
444,122,2330
146,22,225
166,38,590
338,108,2080
143,14,75
144,14,105
196,52,885
140,10,50
158,26,310
260,78,1540
219,68,1415
213,34,505
173,30,390
228,66,1295
152,20,180
142,14,105
142,10,50
143,12,60
154,18,165
138,6,15
141,8,25
138,4,5
155,18,155
142,12,75
139,8,30
138,6,15
137,4,5
146,18,155
138,4,5
146,12,75
137,4,5
171,58,1050
151,16,105
142,10,40
140,4,5
148,26,280
138,6,15
137,4,5
137,2,0
147,12,60
139,8,30
137,2,0
141,10,45
137,4,5
140,10,50
154,26,255
137,4,5
140,10,50
136,2,0
141,12,60
137,4,5
138,6,15
138,6,15
147,16,100
136,2,0
135,0,0
143,14,95
135,0,0
135,0,0
136,2,0
135,0,0
136,2,0
135,0,0
138,2,0
135,0,0
135,0,0
135,0,0
135,0,0
136,2,0
135,0,0
137,4,0
135,0,0
136,2,0
140,10,30
137,4,5
152,16,105
136,2,0
135,0,0
144,16,115
139,6,10
135,0,0
135,0,0
135,0,0
136,2,0
135,0,0
136,2,0
135,0,0
135,0,0
136,2,0
135,0,0
135,0,0
135,0,0
135,0,0
135,0,0
136,2,0
138,6,15
135,0,0
135,0,0
135,0,0
135,0,0
148,12,75
315,12,75
209,12,75
4,0,0
19,2,0
29,6,15
33,6,15
24,6,15
327,14,75
221,16,80
111,20,85
20,2,0
35,8,30
27,4,5
20,4,5
20,4,5
18,0,0
18,0,0
26,12,70
29,10,50
209,12,70
90,10,50
124,8,30
313,8,30
2,2,0
205,4,5
72,18,140
79,18,175
24,16,140
138,20,180
106,18,175
20,6,15
15,4,5
14,2,0
13,0,0
11,6,15
6,6,15
206,6,15
129,52,1075
110,28,370
187,78,1560
133,50,1000
78,18,165
94,42,815
209,88,1590
80,20,195
98,52,880
376,70,1315
98,26,330
270,68,1185
192,28,385
151,26,305
145,54,1095
105,38,640
77,14,95
86,18,170
88,36,610
75,14,105
77,18,145
95,46,760
74,12,70
95,44,810
82,20,225
73,10,50
88,34,635
69,4,5
87,30,400
70,6,15
68,2,0
74,10,50
73,12,70
76,12,70
68,2,0
88,32,525
80,20,205
72,8,25
76,14,105
72,10,50
68,2,0
69,2,0
105,56,1135
75,16,130
70,6,15
74,14,75
72,8,30
74,4,5
73,12,75
70,6,15
70,6,15
68,2,0
68,2,0
69,4,5
69,4,5
68,2,0
69,4,5
67,0,0
67,0,0
211,14,80
16,12,55
21,10,45
20,8,25
8,0,0
159,16,135
40,16,135
29,16,140
326,28,250
220,24,250
36,18,150
18,2,0
21,8,30
18,2,0
18,2,0
18,2,0
182,60,1180
128,54,1035
66,8,30
89,42,765
204,68,1250
93,36,630
371,64,1220
265,50,865
187,28,320
140,62,1125
100,38,630
69,12,70
68,8,10
68,10,50
66,8,30
70,14,105
90,38,695
64,4,5
90,36,655
77,22,250
66,8,30
83,32,570
64,4,5
68,10,50
82,30,400
68,10,50
71,10,50
74,16,110
83,28,440
75,22,225
70,14,95
100,46,890
71,14,90
66,8,30
65,4,0
65,6,10
65,6,15
66,8,30
70,12,75
63,2,0
64,4,5
78,22,160
63,2,0
64,2,0
63,2,0
68,8,30
67,8,30
69,14,70
64,4,5
65,2,0
62,0,0
62,0,0
62,0,0
62,0,0
102,36,630
179,38,715
125,40,815
77,16,125
82,30,485
74,16,135
368,58,1150
60,2,0
262,56,1120
120,34,590
62,6,10
184,48,975
143,46,930
137,24,285
72,20,155
152,52,1045
72,20,95
60,2,0
60,2,0
70,18,155
95,36,640
62,6,5
62,6,15
71,18,70
65,10,45
76,14,95
60,2,0
62,6,15
60,2,0
61,4,5
64,10,20
65,10,15
61,4,5
62,6,15
60,2,0
59,0,0
59,0,0
63,2,0
59,0,0
60,2,0
59,0,0
61,4,5
59,0,0
59,0,0
59,0,0
59,0,0
59,0,0
59,0,0
205,4,5
95,4,5
39,12,75
336,46,605
58,30,370
230,32,510
50,20,225
152,46,610
111,28,445
120,32,485
33,8,30
40,18,180
36,12,55
39,20,125
30,6,15
30,6,15
31,8,30
28,2,0
28,2,0
32,6,15
28,2,0
19,8,30
313,8,30
8,8,30
97,8,30
163,36,630
46,6,15
74,26,380
185,34,490
352,54,940
246,48,920
168,40,695
127,42,665
121,26,345
54,6,15
62,16,135
79,32,490
66,8,30
46,6,15
55,10,50
61,4,5
50,8,20
45,4,5
44,2,0
47,6,10
45,4,5
45,4,0
44,2,0
43,0,0
43,0,0
43,0,0
44,2,0
43,0,0
43,0,0
43,0,0
186,76,1555
124,8,30
131,18,165
124,8,30
147,40,790
262,102,1805
126,12,50
122,4,5
135,16,130
151,42,770
128,16,115
143,24,235
124,8,30
128,10,50
429,98,2005
151,36,565
323,80,1660
125,6,15
128,8,30
125,6,15
127,12,40
121,2,0
125,10,40
123,6,15
245,48,910
204,42,750
124,8,30
198,58,1150
158,36,630
213,36,650
137,18,170
124,8,30
126,10,50
141,34,585
122,4,5
128,14,105
122,4,5
130,18,145
123,6,15
121,2,0
126,12,70
148,40,725
148,44,805
135,22,240
141,34,635
140,34,450
125,10,50
127,10,50
126,12,70
124,6,15
123,6,15
131,10,50
121,2,0
141,30,500
121,2,0
126,10,45
125,10,35
124,8,20
121,2,0
123,6,5
133,24,235
121,2,0
121,2,0
125,10,50
124,8,20
125,10,50
133,18,135
122,4,5
122,4,5
121,2,0
128,12,75
123,6,15
122,4,5
121,2,0
158,62,1140
128,16,130
124,8,25
139,20,130
128,12,75
124,8,30
125,10,40
122,2,0
122,4,5
120,0,0
121,2,0
120,0,0
122,2,0
120,0,0
121,2,0
121,2,0
120,0,0
120,0,0
122,4,5
122,4,5
120,0,0
120,0,0
121,2,0
120,0,0
77,10,50
28,10,50
24,12,55
214,16,100
13,4,5
13,2,0
11,0,0
97,36,625
93,38,680
208,72,1310
77,18,145
97,36,620
71,8,30
89,20,220
375,86,1920
77,20,205
77,16,135
71,8,30
73,10,50
269,74,1575
71,6,15
127,42,730
89,22,255
191,58,1135
150,44,905
144,54,1015
69,6,15
104,38,635
159,46,975
83,20,190
76,16,120
70,8,30
87,30,470
72,12,70
94,36,620
87,32,565
71,10,50
102,36,625
87,28,445
72,8,30
79,20,195
75,10,50
70,8,30
104,40,770
73,12,70
75,12,70
85,18,170
74,12,75
82,16,120
67,2,0
69,6,15
67,2,0
67,2,0
67,2,0
66,0,0
66,0,0
321,20,140
73,14,95
137,22,145
14,4,5
23,10,50
18,10,40
15,6,15
13,2,0
10,8,30
3,2,0
28,18,125
19,2,0
327,20,165
221,18,125
111,24,215
36,16,105
35,20,130
25,12,70
23,10,50
19,2,0
18,0,0
19,2,0
19,2,0
32,14,100
35,14,105
321,20,190
137,20,190
24,8,15
31,14,100
13,2,0
312,6,15
206,6,15
97,6,15
5,2,0
96,6,15
51,32,495
43,18,160
42,22,270
329,36,560
223,30,445
145,32,475
104,32,485
113,28,420
27,14,105
56,28,390
39,16,130
46,16,110
53,26,370
340,50,895
234,48,745
92,32,535
156,42,780
115,44,805
124,36,670
38,14,105
67,32,545
33,4,5
50,18,170
34,6,15
34,6,15
34,6,15
33,4,5
32,2,0
32,2,0
31,0,0
39,10,30
16,4,5
12,2,0
21,6,10
27,8,25
205,4,5
4,4,5
153,18,135
42,18,165
214,18,165
95,14,105
49,14,105
12,2,0
11,0,0
29,10,50
315,12,55
209,10,50
131,12,55
90,10,50
12,4,5
169,44,850
58,30,480
336,40,735
88,14,105
105,44,810
33,8,15
48,32,500
55,30,510
55,30,500
42,22,250
48,34,635
47,24,320
29,4,5
48,32,525
29,4,5
65,38,735
33,12,75
43,18,135
27,0,0
153,14,90
155,26,255
157,12,75
173,44,805
150,16,115
451,84,1660
173,26,325
345,72,1355
143,2,0
152,14,60
220,102,1565
180,50,770
144,4,5
146,8,30
161,24,255
163,36,610
150,14,105
144,4,5
152,16,130
148,12,70
148,10,50
170,44,755
149,12,70
149,8,25
170,44,810
157,28,290
146,8,30
144,4,5
163,36,640
162,32,450
147,10,50
149,14,95
150,16,115
144,2,0
147,10,25
148,12,70
144,2,0
144,4,5
178,24,295
163,34,530
144,4,5
143,2,0
148,12,50
148,12,75
155,22,225
151,14,105
143,2,0
151,12,65
147,10,50
147,10,50
155,14,100
150,16,105
145,6,15
152,18,120
153,16,75
180,64,1205
144,4,5
150,16,130
149,12,70
147,10,40
151,14,90
143,2,0
144,4,5
143,2,0
144,4,5
146,8,30
145,6,15
146,8,25
143,2,0
144,4,5
143,2,0
143,2,0
145,6,15
143,2,0
145,6,15
144,4,5
148,10,45
143,2,0
143,2,0
143,2,0
143,2,0
150,14,80
143,2,0
143,2,0
148,12,75
143,2,0
143,2,0
158,22,170
148,10,35
143,2,0
144,4,5
148,8,30
144,4,5
147,10,40
145,6,15
144,4,5
149,10,45
144,4,5
144,4,5
144,4,5
143,2,0
143,2,0
143,2,0
143,2,0
143,0,0
142,0,0
142,0,0
144,4,5
143,2,0
143,2,0
144,4,5
142,0,0
143,2,0
143,2,0
142,0,0
144,4,5
142,0,0
143,2,0
142,0,0
142,0,0
142,0,0
326,20,205
220,26,275
27,14,90
95,28,295
34,14,105
45,16,140
29,16,115
26,14,95
55,16,140
23,12,75
18,2,0
14,6,15
320,20,155
22,16,115
95,16,115
14,6,15
27,8,30
44,16,130
216,18,165
91,16,135
20,12,75
21,12,75
19,12,75
51,18,155
319,12,60
103,18,115
28,18,115
27,16,95
17,12,70
13,6,15
15,10,50
8,4,5
332,38,540
226,30,470
148,34,505
107,36,540
116,34,500
30,10,50
34,16,140
59,28,425
28,8,30
27,4,5
25,4,5
26,2,0
23,0,0
16,6,5
41,4,5
8,2,0
324,26,225
19,8,30
76,16,135
108,24,200
17,4,5
16,0,0
340,36,635
234,44,630
69,28,420
41,12,75
37,12,60
52,30,390
41,16,130
59,32,525
59,36,600
37,12,65
52,32,470
34,6,15
40,18,115
35,8,30
36,10,50
36,10,50
36,10,45
69,38,670
39,16,130
317,14,105
211,14,105
12,6,15
208,10,45
312,6,15
206,6,15
332,30,360
226,30,370
31,8,30
30,6,15
25,4,5
116,24,265
42,20,155
27,8,30
36,20,155
27,8,30
41,6,15
24,2,0
23,0,0
322,14,105
216,18,135
51,14,105
17,6,15
15,4,5
16,6,15
14,2,0
14,2,0
9,8,30
8,8,30
14,6,15
5,4,5
5,4,5
11,6,15
211,16,75
16,6,15
15,4,5
100,10,50
10,6,15
9,4,5
7,2,0
321,22,205
215,24,220
16,8,30
17,10,45
20,10,50
312,6,15
206,6,15
310,2,0
11,2,0
11,2,0
96,2,0
8,4,5
208,10,40
83,8,30
17,6,15
331,26,370
83,26,310
106,32,400
58,24,285
24,4,5
27,10,50
27,10,50
28,8,30
25,6,15
24,4,5
22,0,0
22,0,0
31,10,35
92,12,55
10,4,5
10,4,5
320,18,175
311,4,5
320,20,170
317,16,140
340,52,795
512,174,3170
313,8,30
319,20,205
318,18,175
319,20,205
318,14,105
370,76,1055
313,8,30
434,122,1920
318,18,175
393,80,1590
323,24,230
387,66,1245
312,6,15
318,16,140
311,4,5
322,18,160
347,44,715
402,84,1495
311,2,0
315,10,35
319,18,150
316,14,90
313,6,15
311,4,5
310,2,0
316,14,105
322,14,90
316,14,80
313,6,10
317,14,75
328,28,305
313,8,30
315,6,15
312,6,15
315,10,50
337,38,710
311,4,5
315,10,35
337,40,690
313,8,30
330,32,570
311,4,5
315,10,50
329,30,400
316,12,75
313,6,10
315,10,50
316,14,60
314,8,30
320,16,115
311,4,5
345,56,1010
330,30,445
311,2,0
312,6,10
312,4,5
325,22,150
322,22,220
314,8,25
312,4,5
318,14,105
322,18,160
322,22,240
332,28,100
312,6,10
311,4,5
311,4,5
313,8,30
310,2,0
347,48,950
312,6,15
312,6,15
317,12,70
311,4,5
310,2,0
312,4,5
320,14,45
315,12,40
311,4,5
315,10,45
328,28,285
312,6,15
314,10,45
316,10,40
313,8,30
311,4,5
312,6,15
310,2,0
317,14,80
310,2,0
312,6,5
327,14,60
325,16,120
310,2,0
310,2,0
311,4,5
312,6,15
318,14,60
314,8,30
311,4,5
312,6,10
321,24,150
311,4,5
314,10,10
311,4,5
311,4,5
310,2,0
314,8,30
326,22,155
312,6,15
312,6,10
310,2,0
311,4,5
312,6,15
315,10,30
311,4,5
311,4,5
313,8,30
314,4,5
312,4,5
311,4,5
311,4,5
315,12,35
312,6,10
310,2,0
309,0,0
309,0,0
310,2,0
309,0,0
309,0,0
310,0,0
310,2,0
309,0,0
309,0,0
312,6,15
309,0,0
310,2,0
309,0,0
310,2,0
310,2,0
309,0,0
309,0,0
310,2,0
310,2,0
309,0,0
309,0,0
309,0,0
309,0,0
310,2,0
310,2,0
309,0,0
309,0,0
311,4,5
310,2,0
310,2,0
311,4,5
309,0,0
310,2,0
309,0,0
312,6,15
312,6,15
313,4,5
310,2,0
309,0,0
309,0,0
310,2,0
310,2,0
309,0,0
313,8,30
309,0,0
312,2,0
309,0,0
309,0,0
309,0,0
310,2,0
309,0,0
311,2,0
310,2,0
313,8,15
310,2,0
310,2,0
310,2,0
310,2,0
309,0,0
310,2,0
309,0,0
309,0,0
310,2,0
310,2,0
310,2,0
309,0,0
311,2,0
309,0,0
309,0,0
309,0,0
309,0,0
311,4,5
309,0,0
309,0,0
309,0,0
309,0,0
309,0,0
309,0,0
310,2,0
309,0,0
310,2,0
309,0,0
310,2,0
309,0,0
309,0,0
309,0,0
309,0,0
309,0,0
310,0,0
309,0,0
312,6,15
309,0,0
310,2,0
309,0,0
309,0,0
310,2,0
310,2,0
309,0,0
309,0,0
309,0,0
309,0,0
312,6,15
312,2,0
311,4,5
309,0,0
309,0,0
312,6,15
309,0,0
309,0,0
309,0,0
311,4,5
309,0,0
314,10,20
309,0,0
309,0,0
309,0,0
310,2,0
309,0,0
309,0,0
309,0,0
310,2,0
312,6,15
136,22,225
95,22,225
47,20,190
19,14,95
20,12,70
12,2,0
214,16,140
34,14,105
136,20,205
104,20,205
95,4,5
72,16,120
95,18,150
18,10,45
34,10,45
212,12,65
17,8,30
102,10,50
11,4,5
11,4,5
9,0,0
211,16,140
101,16,140
206,6,15
10,4,5
22,8,30
14,4,5
234,44,755
92,26,345
156,44,675
115,34,565
37,8,30
44,10,35
69,18,170
37,10,35
50,16,110
43,14,90
35,8,30
32,2,0
33,4,5
31,0,0
32,2,0
132,10,50
21,8,30
9,2,0
211,16,90
213,20,205
212,18,175
213,20,205
212,16,105
264,44,785
211,6,15
328,78,1535
212,18,175
205,4,5
211,10,40
287,82,1465
217,18,175
281,54,975
212,16,140
207,6,15
206,6,15
216,20,170
241,46,780
296,82,1490
220,22,235
213,20,165
207,8,30
210,14,90
206,6,15
207,8,30
209,10,45
216,14,90
207,6,5
222,30,310
205,4,5
207,8,30
224,28,375
213,16,120
231,36,535
210,12,60
231,40,645
209,12,65
209,12,50
223,26,310
210,12,75
209,10,50
210,10,50
205,4,5
207,8,20
208,10,45
212,16,100
204,2,0
215,16,125
212,10,45
239,48,900
208,6,15
207,8,20
219,18,140
207,6,5
217,20,125
204,2,0
206,6,15
216,18,160
216,26,280
208,8,30
214,10,30
241,46,810
215,18,100
204,2,0
206,6,15
205,4,5
206,6,15
208,8,30
211,14,80
205,4,5
205,4,5
206,4,5
207,8,30
204,2,0
204,2,0
204,2,0
209,6,15
210,12,35
205,4,5
206,6,15
204,2,0
215,12,75
205,4,5
206,2,0
220,22,145
212,14,80
206,6,15
209,10,30
206,6,15
204,2,0
205,4,5
206,6,15
205,4,5
206,6,15
220,18,100
206,6,15
204,2,0
207,8,30
204,2,0
205,4,5
206,6,15
204,2,0
204,2,0
204,2,0
204,2,0
204,2,0
204,0,0
203,0,0
203,0,0
203,0,0
204,2,0
203,0,0
203,0,0
203,0,0
203,0,0
204,2,0
207,8,0
203,0,0
204,2,0
203,0,0
203,0,0
203,0,0
204,0,0
203,0,0
203,0,0
203,0,0
203,0,0
203,0,0
203,0,0
203,0,0
203,0,0
203,0,0
203,0,0
203,0,0
203,0,0
207,8,30
203,0,0
203,0,0
69,12,55
21,12,55
20,8,25
25,6,15
1,0,0
97,8,30
19,18,175
20,20,205
19,18,175
19,16,140
88,18,125
22,12,75
19,14,90
20,8,30
16,12,75
11,2,0
86,4,5
6,2,0
6,2,0
19,18,175
18,18,175
18,16,140
9,2,0
6,2,0
6,2,0
19,18,175
19,16,140
10,2,0
13,2,0
45,4,5
9,8,30
186,58,825
145,48,810
139,20,195
154,40,670
69,12,65
68,8,30
65,8,30
70,18,95
72,20,135
64,6,15
66,10,45
74,20,195
84,16,70
65,8,30
73,20,120
67,8,30
66,10,50
66,10,50
67,10,50
67,12,55
66,10,50
63,4,5
64,6,10
64,6,15
67,6,15
63,4,5
62,2,0
65,2,0
63,4,5
62,2,0
66,4,5
64,6,15
64,6,15
63,4,5
63,4,5
61,0,0
61,0,0
63,4,5
61,0,0
62,0,0
4,2,0
129,8,30
43,10,50
148,30,380
116,30,370
39,8,30
37,12,70
39,22,200
40,20,165
30,14,105
30,14,105
30,14,105
25,4,5
23,0,0
19,2,0
9,2,0
8,0,0
15,4,5
209,62,1365
136,6,15
218,60,1275
131,10,35
132,12,70
132,14,105
133,16,80
128,6,15
131,10,30
129,8,30
129,8,20
136,20,140
161,42,785
126,2,0
139,16,120
128,6,15
130,8,30
148,16,65
141,22,190
128,6,5
131,10,45
144,26,260
128,4,5
134,12,50
137,22,140
133,14,95
126,2,0
127,4,5
134,16,115
127,4,5
125,0,0
130,10,50
128,6,15
126,2,0
128,6,10
125,0,0
128,4,5
128,6,15
127,4,5
127,4,5
125,0,0
126,2,0
126,2,0
125,0,0
128,6,15
125,0,0
125,0,0
126,2,0
127,4,5
125,0,0
125,0,0
128,6,15
131,10,40
125,0,0
127,4,5
125,0,0
142,20,150
127,4,5
130,10,50
129,8,30
126,2,0
126,2,0
130,8,15
126,2,0
126,2,0
126,2,0
126,2,0
126,2,0
126,2,0
134,10,25
128,6,10
128,6,15
127,4,5
126,2,0
125,0,0
128,6,15
127,4,5
128,6,5
125,0,0
125,0,0
125,0,0
131,10,30
127,4,5
126,0,0
127,4,5
128,6,15
127,4,5
126,2,0
128,4,5
125,0,0
126,2,0
18,16,140
11,6,15
9,2,0
9,0,0
98,22,205
177,54,1100
91,14,105
91,12,65
94,8,30
95,18,155
85,2,0
93,16,90
120,50,940
87,6,15
87,6,15
87,6,5
87,6,15
96,18,110
100,14,105
85,2,0
87,6,15
86,4,5
88,8,30
87,6,15
90,12,60
90,12,60
87,6,15
89,10,50
89,10,50
88,8,30
86,4,5
85,2,0
91,12,60
87,6,10
92,16,105
89,8,30
93,16,115
86,4,5
86,4,5
85,2,0
90,4,0
87,6,15
86,4,5
86,4,0
86,4,5
87,6,15
90,12,50
90,10,50
86,4,5
84,0,0
85,2,0
86,4,5
89,10,50
87,6,10
50,20,175
19,10,45
18,8,30
16,4,5
116,42,645
82,8,30
82,8,30
82,8,30
99,34,550
86,14,105
106,34,605
106,38,650
93,24,265
99,32,570
98,28,405
90,22,190
114,20,210
99,32,525
87,16,110
87,18,135
86,14,95
81,6,15
88,16,100
89,12,60
116,48,945
87,12,70
82,8,30
82,8,30
80,4,5
82,8,30
82,8,30
80,4,5
79,2,0
80,4,5
79,2,0
81,6,15
84,12,75
79,2,0
84,10,45
79,2,0
86,14,80
84,12,75
94,18,145
84,8,30
80,4,5
84,8,30
83,10,40
81,6,15
80,4,5
85,10,45
79,2,0
83,6,10
78,0,0
78,0,0
79,2,0
80,4,5
79,2,0
78,0,0
79,2,0
10,0,0
4,0,0
19,6,10
46,12,65
25,14,75
14,12,45
11,6,15
94,2,0
51,10,50
25,8,20
15,4,5
13,0,0
17,4,5
17,4,0
14,2,0
12,2,0
12,2,0
12,2,0
55,24,240
59,24,315
44,12,70
66,32,490
42,8,30
41,6,10
50,14,105
51,16,140
47,14,105
44,8,30
43,10,50
48,16,105
76,30,495
45,10,50
46,10,50
40,2,0
41,6,15
39,2,0
44,10,35
106,12,75
94,2,0
100,12,75
104,18,140
129,44,760
97,8,20
96,4,5
107,16,120
106,22,240
95,4,5
99,10,10
111,30,210
95,4,5
101,14,85
95,4,5
94,2,0
98,8,30
110,30,205
102,14,80
96,6,15
94,2,0
96,6,15
110,14,95
94,2,0
94,2,0
95,4,5
95,4,5
94,2,0
100,14,100
95,4,5
93,0,0
94,2,0
93,0,0
100,12,50
94,2,0
93,0,0
94,2,0
95,4,5
95,4,5
100,14,100
96,6,15
93,0,0
99,12,75
93,0,0
95,4,0
96,4,0
93,0,0
100,14,100
95,4,5
100,14,100
23,8,20
45,14,105
23,10,40
20,6,15
19,4,5
20,0,0
15,6,5
7,2,0
14,8,30
2,0,0
13,10,50
6,0,0
4,4,5
8,8,30
8,8,30
8,8,30
6,2,0
5,0,0
5,0,0
6,4,5
12,8,30
15,12,60
10,8,30
11,10,45
18,4,5
18,8,20
19,6,15
15,4,5
16,6,15
8,4,5
9,2,0
22,4,5
6,0,0
30,8,30
11,2,0
42,8,30
25,4,5
5,2,0
31,8,30
20,6,15
11,4,5
34,10,50
8,2,0
44,10,50
47,16,140
23,8,30
20,2,0
32,18,125
23,8,30
57,16,140
22,4,5
23,8,30
9,8,30
49,30,435
42,32,465
41,22,265
42,28,400
26,10,50
37,10,50
26,10,50
59,36,605
27,12,75
4,4,5
4,4,5
9,2,0
8,4,5
8,4,5
38,14,105
38,16,130
18,12,75
4,4,5
11,10,50
11,10,50
16,12,70
35,14,80
56,34,595
49,30,510
41,16,140
31,6,15
66,38,695
35,12,55
30,4,5
28,0,0
30,4,5
28,0,0
10,6,15
12,6,15
18,8,30
12,8,30
23,4,5
4,4,5
4,2,0
10,4,5
7,2,0
49,30,500
34,10,50
40,14,105
44,14,95
30,4,5
66,40,755
36,16,130
30,4,5
28,0,0
53,20,225
19,8,30
18,6,15
16,2,0
31,12,75
15,12,65
42,30,450
26,10,50
26,10,50
59,34,635
23,4,5
21,0,0
2,2,0
40,4,5
10,2,0
41,24,320
26,8,30
25,10,35
33,18,135
58,28,385
24,8,30
25,10,40
21,2,0
43,12,75
7,0,0
5,2,0
15,14,95
13,12,75
9,4,5
4,2,0
10,6,15
14,12,75
7,2,0
6,2,0
10,6,10
9,4,5
17,8,30
8,8,30
11,10,50
6,4,5
47,16,140
17,8,30
12,2,0
13,8,30
14,10,45
8,4,5
7,6,15
6,6,15
21,14,95
15,4,5
18,12,75
21,14,75
15,10,50
15,12,55
14,10,50
11,4,5
7,4,5
16,10,45
14,6,15
41,8,30
44,14,95
37,2,0
45,16,115
37,2,0
37,2,0
23,4,5
59,30,500
27,12,75
23,4,5
21,0,0
13,4,5
3,2,0
5,4,5
44,10,45
18,8,25
10,6,15
9,8,30
8,2,0
10,10,50
21,4,5
6,4,5
5,4,5
5,4,5
54,14,95
35,8,30
23,6,15
22,4,5
17,2,0
16,0,0
16,0,0
22,10,50
18,10,40
13,4,5
5,4,5
8,6,15
7,2,0
5,2,0
21,8,30
20,8,30
31,18,100
18,8,30
16,4,5
18,4,5
23,10,45
18,8,30
4,2,0
11,4,5
4,4,5
15,12,75
9,6,15
5,0,0
15,10,50
7,6,15
43,10,50
17,8,30
14,2,0
2,2,0
30,12,60
25,4,5
39,2,0
24,2,0
25,4,5
25,4,5
24,2,0
24,2,0
25,4,5
26,6,5
28,4,5
24,2,0
23,0,0
23,0,0
25,4,5
25,4,5
23,0,0
9,4,5
2,2,0
13,6,15
17,10,50
9,2,0
21,10,45
16,10,45
14,4,5
17,8,30
15,2,0
44,8,30
18,10,50
18,10,50
17,10,50
4,4,5
9,4,5
27,10,45
21,10,50
33,20,160
21,10,50
23,14,105
23,14,105
23,14,105
8,0,0
9,0,0
9,0,0
18,4,0
13,2,0
14,4,5
13,2,0
2,0,0
8,8,30
8,8,30
2,2,0
8,8,30
2,2,0
3,2,0
21,4,0
4,2,0
7,2,0
2,2,0
6,6,15
6,6,15
9,6,15
4,2,0
7,6,15
20,6,15
10,6,15
14,6,15
14,6,15
14,6,15
12,2,0
12,0,0
8,4,5
2,2,0
4,2,0
5,4,5
2,2,0
8,4,5
18,8,30
4,4,5
10,10,50
8,4,5
7,2,0
7,2,0
6,0,0
20,2,0
21,4,0
20,2,0
3,0,0
9,8,30
8,2,0
18,4,5
19,6,15
9,2,0
6,6,15
9,6,15
11,8,30
6,6,15
6,6,15
11,10,50
11,10,50
13,10,50
10,4,5
13,4,5
4,2,0
2,2,0
4,2,0
9,6,15
13,8,30
24,8,30
11,8,30
26,14,85
35,16,95
25,14,100
25,12,70
25,14,100
21,6,15
24,12,75
25,14,100
25,14,100
23,10,50
19,6,15
9,6,15
15,12,75
15,12,75
15,12,75
15,12,75
22,12,45
16,0,0
10,10,50
12,10,50
8,4,5
7,2,0
6,6,15
12,10,50
6,6,15
12,8,30
21,10,40
14,6,15
10,2,0
9,0,0
2,2,0
11,4,5
6,4,5
15,6,15
16,8,30
17,6,15
3,2,0
7,2,0
2,2,0
7,4,5
6,2,0
6,2,0
17,10,50
11,6,15
2,2,0
7,2,0
24,12,70
20,6,15
22,10,50
2,2,0
4,4,5
23,8,30
10,8,30
8,2,0
12,10,50
11,10,50
11,10,50
8,4,5
4,4,5
22,10,50
10,10,50
2,2,0
5,4,5
8,6,10
12,6,10
5,4,5
9,6,15
7,2,0
22,10,50
19,4,5
24,14,105
24,14,105
24,14,105
21,8,30
14,8,15
7,4,5
10,2,0
9,0,0
11,4,5
9,0,0
5,4,5
1,0,0
7,4,5
1,0,0
6,6,15
6,6,15
2,2,0
2,2,0
2,2,0
6,6,15
7,6,15
6,6,15
6,6,15
7,2,0
5,2,0
7,4,5
6,4,5
3,2,0
7,6,15
7,6,15
2,0,0
6,6,15
5,4,5
5,4,5
6,6,15
14,14,105
14,14,105
14,14,105
2,2,0
0,0,0
1,0,0
4,4,5
3,2,0
0,0,0
14,14,100
13,12,75
14,14,100
14,14,100
4,4,5
12,10,50
4,4,5
13,12,75
14,14,100
14,14,100
13,12,75
13,12,75
5,2,0
3,0,0
14,14,100
2,2,0
2,2,0
5,2,0
11,6,15
7,4,5
8,6,15
9,6,15
7,2,0
7,2,0
7,4,5
6,4,5
4,0,0
4,4,5
3,2,0
5,4,5
6,4,5
4,2,0
7,4,5
2,2,0
2,2,0
2,2,0
1,0,0
2,2,0
2,2,0
2,2,0
2,2,0
4,4,5
4,4,5
4,4,5
0,0,0
2,2,0
0,0,0
0,0,0
0,0,0
0,0,0
0,0,0
0,0,0
0,0,0
0,0,0
0,0,0
2,2,0
2,2,0
2,2,0
0,0,0
0,0,0
0,0,0
0,0,0
0,0,0
0,0,0
0,0,0
0,0,0
0,0,0
