"0,1-HhIndex","2,1-HhIndex","3,1-HhIndex"
240,2,0
40,2,0
240,28,140
240,4,5
240,14,35
240,2,0
240,6,9
240,2,0
240,2,0
240,12,32
240,38,256
240,8,15
240,40,308
240,2,0
240,6,9
240,27,119
240,12,35
550,48,388
240,14,35
240,6,9
240,0,0
240,4,5
240,2,0
240,6,9
240,0,0
240,0,0
240,2,0
240,0,0
240,2,0
240,2,0
240,38,281
240,4,5
405,47,388
240,2,0
240,16,51
240,10,20
240,6,9
240,16,48
240,35,250
240,8,14
240,4,5
240,0,0
240,6,11
240,43,321
240,0,0
240,4,5
240,30,163
240,2,0
240,2,0
240,8,14
240,4,5
240,16,49
240,10,20
240,0,0
240,18,70
240,40,290
240,16,52
240,40,332
240,12,27
240,0,0
240,12,30
240,10,26
240,8,14
240,2,0
240,4,5
240,17,53
240,6,9
240,2,0
240,0,0
240,32,191
240,0,0
240,2,0
240,10,19
240,16,60
240,30,163
240,36,224
240,2,0
240,4,5
240,0,0
240,28,131
240,0,0
240,8,14
240,34,200
240,40,297
240,12,35
240,42,310
240,13,34
240,8,14
240,0,0
240,2,0
240,16,45
240,16,50
240,6,9
240,6,9
240,6,9
240,26,116
240,32,179
240,9,15
240,4,5
240,15,43
240,8,14
240,10,20
240,0,0
240,2,0
240,25,96
240,34,212
240,17,61
240,15,42
240,0,0
240,0,0
240,16,49
240,10,19
240,8,19
240,4,5
240,26,111
240,2,0
240,0,0
240,0,0
240,6,7
240,2,0
240,16,61
240,2,0
240,26,114
240,14,35
240,8,19
240,4,5
240,6,9
240,21,81
240,14,41
240,0,0
240,2,0
240,8,14
240,6,9
240,2,0
240,2,0
240,10,20
240,10,20
240,0,0
240,0,0
240,8,14
240,16,52
240,6,9
240,0,0
240,2,0
240,3,0
240,7,15
240,8,14
240,23,90
240,10,25
240,0,0
309,46,385
240,2,0
240,16,44
240,17,61
240,4,5
240,4,5
240,16,43
240,2,0
240,2,0
240,10,25
240,16,44
240,6,9
240,4,5
240,0,0
240,4,5
240,2,0
240,8,14
240,2,0
240,30,165
240,10,25
240,0,0
240,46,360
240,2,0
240,0,0
240,0,0
240,10,19
240,0,0
240,8,14
240,16,61
240,0,0
240,0,0
240,10,19
240,4,5
240,6,9
240,16,53
240,4,5
240,0,0
240,2,0
240,8,16
240,6,9
240,0,0
240,16,61
240,14,35
240,0,0
240,6,15
240,0,0
240,2,0
240,2,0
240,8,17
240,33,200
240,2,0
240,0,0
240,8,14
240,6,9
240,10,20
240,22,90
240,6,11
240,4,5
240,0,0
240,4,5
240,0,0
240,4,6
240,40,312
240,16,53
240,4,5
240,8,14
240,40,280
240,17,54
240,8,14
240,31,171
240,6,9
240,2,0
240,16,44
240,0,0
240,0,0
240,6,9
240,2,0
240,6,9
240,10,22
240,4,5
240,0,0
240,2,0
240,4,5
240,16,50
240,6,12
240,28,137
240,0,0
240,36,257
240,18,65
240,2,0
240,0,0
240,2,0
105,28,133
104,28,129
550,28,144
405,28,144
144,28,140
98,28,121
135,27,114
70,20,70
60,28,117
48,27,113
121,28,125
40,2,0
41,8,14
309,28,144
41,10,25
44,23,86
203,28,144
40,2,0
41,6,9
125,28,140
41,8,15
94,26,103
41,8,14
41,14,33
40,0,0
41,8,14
41,10,20
41,6,9
40,0,0
40,6,9
40,4,5
40,4,5
40,2,0
40,2,0
40,0,0
40,0,0
41,8,14
40,2,0
40,4,5
144,4,5
18,4,5
550,14,38
405,14,35
144,14,35
13,8,14
120,14,35
142,14,38
309,14,35
79,14,38
13,6,9
135,2,0
405,6,11
120,6,11
10,6,9
15,4,5
6,2,0
2,2,0
405,2,0
20,2,0
26,6,9
550,14,43
405,12,30
97,11,25
30,13,41
28,12,36
26,5,7
26,6,9
31,10,19
26,4,5
93,14,70
41,10,19
26,4,5
29,14,56
26,12,30
25,2,0
30,10,26
25,12,34
26,10,26
25,12,34
25,12,27
25,12,34
25,12,34
24,10,20
108,37,274
550,40,276
104,6,9
105,36,228
405,40,276
105,36,229
144,36,210
106,37,256
135,38,254
104,17,53
105,36,228
104,28,120
105,32,158
122,34,194
105,36,202
104,14,40
104,15,43
143,27,114
104,28,125
104,10,20
309,40,274
104,17,59
104,16,53
105,30,152
203,40,274
105,31,149
126,39,259
105,37,244
104,18,53
104,2,0
104,16,44
106,36,225
104,14,34
104,6,9
104,8,14
104,8,21
104,8,14
104,8,14
104,6,9
104,13,45
105,31,175
104,2,0
104,6,9
104,12,27
104,2,0
104,2,0
104,8,19
104,8,14
104,4,5
104,8,14
104,6,9
104,9,17
104,2,0
104,4,5
104,2,0
104,13,33
104,6,9
104,4,5
104,6,9
104,4,5
104,6,9
104,7,13
104,4,5
104,2,0
104,4,5
104,4,5
104,2,0
104,4,5
104,2,0
104,6,9
104,6,9
104,2,0
104,2,0
104,2,0
104,4,5
104,2,0
104,0,0
104,0,0
104,4,5
104,2,0
104,4,5
104,2,0
104,0,0
104,4,5
104,2,0
104,0,0
104,2,0
104,4,5
104,0,0
104,0,0
104,2,0
104,0,0
104,2,0
104,0,0
104,2,0
104,0,0
104,2,0
104,0,0
104,4,5
104,2,0
104,2,0
104,0,0
104,0,0
550,8,15
10,6,9
9,4,5
19,6,13
11,6,13
9,0,0
9,0,0
9,0,0
550,42,324
105,38,284
405,42,324
103,18,57
104,36,269
103,8,14
144,37,232
103,9,21
106,40,309
135,39,307
104,36,228
104,28,140
104,32,172
122,34,199
104,37,230
103,13,37
103,27,123
104,32,200
103,2,0
143,26,122
103,15,42
103,28,118
103,16,58
103,8,14
103,24,100
309,42,316
103,17,53
103,16,43
103,16,44
104,30,158
103,10,25
203,42,305
103,14,35
104,32,190
103,8,14
103,22,105
126,40,301
105,40,288
103,18,64
103,16,44
106,36,268
103,8,14
103,14,35
103,10,20
104,32,205
103,15,42
103,6,9
103,19,64
103,6,9
103,4,5
103,6,9
103,4,5
103,10,20
103,17,70
103,6,9
103,10,19
103,8,14
103,18,68
103,9,19
103,2,0
103,6,9
103,4,5
103,4,5
103,4,5
103,10,20
103,4,5
103,8,14
103,15,60
103,4,5
103,10,20
103,2,0
103,6,9
103,4,5
103,6,9
103,2,0
103,2,0
103,2,0
103,0,0
103,6,9
103,0,0
103,4,5
103,0,0
103,2,0
103,0,0
103,6,9
103,2,0
103,0,0
103,2,0
103,0,0
103,0,0
103,0,0
103,4,5
103,2,0
103,0,0
103,2,0
103,2,0
103,0,0
103,14,35
103,14,35
103,0,0
103,14,35
405,2,0
405,6,9
120,6,9
9,6,9
550,34,216
405,34,216
144,30,139
70,32,184
69,33,210
65,32,196
120,34,210
70,32,190
45,30,191
142,34,201
44,30,140
309,33,192
64,15,42
125,19,61
80,32,190
42,28,114
44,30,147
40,10,20
45,30,144
42,20,65
43,30,161
40,10,20
40,10,26
42,28,117
39,10,20
39,10,20
40,8,14
50,32,187
39,6,9
39,6,9
39,6,9
39,2,0
39,2,0
39,0,0
39,4,5
39,4,5
39,4,5
39,0,0
39,0,0
550,12,35
405,12,35
19,8,14
69,12,27
120,12,35
13,8,14
13,8,19
309,12,27
13,6,9
79,12,27
550,14,35
550,6,9
550,4,5
550,2,0
550,40,299
550,4,5
550,54,464
550,17,58
550,10,23
550,6,9
550,18,57
550,38,269
550,6,11
550,46,360
550,4,5
550,37,262
550,8,19
550,4,5
550,16,49
550,18,70
550,41,309
550,16,52
550,43,352
550,12,27
550,12,27
550,10,26
550,4,5
550,40,295
550,10,23
550,18,69
550,37,257
550,37,239
550,28,140
550,34,221
550,44,385
550,12,35
550,45,388
550,16,51
550,16,60
550,6,9
550,28,137
550,32,197
550,10,23
550,8,14
550,32,203
550,43,316
550,19,90
550,16,46
550,17,75
550,11,25
550,8,14
550,28,134
550,6,9
550,2,0
550,32,178
550,14,35
550,8,19
550,4,5
550,22,99
550,14,41
550,6,9
550,10,23
550,10,20
550,16,57
550,7,15
550,8,17
550,24,101
550,10,25
550,52,454
550,4,5
550,16,51
550,10,25
550,16,44
550,4,5
550,2,0
550,8,16
550,31,178
550,10,25
550,50,421
550,16,61
550,13,42
550,6,9
550,16,53
550,4,5
550,2,0
550,8,16
550,16,61
550,14,35
550,2,0
550,35,205
550,10,20
550,22,94
550,43,329
550,16,53
550,8,15
550,42,300
550,18,64
550,38,276
550,6,9
550,16,44
550,6,9
550,2,0
550,12,26
550,4,5
550,16,52
550,8,14
550,31,177
550,38,275
550,19,71
550,14,48
550,8,14
550,11,32
550,6,9
550,6,9
550,2,0
550,2,0
550,8,14
550,8,14
550,8,14
550,8,14
550,4,5
550,4,5
550,13,33
550,10,30
550,8,14
550,10,20
550,18,84
550,2,0
550,6,9
550,4,5
550,8,14
550,2,0
550,2,0
550,30,153
550,14,35
550,7,13
550,2,0
550,6,9
550,10,26
550,10,26
550,32,177
550,11,26
550,4,5
550,4,5
550,4,5
550,32,189
550,20,75
550,8,14
550,10,20
550,8,14
550,4,5
550,31,161
550,10,20
550,24,117
550,12,27
550,4,5
550,2,0
550,6,13
550,6,9
550,10,20
550,8,14
550,12,33
550,4,6
550,2,0
550,12,39
550,2,0
550,10,20
550,6,9
550,10,20
550,10,26
550,16,47
550,10,26
550,6,9
550,16,60
550,2,0
550,4,6
550,35,220
550,28,130
550,12,27
550,6,9
550,16,53
550,18,66
550,6,9
550,5,6
550,4,5
550,10,24
550,4,5
550,14,35
550,14,45
550,8,15
550,10,20
550,10,20
550,4,5
550,10,20
550,16,50
550,4,5
550,19,66
550,2,0
550,4,5
550,6,9
550,11,29
550,2,0
550,4,6
550,12,36
550,6,9
550,4,5
550,12,45
550,2,0
550,6,9
550,10,27
550,4,5
550,36,250
550,4,5
550,14,35
550,10,26
550,2,0
550,4,5
550,6,9
550,11,26
550,4,5
550,15,50
550,4,5
550,8,17
550,11,29
550,12,32
550,11,26
550,2,0
550,4,5
550,4,5
550,2,0
550,8,14
550,8,14
550,2,0
550,6,9
550,0,0
550,0,0
550,2,0
550,4,5
550,2,0
550,8,14
550,2,0
550,2,0
550,0,0
550,4,5
550,8,14
550,2,0
550,2,0
550,2,0
550,3,0
550,2,0
550,2,0
550,8,14
550,6,9
550,2,0
550,0,0
550,0,0
550,0,0
550,2,0
550,0,0
550,0,0
550,0,0
550,0,0
550,0,0
550,4,5
550,6,9
550,4,5
550,0,0
550,0,0
550,6,9
550,0,0
550,0,0
550,4,5
550,0,0
550,10,24
550,2,0
550,0,0
550,8,14
550,6,13
550,2,0
550,4,5
550,4,5
550,0,0
550,2,0
550,4,5
550,8,14
550,4,5
550,2,0
550,2,0
550,2,0
550,2,0
550,2,0
550,4,5
550,0,0
550,0,0
550,4,5
550,2,0
550,0,0
550,0,0
550,0,0
550,2,0
550,2,0
550,9,19
550,0,0
550,0,0
550,0,0
550,4,5
550,4,5
550,2,0
550,0,0
550,10,20
550,4,5
550,0,0
550,20,80
550,2,0
550,6,9
550,0,0
550,0,0
550,6,9
550,0,0
550,2,0
550,2,0
550,0,0
550,2,0
550,2,0
550,2,0
550,0,0
550,2,0
550,6,9
550,4,5
550,0,0
550,0,0
550,0,0
550,0,0
550,0,0
550,0,0
550,0,0
550,2,0
550,8,19
550,9,17
550,0,0
550,0,0
550,4,5
550,0,0
550,4,5
550,0,0
550,0,0
550,2,0
550,10,20
550,0,0
550,0,0
550,6,9
550,0,0
550,0,0
550,2,0
550,0,0
550,0,0
550,0,0
550,4,5
550,0,0
550,0,0
550,12,27
550,0,0
550,0,0
550,0,0
550,0,0
550,0,0
550,0,0
550,0,0
550,0,0
550,0,0
550,2,0
550,2,0
550,8,14
550,2,0
550,0,0
550,0,0
550,9,19
550,0,0
550,6,9
550,4,5
550,0,0
550,8,14
550,0,0
550,0,0
550,0,0
550,6,9
550,0,0
550,0,0
550,0,0
550,2,0
550,4,5
550,0,0
550,2,0
550,2,0
550,0,0
550,0,0
550,2,0
550,2,0
550,2,0
550,2,0
550,6,9
550,2,0
550,0,0
550,0,0
550,10,23
550,2,0
550,2,0
550,0,0
550,12,27
550,0,0
550,0,0
550,2,0
550,2,0
550,2,0
550,0,0
550,2,0
550,2,0
550,4,5
550,2,0
550,2,0
550,6,9
550,2,0
550,0,0
550,4,5
550,0,0
550,0,0
550,0,0
550,0,0
550,0,0
550,4,5
550,12,27
550,10,24
550,2,0
550,4,5
550,0,0
550,0,0
550,0,0
550,0,0
550,12,27
550,2,0
550,6,9
550,2,0
550,4,5
550,6,9
550,4,5
550,0,0
550,2,0
550,0,0
550,6,9
550,16,46
550,10,20
550,0,0
550,6,9
550,8,14
550,2,0
550,0,0
550,2,0
550,2,0
550,2,0
550,2,0
550,6,9
550,4,5
550,0,0
550,4,5
550,2,0
550,2,0
550,2,0
550,0,0
550,0,0
550,2,0
550,10,20
550,0,0
550,0,0
550,4,5
550,2,0
550,8,15
550,6,9
550,6,9
550,4,5
550,8,17
550,0,0
550,0,0
550,0,0
550,0,0
550,0,0
550,0,0
550,0,0
550,6,9
550,0,0
550,0,0
550,6,9
550,9,19
550,0,0
550,0,0
550,0,0
550,0,0
550,2,0
550,4,5
550,0,0
550,2,0
550,0,0
550,0,0
550,0,0
550,0,0
550,8,14
550,6,9
550,0,0
550,4,5
550,0,0
550,2,0
550,10,28
550,4,5
550,2,0
550,0,0
550,4,5
550,2,0
550,0,0
550,10,23
550,4,5
550,2,0
550,0,0
550,8,14
550,0,0
550,0,0
550,0,0
550,4,5
550,4,5
550,0,0
550,4,5
550,2,0
550,2,0
550,2,0
550,0,0
550,0,0
550,0,0
550,0,0
550,12,36
550,4,5
550,2,0
550,2,0
550,0,0
550,6,9
144,14,35
16,14,35
309,14,35
203,14,35
17,14,35
17,14,35
203,6,9
405,4,5
4,2,0
405,2,0
405,6,9
97,6,9
203,6,9
5,2,0
405,2,0
3,2,0
8,2,0
405,39,299
87,10,20
88,17,50
89,36,255
144,36,218
100,38,271
135,38,281
87,11,25
87,17,53
87,2,0
89,20,66
89,36,199
88,28,140
89,31,145
121,33,183
89,37,231
87,14,40
88,27,124
88,32,190
88,20,81
87,10,20
88,24,100
87,10,25
309,40,289
87,2,0
88,17,61
88,29,129
203,39,279
89,32,185
87,8,14
88,22,101
87,4,5
126,39,281
92,38,275
88,16,44
97,36,250
87,4,5
87,2,0
87,4,5
87,8,14
87,13,39
89,32,175
87,13,34
87,10,24
88,14,35
88,19,69
87,15,50
87,4,5
87,10,24
87,8,14
87,6,9
87,10,20
87,4,5
87,8,14
87,4,5
87,8,14
87,8,14
87,8,14
87,4,5
87,13,37
87,4,5
87,4,5
87,4,5
87,4,5
87,4,5
87,8,15
87,5,7
87,6,11
87,6,9
87,4,5
87,2,0
87,2,0
87,4,5
87,2,0
87,2,0
87,0,0
87,2,0
87,0,0
87,0,0
87,4,5
87,2,0
87,0,0
87,0,0
87,0,0
4,4,5
3,0,0
405,18,63
405,10,20
405,37,269
405,46,360
405,38,262
405,2,0
405,9,21
405,16,49
405,10,26
405,18,70
405,41,309
405,43,352
405,12,27
405,10,26
405,8,14
405,17,53
405,40,295
405,11,28
405,18,69
405,38,257
405,37,239
405,28,138
405,34,221
405,44,385
405,12,32
405,46,388
405,8,14
405,15,40
405,6,9
405,28,124
405,32,194
405,16,51
405,8,14
405,32,203
405,43,316
405,18,85
405,15,42
405,17,75
405,8,19
405,4,5
405,28,127
405,2,0
405,16,58
405,32,178
405,14,35
405,8,19
405,6,9
405,22,98
405,14,41
405,8,14
405,2,0
405,4,5
405,10,23
405,10,20
405,8,14
405,16,57
405,8,17
405,24,101
405,52,454
405,17,61
405,4,5
405,16,51
405,16,44
405,4,5
405,2,0
405,30,172
405,50,421
405,12,28
405,4,5
405,6,9
405,8,14
405,6,9
405,14,35
405,7,15
405,8,17
405,34,207
405,6,9
405,10,20
405,22,100
405,6,11
405,4,6
405,43,329
405,42,300
405,8,14
405,38,276
405,6,9
405,6,9
405,10,25
405,16,52
405,30,177
405,38,275
405,19,71
405,8,14
405,14,48
405,8,14
405,12,32
405,8,14
405,8,14
405,8,14
405,14,35
405,4,5
405,4,5
405,4,5
405,0,0
405,9,24
405,12,32
405,4,5
405,10,30
405,2,0
405,8,14
405,5,6
405,11,25
405,0,0
405,10,20
405,19,84
405,0,0
405,0,0
405,2,0
405,0,0
405,6,9
405,0,0
405,4,5
405,8,14
405,2,0
405,2,0
405,8,14
405,30,153
405,0,0
405,0,0
405,4,5
405,4,5
405,0,0
405,14,35
405,4,5
405,0,0
405,2,0
405,0,0
405,7,13
405,2,0
405,15,46
405,6,9
405,2,0
405,4,5
405,10,26
405,10,26
405,32,177
405,11,26
405,8,24
405,4,5
405,4,5
405,0,0
405,4,5
405,8,14
405,4,5
405,2,0
405,32,189
405,20,69
405,8,14
405,0,0
405,10,25
405,8,14
405,2,0
405,0,0
405,4,5
405,0,0
405,31,161
405,2,0
405,4,5
405,4,5
405,4,5
405,10,20
405,0,0
405,0,0
405,24,117
405,12,27
405,5,6
405,0,0
405,2,0
405,2,0
405,2,0
405,4,5
405,6,13
405,6,9
405,10,20
405,8,14
405,12,33
405,2,0
405,0,0
405,4,5
405,2,0
405,2,0
405,6,9
405,12,39
405,2,0
405,10,20
405,2,0
405,6,13
405,10,20
405,8,14
405,10,26
405,4,5
405,6,9
405,2,0
405,8,19
405,16,44
405,12,34
405,2,0
405,2,0
405,4,5
405,0,0
405,0,0
405,2,0
405,2,0
405,0,0
405,2,0
405,6,9
405,0,0
405,0,0
405,6,9
405,14,47
405,4,5
405,2,0
405,9,19
405,2,0
405,4,6
405,13,39
405,2,0
405,2,0
405,4,5
405,34,216
405,28,130
405,4,5
405,2,0
405,2,0
405,4,5
405,2,0
405,0,0
405,2,0
405,2,0
405,2,0
405,8,19
405,0,0
405,0,0
405,7,13
405,8,14
405,0,0
405,4,5
405,0,0
405,10,20
405,12,27
405,0,0
405,6,9
405,6,9
405,2,0
405,2,0
405,16,50
405,0,0
405,0,0
405,18,66
405,4,5
405,0,0
405,2,0
405,0,0
405,6,13
405,5,6
405,4,5
405,13,35
405,10,19
405,2,0
405,4,5
405,2,0
405,4,5
405,2,0
405,0,0
405,0,0
405,14,35
405,2,0
405,6,9
405,4,5
405,2,0
405,4,5
405,2,0
405,12,31
405,0,0
405,2,0
405,2,0
405,2,0
405,4,5
405,8,14
405,4,6
405,0,0
405,10,20
405,6,9
405,0,0
405,0,0
405,2,0
405,10,20
405,10,20
405,0,0
405,6,11
405,0,0
405,0,0
405,10,20
405,16,50
405,4,5
405,4,5
405,2,0
405,6,9
405,8,19
405,19,69
405,2,0
405,0,0
405,2,0
405,2,0
405,4,5
405,0,0
405,6,9
405,2,0
405,8,19
405,12,31
405,2,0
405,0,0
405,4,5
405,2,0
405,4,5
405,12,36
405,6,9
405,6,9
405,4,5
405,4,5
405,12,37
405,4,5
405,2,0
405,6,9
405,10,22
405,2,0
405,0,0
405,2,0
405,4,5
405,2,0
405,0,0
405,2,0
405,4,5
405,6,9
405,8,14
405,2,0
405,0,0
405,4,5
405,4,5
405,2,0
405,2,0
405,8,14
405,0,0
405,0,0
405,2,0
405,36,250
405,0,0
405,4,5
405,14,42
405,12,35
405,2,0
405,4,5
405,2,0
405,6,9
405,6,9
405,4,5
405,11,26
405,4,5
405,15,47
405,0,0
405,2,0
405,2,0
405,4,5
405,6,9
405,0,0
405,8,17
405,0,0
405,11,29
405,12,32
405,10,23
405,2,0
405,4,5
405,2,0
405,0,0
405,4,5
405,0,0
405,4,5
405,2,0
203,2,0
144,16,43
18,10,26
68,17,56
120,17,52
142,17,59
21,14,34
36,16,51
18,6,9
43,15,48
14,2,0
14,0,0
144,10,23
309,10,23
21,6,9
8,2,0
18,6,9
6,4,5
21,4,5
135,17,50
22,4,5
309,17,50
30,12,27
85,17,50
25,12,30
94,17,50
41,16,45
21,2,0
21,8,19
21,8,14
22,2,0
21,4,5
22,2,0
21,0,0
21,0,0
21,0,0
144,34,187
54,16,44
99,36,254
135,37,251
63,34,197
55,28,128
121,31,148
73,36,210
56,32,161
55,28,118
55,24,88
53,10,25
309,38,257
54,17,60
57,29,129
53,10,25
203,37,245
66,32,175
55,22,105
52,4,5
125,38,256
86,36,259
54,18,57
94,36,239
52,6,9
58,30,175
53,10,24
53,6,9
52,2,0
54,17,70
53,10,24
53,6,9
53,8,14
53,12,27
52,6,9
52,10,20
53,14,53
52,10,20
52,2,0
52,4,5
52,14,35
52,14,35
52,14,35
52,2,0
52,2,0
52,0,0
52,0,0
32,8,15
309,8,15
203,8,15
8,6,9
4,4,5
9,4,5
203,6,9
15,6,9
144,34,185
144,16,43
144,18,70
144,36,217
144,16,52
146,39,274
144,35,222
144,18,69
144,34,196
144,35,194
144,32,206
145,42,325
144,12,32
144,42,302
144,15,41
144,15,45
144,6,9
144,29,141
144,16,51
148,38,242
144,18,74
144,29,136
144,14,35
144,21,89
144,14,41
144,16,57
144,10,20
309,46,360
144,16,44
144,8,16
144,30,159
203,46,345
144,16,61
144,16,53
144,6,9
144,16,61
144,14,35
145,38,249
144,16,53
144,37,215
144,34,188
144,16,44
144,6,9
144,30,155
144,33,193
144,19,69
144,4,5
144,18,84
144,14,35
144,30,140
144,7,13
144,30,147
144,10,20
144,4,5
144,6,13
144,10,20
144,6,13
144,2,0
144,15,44
144,4,5
144,14,35
144,10,20
144,16,50
144,12,27
144,6,9
144,32,173
144,14,35
144,2,0
144,10,26
144,10,23
144,2,0
144,4,5
144,2,0
144,4,5
144,18,71
144,2,0
144,4,5
144,4,5
144,8,14
144,2,0
144,6,9
144,2,0
144,6,9
144,6,9
144,6,9
144,9,23
144,4,5
144,2,0
144,2,0
144,4,5
144,2,0
144,14,33
144,7,11
144,2,0
144,8,14
144,2,0
144,2,0
144,0,0
144,0,0
144,2,0
144,0,0
144,2,0
144,0,0
144,0,0
144,0,0
144,0,0
144,0,0
144,0,0
144,0,0
144,2,0
144,0,0
144,0,0
144,2,0
144,0,0
144,0,0
144,0,0
144,0,0
144,2,0
144,0,0
144,0,0
144,0,0
144,0,0
144,2,0
144,0,0
144,2,0
144,0,0
144,2,0
144,0,0
144,0,0
144,0,0
144,0,0
203,4,5
7,0,0
7,0,0
7,0,0
7,0,0
7,0,0
135,26,124
75,34,240
73,34,225
72,23,84
121,34,240
77,34,213
70,30,183
143,36,255
70,19,85
69,16,61
309,36,240
203,34,205
69,13,42
82,34,260
69,10,20
70,30,153
70,19,71
69,4,5
70,28,137
69,10,26
70,30,153
70,31,167
70,20,72
70,30,146
70,24,109
69,6,9
69,12,33
69,12,39
69,16,60
71,18,53
70,28,130
69,12,27
69,14,45
69,10,20
69,12,36
70,33,224
69,8,14
69,8,14
69,8,14
69,8,14
69,8,14
69,6,9
69,2,0
69,2,0
69,4,5
69,4,5
69,2,0
69,12,27
69,15,42
69,8,14
69,6,9
69,2,0
69,0,0
69,0,0
69,2,0
69,4,5
69,0,0
69,0,0
69,2,0
69,0,0
69,0,0
69,0,0
69,2,0
69,2,0
25,8,19
37,8,14
18,4,5
135,16,49
18,14,39
309,16,45
203,16,45
15,10,20
41,14,41
14,8,14
15,8,19
68,10,26
120,10,26
142,10,26
9,4,5
41,10,20
135,18,70
22,16,44
44,16,44
20,16,44
309,18,70
203,18,70
85,16,53
135,39,292
97,17,53
99,36,228
98,27,125
99,32,172
122,34,187
99,37,230
97,16,58
97,6,9
98,27,129
98,32,200
97,8,15
143,25,105
98,28,134
97,16,58
97,10,20
97,8,14
98,24,101
309,42,300
97,17,60
97,17,61
97,10,20
98,16,44
203,41,288
99,32,178
98,22,105
97,4,6
126,40,286
100,40,274
97,18,53
102,36,268
97,14,34
97,4,5
97,12,29
97,8,14
97,16,44
97,6,9
97,8,14
98,32,205
97,2,0
97,6,9
97,15,40
97,2,0
97,4,6
98,19,64
97,4,5
97,4,5
97,17,70
97,4,5
97,2,0
97,4,5
97,10,20
97,18,68
97,9,17
97,10,20
97,6,9
97,10,23
97,2,0
97,6,9
97,10,20
97,10,20
97,10,23
97,12,27
97,2,0
97,6,9
97,2,0
97,2,0
97,6,9
97,6,9
97,15,60
97,2,0
97,4,5
97,6,9
97,14,35
97,14,35
97,14,35
97,4,5
97,2,0
97,0,0
97,0,0
97,2,0
97,2,0
97,0,0
97,0,0
97,0,0
97,0,0
97,0,0
309,16,52
203,16,52
17,16,52
17,16,44
17,16,52
17,16,44
10,0,0
135,12,27
135,10,25
135,18,69
135,26,105
135,36,220
135,28,140
135,32,190
135,39,262
135,16,60
135,27,137
135,32,197
135,9,18
144,30,165
135,17,52
135,28,134
135,20,79
135,14,35
135,8,14
135,16,52
135,6,9
135,24,100
309,44,345
135,17,66
135,28,144
203,44,338
135,12,28
135,14,35
135,33,194
135,10,20
135,21,86
136,40,292
135,38,270
135,28,135
135,23,102
135,36,260
135,17,52
135,14,35
135,10,20
135,11,23
135,17,51
135,6,9
135,7,13
135,4,5
135,16,44
135,12,27
135,8,14
135,6,9
135,4,5
135,16,47
135,4,5
135,12,27
135,4,5
135,34,219
135,14,35
135,8,15
135,4,5
135,19,74
135,6,9
135,4,5
135,2,0
135,10,23
135,8,14
135,2,0
135,9,19
135,4,5
135,10,20
135,18,71
135,4,5
135,10,20
135,2,0
135,10,24
135,4,5
135,6,9
135,6,9
135,12,34
135,2,0
135,0,0
135,13,33
135,0,0
135,0,0
135,2,0
135,0,0
135,2,0
135,0,0
135,2,0
135,0,0
135,0,0
135,0,0
135,0,0
135,2,0
135,0,0
135,2,0
135,0,0
135,2,0
135,8,14
135,4,5
135,14,36
135,2,0
135,0,0
135,14,39
135,5,7
135,0,0
135,0,0
135,0,0
135,2,0
135,0,0
135,2,0
135,0,0
135,0,0
135,2,0
135,0,0
135,0,0
135,0,0
135,0,0
135,0,0
135,2,0
135,6,9
135,0,0
135,0,0
135,0,0
135,0,0
142,12,27
309,12,27
203,12,27
4,0,0
18,2,0
20,6,9
22,6,9
19,6,9
309,12,28
203,12,30
93,12,30
18,2,0
24,8,14
20,4,5
18,4,5
18,4,5
18,0,0
18,0,0
26,10,26
26,10,20
203,10,26
85,10,20
120,8,14
309,8,14
2,2,0
203,4,5
59,16,44
68,17,53
20,16,44
125,17,53
93,17,53
16,6,9
14,4,5
13,2,0
13,0,0
10,6,9
6,6,9
203,6,9
73,36,239
71,25,102
121,37,291
77,36,228
68,16,51
69,32,198
143,36,265
68,17,59
69,32,178
309,38,279
70,22,92
203,36,234
125,26,105
87,22,86
82,34,240
69,30,151
68,13,33
68,16,52
68,30,151
68,14,35
68,15,46
69,32,170
68,11,26
69,32,180
68,20,65
68,10,20
68,31,161
67,4,5
69,24,108
67,6,9
67,2,0
68,10,20
68,10,26
68,10,26
67,2,0
68,28,130
68,18,61
68,6,13
68,14,35
68,10,20
67,2,0
67,2,0
69,35,245
68,14,42
67,6,9
68,11,26
68,8,14
67,4,5
68,12,27
67,6,9
67,6,9
67,2,0
67,2,0
67,4,5
67,4,5
67,2,0
67,4,5
67,0,0
67,0,0
203,11,28
15,10,23
19,10,19
17,8,13
8,0,0
142,16,43
28,16,43
21,16,44
309,18,69
203,18,69
24,16,43
18,2,0
18,8,14
18,2,0
17,2,0
17,2,0
121,36,245
74,36,226
62,8,14
64,30,183
143,36,240
64,31,156
309,36,253
203,35,191
125,23,88
82,34,225
65,30,153
63,10,26
62,5,7
62,10,20
62,8,14
63,14,35
64,32,170
62,4,5
64,32,162
63,20,72
62,8,14
64,30,146
62,4,5
63,10,20
64,24,105
62,10,20
62,10,20
63,14,35
64,27,116
63,18,66
63,12,33
65,34,215
63,12,32
62,8,14
62,3,0
62,4,5
62,6,9
62,8,14
63,12,27
62,2,0
62,4,5
63,15,44
62,2,0
62,2,0
62,2,0
62,8,14
62,8,14
63,9,28
62,4,5
62,2,0
62,0,0
62,0,0
62,0,0
62,0,0
62,30,156
121,33,179
73,36,194
59,15,41
60,28,127
59,16,43
309,38,239
59,2,0
203,37,239
66,30,150
59,4,6
125,36,228
87,36,213
81,22,81
59,16,47
95,35,214
59,12,27
59,2,0
59,2,0
59,16,47
61,30,155
59,4,5
59,6,9
59,10,23
59,9,19
59,14,33
59,2,0
59,6,9
59,2,0
59,4,5
59,6,9
59,6,9
59,4,5
59,6,9
59,2,0
59,0,0
59,0,0
59,2,0
59,0,0
59,2,0
59,0,0
59,4,5
59,0,0
59,0,0
59,0,0
59,0,0
59,0,0
59,0,0
203,4,5
93,4,5
30,12,27
309,28,132
39,24,95
203,28,129
35,20,65
125,28,133
86,28,117
94,27,125
28,8,14
31,18,54
28,9,20
30,12,32
28,6,9
28,6,9
28,8,14
28,2,0
28,2,0
28,6,9
28,2,0
17,8,14
309,8,14
8,8,14
93,8,14
121,31,162
43,6,9
48,26,102
143,27,129
309,34,221
203,34,221
125,32,170
86,31,163
80,24,95
43,6,9
44,16,43
51,26,130
43,8,14
43,6,9
43,10,20
43,4,5
43,6,10
43,4,5
43,2,0
43,5,7
43,4,5
43,2,0
43,2,0
43,0,0
43,0,0
43,0,0
43,2,0
43,0,0
43,0,0
43,0,0
121,40,321
120,8,14
120,16,51
120,8,14
120,32,198
143,38,292
120,8,19
120,4,5
120,15,42
120,32,175
120,14,35
120,19,62
120,8,14
120,10,20
309,42,372
121,28,143
203,42,329
120,6,9
120,8,14
120,6,9
120,7,15
120,2,0
120,8,17
120,6,9
128,36,216
121,34,174
120,8,14
121,35,246
120,30,160
121,30,164
120,17,52
120,8,14
120,10,20
120,30,151
120,4,5
120,14,35
120,4,5
120,15,46
120,6,9
120,2,0
120,10,26
120,32,170
120,32,180
120,20,69
120,30,161
120,24,108
120,10,20
120,10,20
120,10,26
120,6,9
120,6,9
120,10,20
120,2,0
120,28,130
120,2,0
120,8,19
120,8,15
120,6,9
120,2,0
120,4,5
120,18,61
120,2,0
120,2,0
120,10,20
120,6,11
120,10,20
120,14,42
120,4,5
120,4,5
120,2,0
120,12,27
120,6,9
120,4,5
120,2,0
120,35,238
120,14,42
120,6,13
120,16,42
120,12,27
120,8,14
120,8,17
120,2,0
120,4,5
120,0,0
120,2,0
120,0,0
120,2,0
120,0,0
120,2,0
120,2,0
120,0,0
120,0,0
120,4,5
120,4,5
120,0,0
120,0,0
120,2,0
120,0,0
67,10,20
23,10,20
17,10,20
203,12,35
12,4,5
12,2,0
11,0,0
71,32,157
69,30,166
143,37,260
67,16,46
69,30,156
67,8,14
69,20,64
309,44,371
68,17,61
67,16,43
67,8,14
67,10,20
203,44,327
67,6,9
73,34,174
69,20,73
126,39,245
88,37,209
84,35,225
67,6,9
70,30,158
95,36,220
68,18,53
67,14,40
67,8,14
68,28,124
67,10,26
69,30,153
69,30,145
67,10,20
71,32,161
69,28,117
67,8,14
67,16,58
67,10,20
66,8,14
70,33,189
67,11,26
67,11,26
68,18,52
67,12,27
67,15,39
66,2,0
66,6,9
66,2,0
66,2,0
66,2,0
66,0,0
66,0,0
309,14,40
62,13,33
125,14,40
13,4,5
18,10,20
14,8,15
13,6,9
13,2,0
9,8,14
3,2,0
20,12,43
18,2,0
309,16,52
203,16,41
93,18,63
25,12,37
25,14,46
19,10,26
19,10,20
18,2,0
18,0,0
18,2,0
18,2,0
27,14,34
28,14,35
309,16,58
125,16,58
18,6,9
25,14,34
13,2,0
309,6,9
203,6,9
93,6,9
5,2,0
93,6,9
38,26,123
32,16,50
31,22,76
309,28,137
203,27,112
125,26,117
86,27,115
94,26,112
26,14,35
43,24,101
30,14,42
34,14,35
36,24,100
309,32,200
203,32,176
64,28,137
125,32,183
86,32,190
94,32,168
33,14,35
47,28,141
32,4,5
35,17,52
32,6,9
32,6,9
32,6,9
31,4,5
31,2,0
31,2,0
31,0,0
32,8,15
12,4,5
12,2,0
17,6,8
21,8,13
203,4,5
4,4,5
142,15,43
35,16,51
203,16,51
85,14,35
43,14,35
11,2,0
11,0,0
26,10,20
309,10,22
203,10,20
125,10,22
85,10,20
12,4,5
142,32,198
42,29,126
309,30,178
63,14,35
79,31,189
28,5,7
39,28,125
41,30,132
42,30,130
33,20,72
39,30,161
36,23,88
27,4,5
37,28,130
28,4,5
48,30,185
29,12,27
31,15,42
27,0,0
142,13,31
142,17,75
142,12,27
142,32,178
142,14,35
309,40,305
143,23,91
203,39,258
142,2,0
142,10,24
143,36,255
142,30,163
142,4,5
142,8,14
142,18,75
142,30,151
142,14,35
142,4,5
142,14,42
142,10,26
142,10,20
142,32,170
142,11,26
142,7,13
142,32,180
142,20,75
142,8,14
142,4,5
142,31,161
142,24,117
142,10,20
142,12,33
142,12,39
142,2,0
142,6,13
142,10,26
142,2,0
142,4,5
142,22,83
142,28,130
142,4,5
142,2,0
142,8,19
142,12,27
142,18,66
142,14,35
142,2,0
142,11,25
142,10,20
142,10,20
142,14,34
142,12,36
142,6,9
142,12,39
142,10,27
142,36,245
142,4,5
142,14,42
142,11,26
142,8,17
142,12,32
142,2,0
142,4,5
142,2,0
142,4,5
142,8,14
142,6,9
142,6,13
142,2,0
142,4,5
142,2,0
142,2,0
142,6,9
142,2,0
142,6,9
142,4,5
142,9,19
142,2,0
142,2,0
142,2,0
142,2,0
142,12,27
142,2,0
142,2,0
142,12,27
142,2,0
142,2,0
142,15,46
142,8,14
142,2,0
142,4,5
142,8,14
142,4,5
142,8,17
142,6,9
142,4,5
142,9,19
142,4,5
142,4,5
142,4,5
142,2,0
142,2,0
142,2,0
142,2,0
142,0,0
142,0,0
142,0,0
142,4,5
142,2,0
142,2,0
142,4,5
142,0,0
142,2,0
142,2,0
142,0,0
142,4,5
142,0,0
142,2,0
142,0,0
142,0,0
142,0,0
309,18,61
203,18,80
22,12,32
79,18,78
26,14,35
34,16,44
23,13,39
22,12,33
44,16,44
19,12,27
18,2,0
14,6,9
309,16,46
18,14,35
85,14,35
14,6,9
20,8,14
36,15,42
203,16,51
79,16,43
18,12,27
19,12,27
17,12,27
43,16,49
309,11,24
93,12,37
23,12,37
22,12,31
15,10,26
13,6,9
13,10,20
8,4,5
309,28,125
203,28,118
125,28,125
86,28,127
94,28,127
26,10,20
27,16,44
43,26,113
25,8,14
25,4,5
24,4,5
23,2,0
23,0,0
12,4,5
37,4,5
8,2,0
309,16,61
17,8,14
63,16,43
94,16,54
16,4,5
15,0,0
309,31,159
203,28,139
45,27,112
36,12,27
33,9,24
40,25,97
36,14,42
41,30,132
41,30,142
34,10,25
40,28,115
34,6,9
35,12,34
32,8,14
33,10,20
33,10,20
33,8,19
47,30,165
36,14,42
309,14,35
203,14,35
12,6,9
203,8,19
309,6,9
203,6,9
309,22,99
203,22,98
25,8,14
25,6,9
24,4,5
94,21,74
30,16,42
23,8,14
27,15,42
23,8,14
27,6,9
23,2,0
23,0,0
309,14,35
203,14,41
41,14,35
15,6,9
14,4,5
14,6,9
13,2,0
13,2,0
8,8,14
8,8,14
14,6,9
4,4,5
4,4,5
10,6,9
203,10,23
13,6,9
11,4,5
93,10,20
10,6,9
8,4,5
7,2,0
309,16,57
203,16,57
15,8,14
16,8,19
17,10,20
309,6,9
203,6,9
309,2,0
9,2,0
9,2,0
93,2,0
8,4,5
203,8,17
79,8,14
17,6,9
309,24,100
63,22,77
86,24,100
43,22,78
22,4,5
24,10,20
24,10,20
24,8,14
23,6,9
22,4,5
22,0,0
22,0,0
27,8,14
85,10,20
10,4,5
10,4,5
309,17,53
309,4,5
309,16,51
309,16,44
309,30,178
309,48,415
309,8,14
309,16,61
309,16,53
309,16,61
309,14,35
309,34,207
309,8,14
309,44,321
309,16,53
309,42,299
309,18,60
309,38,259
309,6,9
309,16,44
309,4,5
309,16,50
309,30,157
309,38,266
309,2,0
309,8,16
309,14,48
309,11,32
309,6,9
309,4,5
309,2,0
309,14,35
309,12,32
309,10,30
309,5,6
309,12,28
309,18,84
309,8,14
309,6,9
309,6,9
309,10,20
309,32,177
309,4,5
309,8,14
309,32,167
309,8,14
309,30,146
309,4,5
309,10,20
309,24,105
309,12,27
309,5,6
309,10,20
309,10,20
309,8,14
309,13,39
309,4,5
309,35,221
309,27,116
309,2,0
309,4,5
309,4,5
309,15,45
309,18,61
309,6,13
309,4,5
309,14,35
309,16,50
309,20,69
309,12,31
309,4,6
309,4,5
309,4,5
309,8,14
309,2,0
309,34,224
309,6,9
309,6,9
309,10,26
309,4,5
309,2,0
309,4,5
309,8,15
309,8,14
309,4,5
309,9,19
309,20,80
309,6,9
309,8,19
309,9,17
309,8,14
309,4,5
309,6,9
309,2,0
309,12,27
309,2,0
309,4,5
309,12,24
309,15,39
309,2,0
309,2,0
309,4,5
309,6,9
309,10,21
309,8,14
309,4,5
309,4,6
309,13,39
309,4,5
309,4,5
309,4,5
309,4,5
309,2,0
309,8,14
309,15,52
309,6,9
309,4,6
309,2,0
309,4,5
309,6,9
309,8,14
309,4,5
309,4,5
309,8,14
309,4,5
309,4,5
309,4,5
309,4,5
309,8,16
309,4,5
309,2,0
309,0,0
309,0,0
309,2,0
309,0,0
309,0,0
309,0,0
309,2,0
309,0,0
309,0,0
309,6,9
309,0,0
309,2,0
309,0,0
309,2,0
309,2,0
309,0,0
309,0,0
309,2,0
309,2,0
309,0,0
309,0,0
309,0,0
309,0,0
309,2,0
309,2,0
309,0,0
309,0,0
309,4,5
309,2,0
309,2,0
309,4,5
309,0,0
309,2,0
309,0,0
309,6,9
309,6,9
309,4,5
309,2,0
309,0,0
309,0,0
309,2,0
309,2,0
309,0,0
309,8,14
309,0,0
309,2,0
309,0,0
309,0,0
309,0,0
309,2,0
309,0,0
309,2,0
309,2,0
309,6,9
309,2,0
309,2,0
309,2,0
309,2,0
309,0,0
309,2,0
309,0,0
309,0,0
309,2,0
309,2,0
309,2,0
309,0,0
309,2,0
309,0,0
309,0,0
309,0,0
309,0,0
309,4,5
309,0,0
309,0,0
309,0,0
309,0,0
309,0,0
309,0,0
309,2,0
309,0,0
309,2,0
309,0,0
309,2,0
309,0,0
309,0,0
309,0,0
309,0,0
309,0,0
309,0,0
309,0,0
309,6,9
309,0,0
309,2,0
309,0,0
309,0,0
309,2,0
309,2,0
309,0,0
309,0,0
309,0,0
309,0,0
309,6,9
309,2,0
309,4,5
309,0,0
309,0,0
309,6,9
309,0,0
309,0,0
309,0,0
309,4,5
309,0,0
309,6,12
309,0,0
309,0,0
309,0,0
309,2,0
309,0,0
309,0,0
309,0,0
309,2,0
309,6,9
125,17,66
85,17,66
41,16,57
17,12,33
19,11,26
12,2,0
203,16,44
30,14,35
125,17,61
94,17,61
93,4,5
62,15,40
85,16,47
17,9,19
24,9,19
203,10,25
11,8,14
93,10,20
9,4,5
9,4,5
9,0,0
203,16,44
94,16,44
203,6,9
9,4,5
20,8,14
13,4,5
203,30,172
64,24,90
125,30,158
86,28,145
32,8,14
34,9,16
49,17,52
32,8,14
37,14,36
33,12,30
32,8,14
31,2,0
31,4,5
31,0,0
31,2,0
125,10,20
18,8,14
9,2,0
203,12,31
203,16,61
203,16,53
203,16,61
203,14,35
203,33,182
203,6,9
203,43,313
203,16,53
203,4,5
203,8,15
203,42,287
203,18,53
203,34,215
203,16,44
203,6,9
203,6,9
203,16,50
203,30,170
203,37,266
203,19,69
203,14,48
203,8,14
203,11,32
203,6,9
203,8,14
203,8,19
203,12,32
203,4,5
203,18,84
203,4,5
203,8,14
203,24,100
203,14,39
203,28,130
203,10,20
203,30,148
203,10,25
203,10,20
203,22,84
203,12,27
203,10,20
203,10,20
203,4,5
203,6,9
203,8,19
203,12,34
203,2,0
203,14,41
203,9,19
203,33,207
203,6,9
203,6,11
203,15,46
203,4,5
203,14,34
203,2,0
203,6,9
203,16,50
203,20,74
203,8,14
203,8,14
203,31,182
203,12,35
203,2,0
203,6,9
203,4,5
203,6,9
203,8,14
203,11,29
203,4,5
203,4,5
203,4,5
203,8,14
203,2,0
203,2,0
203,2,0
203,6,9
203,8,17
203,4,5
203,6,9
203,2,0
203,12,27
203,4,5
203,2,0
203,15,46
203,13,29
203,6,9
203,8,14
203,6,9
203,2,0
203,4,5
203,6,9
203,4,5
203,6,9
203,12,30
203,6,9
203,2,0
203,8,14
203,2,0
203,4,5
203,6,9
203,2,0
203,2,0
203,2,0
203,2,0
203,2,0
203,0,0
203,0,0
203,0,0
203,0,0
203,2,0
203,0,0
203,0,0
203,0,0
203,0,0
203,2,0
203,3,0
203,0,0
203,2,0
203,0,0
203,0,0
203,0,0
203,0,0
203,0,0
203,0,0
203,0,0
203,0,0
203,0,0
203,0,0
203,0,0
203,0,0
203,0,0
203,0,0
203,0,0
203,0,0
203,8,14
203,0,0
203,0,0
62,10,23
20,10,22
17,8,13
21,6,9
1,0,0
93,8,14
18,16,53
18,16,61
18,16,53
17,16,44
79,13,42
18,12,27
16,12,32
16,8,14
15,12,27
11,2,0
85,4,5
6,2,0
6,2,0
18,16,53
18,16,53
17,16,44
9,2,0
5,2,0
5,2,0
18,16,53
17,16,44
10,2,0
10,2,0
40,4,5
8,8,14
125,32,169
87,32,176
81,18,59
94,32,166
62,11,25
62,8,14
62,8,14
62,10,33
62,12,39
61,6,9
61,8,19
63,18,57
62,10,24
61,8,14
62,12,43
61,8,14
61,10,20
61,10,20
61,10,20
61,10,20
61,10,20
61,4,5
61,4,5
61,6,9
62,6,9
61,4,5
61,2,0
61,2,0
61,4,5
61,2,0
61,4,5
61,6,9
61,6,9
61,4,5
61,4,5
61,0,0
61,0,0
61,4,5
61,0,0
61,0,0
4,2,0
125,8,14
40,10,20
125,22,102
94,21,100
30,8,14
29,12,26
30,16,62
29,14,53
25,14,35
25,14,35
25,14,35
23,4,5
23,0,0
15,2,0
8,2,0
8,0,0
13,4,5
126,41,288
125,6,9
126,37,266
125,8,16
125,11,26
125,14,35
125,12,28
125,6,9
125,8,14
125,8,14
125,6,9
125,13,43
125,32,181
125,2,0
125,15,40
125,6,9
125,8,14
125,10,24
125,17,50
125,4,5
125,9,19
125,19,76
125,4,5
125,10,21
125,12,39
125,13,33
125,2,0
125,4,5
125,14,39
125,4,5
125,0,0
125,10,20
125,6,9
125,2,0
125,4,5
125,0,0
125,4,5
125,6,9
125,4,5
125,4,5
125,0,0
125,2,0
125,2,0
125,0,0
125,6,9
125,0,0
125,0,0
125,2,0
125,4,5
125,0,0
125,0,0
125,6,9
125,8,15
125,0,0
125,4,5
125,0,0
125,15,50
125,4,5
125,10,20
125,8,14
125,2,0
125,2,0
125,6,9
125,2,0
125,2,0
125,2,0
125,2,0
125,2,0
125,2,0
125,7,11
125,4,5
125,6,9
125,4,5
125,2,0
125,0,0
125,6,9
125,4,5
125,4,5
125,0,0
125,0,0
125,0,0
125,8,15
125,4,5
125,0,0
125,4,5
125,6,9
125,4,5
125,2,0
125,4,5
125,0,0
125,2,0
17,16,44
9,6,9
9,2,0
9,0,0
85,18,60
95,36,242
85,14,35
85,10,25
85,8,14
85,16,47
84,2,0
85,10,33
86,32,196
85,6,9
85,6,9
85,4,5
85,6,9
85,12,40
85,14,35
84,2,0
85,6,9
84,4,5
85,8,14
85,6,9
85,10,23
85,10,24
85,6,9
85,10,20
85,10,20
85,8,14
84,4,5
84,2,0
85,10,23
85,4,6
85,13,33
85,8,14
85,14,39
84,4,5
84,4,5
84,2,0
84,3,0
85,6,9
84,4,5
84,2,0
84,4,5
84,6,9
84,10,20
84,10,20
84,4,5
84,0,0
84,2,0
85,4,5
84,10,20
85,4,6
41,17,50
17,8,19
16,8,14
16,4,5
80,30,144
78,8,14
78,8,14
78,8,14
79,28,137
79,14,35
79,30,153
79,31,160
79,20,72
79,30,146
79,24,109
79,16,60
80,19,62
79,28,130
79,14,35
78,14,45
79,12,33
78,6,9
79,12,34
79,10,24
79,34,224
78,11,26
78,8,14
78,8,14
78,4,5
78,8,14
78,8,14
78,4,5
78,2,0
78,4,5
78,2,0
78,6,9
78,12,27
78,2,0
78,9,19
78,2,0
79,12,27
78,12,27
79,15,44
78,8,14
78,4,5
78,8,14
78,8,17
78,6,9
78,4,5
79,9,19
78,2,0
78,4,5
78,0,0
78,0,0
78,2,0
78,4,5
78,2,0
78,0,0
78,2,0
10,0,0
4,0,0
14,5,7
40,10,25
20,10,25
12,8,15
10,6,9
93,2,0
42,10,20
18,6,9
14,4,5
13,0,0
13,4,5
12,2,0
12,2,0
11,2,0
11,2,0
11,2,0
43,18,65
44,24,87
40,10,26
46,27,125
40,8,14
39,4,6
41,14,35
42,16,44
41,14,35
39,8,14
40,10,20
41,12,36
50,28,129
41,10,20
41,10,20
39,2,0
40,6,9
39,2,0
40,8,14
93,12,27
93,2,0
93,12,27
93,16,44
94,32,164
93,6,11
93,4,5
93,14,40
94,20,69
93,4,5
93,4,5
93,14,63
93,4,5
93,12,30
93,4,5
93,2,0
93,8,14
93,16,60
93,13,29
93,6,9
93,2,0
93,6,9
93,14,33
93,2,0
93,2,0
93,4,5
93,4,5
93,2,0
93,12,34
93,4,5
93,0,0
93,2,0
93,0,0
93,11,20
93,2,0
93,0,0
93,2,0
93,4,5
93,4,5
93,12,34
93,6,9
93,0,0
93,12,27
93,0,0
93,2,0
93,2,0
93,0,0
93,12,34
93,4,5
93,12,34
20,6,9
34,14,35
19,8,15
18,6,9
18,4,5
19,0,0
12,4,5
7,2,0
14,8,14
2,0,0
12,10,20
5,0,0
4,4,5
8,8,14
8,8,14
8,8,14
5,2,0
5,0,0
5,0,0
5,4,5
11,8,14
12,9,24
9,8,14
10,8,19
15,4,5
14,6,9
15,6,9
14,4,5
14,6,9
7,4,5
7,2,0
18,4,5
6,0,0
24,8,14
11,2,0
40,8,14
23,4,5
5,2,0
24,8,14
17,6,9
11,4,5
30,10,20
8,2,0
40,10,20
36,16,44
20,8,14
20,2,0
23,14,34
20,8,14
44,16,44
20,4,5
21,8,14
9,8,14
39,27,114
35,28,114
33,22,75
33,24,101
25,10,20
29,10,20
25,10,20
45,29,153
26,12,27
4,4,5
4,4,5
9,2,0
8,4,5
8,4,5
31,14,35
33,14,42
17,12,27
4,4,5
11,10,20
11,10,20
15,10,26
30,11,26
40,30,145
37,30,132
33,16,44
28,6,9
46,32,169
30,10,20
28,4,5
28,0,0
28,4,5
28,0,0
10,6,9
11,6,9
15,8,14
12,8,14
21,4,5
4,4,5
4,2,0
8,4,5
7,2,0
39,30,130
30,10,20
32,14,35
35,13,33
29,4,5
47,32,180
32,14,42
29,4,5
28,0,0
44,20,65
18,8,14
17,6,9
16,2,0
22,12,27
13,10,25
32,28,117
23,10,20
23,10,20
45,30,161
22,4,5
21,0,0
2,2,0
39,4,5
9,2,0
30,23,88
24,8,14
22,8,15
26,14,38
44,24,100
23,8,14
22,8,17
21,2,0
39,12,27
7,0,0
5,2,0
14,12,33
13,12,27
9,4,5
4,2,0
10,6,9
13,12,27
7,2,0
6,2,0
9,4,5
8,4,5
15,8,14
8,8,14
11,10,20
6,4,5
40,16,44
16,8,14
12,2,0
11,8,14
12,8,19
8,4,5
6,6,9
6,6,9
18,12,33
14,4,5
16,12,27
17,10,29
12,10,20
12,10,20
11,10,20
10,4,5
6,4,5
14,8,19
14,6,9
37,8,14
38,13,33
37,2,0
39,14,39
37,2,0
37,2,0
21,4,5
44,28,130
23,12,27
22,4,5
21,0,0
13,4,5
3,2,0
5,4,5
40,8,19
17,7,13
10,6,9
9,8,14
7,2,0
10,10,20
20,4,5
6,4,5
4,4,5
4,4,5
43,13,33
26,8,14
19,6,9
18,4,5
16,2,0
16,0,0
16,0,0
18,10,20
17,8,17
12,4,5
5,4,5
7,6,9
6,2,0
5,2,0
18,8,14
16,8,14
22,12,30
16,8,14
15,4,5
15,4,5
21,9,19
14,8,14
4,2,0
11,4,5
4,4,5
15,12,27
9,6,9
5,0,0
14,10,20
6,6,9
41,10,20
15,8,14
13,2,0
2,2,0
24,11,23
23,4,5
39,2,0
23,2,0
23,4,5
23,4,5
23,2,0
23,2,0
23,4,5
23,4,5
23,4,5
23,2,0
23,0,0
23,0,0
23,4,5
23,4,5
23,0,0
8,4,5
2,2,0
13,6,9
14,10,20
9,2,0
16,9,19
15,9,19
13,4,5
14,8,14
13,2,0
40,8,14
15,10,20
15,10,20
14,10,20
4,4,5
9,4,5
21,9,19
20,10,20
23,14,50
20,10,20
21,14,35
21,14,35
21,14,35
8,0,0
9,0,0
9,0,0
13,2,0
12,2,0
13,4,5
13,2,0
2,0,0
8,8,14
8,8,14
2,2,0
8,8,14
2,2,0
3,2,0
20,2,0
4,2,0
7,2,0
2,2,0
6,6,9
6,6,9
7,6,9
4,2,0
7,6,9
16,6,9
8,6,9
12,6,9
12,6,9
12,6,9
12,2,0
12,0,0
8,4,5
2,2,0
4,2,0
5,4,5
2,2,0
8,4,5
16,8,14
4,4,5
10,10,20
7,4,5
6,2,0
6,2,0
6,0,0
20,2,0
20,2,0
20,2,0
3,0,0
9,8,14
8,2,0
17,4,5
18,6,9
9,2,0
6,6,9
7,6,9
11,8,14
6,6,9
6,6,9
10,10,20
10,10,20
11,10,20
10,4,5
10,4,5
4,2,0
2,2,0
4,2,0
7,6,9
11,8,14
21,8,14
10,8,14
20,12,30
25,12,31
20,12,34
21,10,26
20,12,34
20,6,9
20,12,27
20,12,34
20,12,34
20,10,20
16,6,9
8,6,9
13,12,27
13,12,27
13,12,27
13,12,27
18,8,15
16,0,0
10,10,20
11,10,20
7,4,5
7,2,0
6,6,9
11,10,20
6,6,9
11,8,14
16,8,15
12,6,9
9,2,0
9,0,0
2,2,0
11,4,5
6,4,5
15,6,9
15,8,14
15,6,9
3,2,0
7,2,0
2,2,0
6,4,5
6,2,0
6,2,0
16,10,20
11,6,9
2,2,0
7,2,0
21,10,26
19,6,9
20,10,20
2,2,0
4,4,5
19,8,14
9,8,14
8,2,0
10,10,20
10,10,20
10,10,20
8,4,5
4,4,5
20,10,20
10,10,20
2,2,0
5,4,5
7,4,5
9,4,5
5,4,5
8,6,9
7,2,0
20,10,20
19,4,5
21,14,35
21,14,35
21,14,35
18,8,14
10,6,7
6,4,5
9,2,0
9,0,0
9,4,5
9,0,0
5,4,5
1,0,0
6,4,5
1,0,0
6,6,9
6,6,9
2,2,0
2,2,0
2,2,0
6,6,9
6,6,9
6,6,9
6,6,9
5,2,0
5,2,0
6,4,5
5,4,5
3,2,0
6,6,9
6,6,9
2,0,0
6,6,9
4,4,5
4,4,5
6,6,9
14,14,35
14,14,35
14,14,35
2,2,0
0,0,0
1,0,0
4,4,5
3,2,0
0,0,0
13,12,34
13,12,27
13,12,34
13,12,34
4,4,5
12,10,20
4,4,5
13,12,27
13,12,34
13,12,34
13,12,27
13,12,27
4,2,0
3,0,0
13,12,34
2,2,0
2,2,0
5,2,0
8,6,9
7,4,5
7,6,9
7,6,9
7,2,0
7,2,0
5,4,5
5,4,5
4,0,0
4,4,5
3,2,0
5,4,5
6,4,5
4,2,0
6,4,5
2,2,0
2,2,0
2,2,0
1,0,0
2,2,0
2,2,0
2,2,0
2,2,0
4,4,5
4,4,5
4,4,5
0,0,0
2,2,0
0,0,0
0,0,0
0,0,0
0,0,0
0,0,0
0,0,0
0,0,0
0,0,0
0,0,0
2,2,0
2,2,0
2,2,0
0,0,0
0,0,0
0,0,0
0,0,0
0,0,0
0,0,0
0,0,0
0,0,0
0,0,0
