"0,1-nd","2,1-nd","3,1-nd"
62176,48,0
4751,48,0
66367,2338,194690
62299,148,2660
63965,1078,64400
62271,102,0
62702,358,7765
62137,4,0
62562,222,0
64042,866,26700
76179,3630,319355
62813,344,4140
76164,4232,350495
62541,220,0
62674,354,7755
66099,1950,155800
63784,980,47230
369126,8026,479595
63414,840,34255
62999,488,13965
62136,0,0
63098,462,11715
62541,220,0
62854,490,14445
62136,0,0
62136,0,0
62544,222,0
62136,0,0
62143,14,0
62686,236,0
72975,3852,326605
62694,246,3440
230629,7410,471435
62339,172,0
63857,1046,54775
63693,868,40560
62727,296,3770
64026,1072,55480
67893,3284,299060
62805,496,17415
62148,26,60
62136,0,0
62935,470,10745
86658,5036,409295
62136,0,0
62931,412,9790
69699,2638,196720
62137,4,0
62541,220,0
63294,616,19490
62697,254,3510
64056,1226,69115
62966,522,20070
62136,0,0
64200,1432,92740
74961,4100,339035
63478,928,37095
83983,4666,378025
63910,1022,57130
62139,0,0
63762,920,35210
63451,828,32480
62991,534,16825
62137,4,0
62891,412,9790
63349,930,52245
62356,208,2955
62154,24,0
62136,0,0
69576,2906,224255
62136,0,0
62223,80,0
63518,796,31175
64371,1356,79910
68901,2628,217590
68677,3120,291130
62137,4,0
62434,264,5675
62136,0,0
65309,2084,177340
62136,0,0
62569,314,6730
67050,2752,258840
80170,4402,356065
63666,982,43520
70174,4130,383290
63107,676,33750
62689,386,8295
62136,0,0
62138,4,0
64290,1244,66460
63807,1066,60750
62697,396,11515
62889,422,11430
62784,440,11870
64869,1970,150665
65762,2526,226555
63049,520,15190
62343,182,2745
63481,978,52960
63285,628,23505
62916,562,22445
62136,0,0
62239,88,0
65061,1664,124580
85607,3684,261405
64433,1390,82465
63938,1086,59505
62136,0,0
62136,0,0
63910,1062,60095
63270,600,16765
63257,636,19410
62663,332,7605
65047,1940,160775
62176,48,0
62136,0,0
62136,0,0
62780,286,3760
62541,220,0
63795,1198,66670
62686,236,0
65472,1938,145160
64069,1178,73600
63420,794,32045
62692,250,3470
63059,568,19295
64873,1790,121580
64098,1190,67665
62136,0,0
62154,22,0
62682,374,7955
62714,288,4210
62541,220,0
62551,224,0
63581,894,38160
63428,754,29185
62136,0,0
62136,0,0
62910,532,19490
64070,1242,67230
62789,450,15200
62136,0,0
62445,164,0
62251,112,0
62790,350,4465
63404,708,26985
64615,1592,112280
63136,660,25710
62136,0,0
161847,6556,467635
62223,80,0
63308,862,56485
63463,1088,61995
62540,256,5850
63093,460,11715
63868,1076,56415
62195,56,0
62147,24,0
63203,696,24145
64096,1284,81790
62356,208,2955
62148,26,60
62136,0,0
63093,460,11715
62686,236,0
62942,492,14830
62541,220,0
65945,2482,218965
63090,622,25155
62136,0,0
107497,6078,440930
62278,68,0
62136,0,0
62136,0,0
63046,616,20145
62136,0,0
62569,314,6730
63486,972,38320
62136,0,0
62136,0,0
63120,496,18185
62627,298,6265
63233,580,18635
63462,934,37510
62712,264,3685
62136,0,0
62686,236,0
63303,656,20215
62827,460,14145
62136,0,0
63486,972,38320
64062,1190,73380
62136,0,0
62773,414,8810
62136,0,0
62686,236,0
62256,108,0
62755,462,13330
68716,2844,250215
62180,54,0
62136,0,0
62772,432,17775
62677,362,8030
63295,660,22595
64508,1548,102290
62862,482,11555
62248,118,2110
62136,0,0
62618,284,5475
62136,0,0
62297,164,4170
81158,4118,353725
63462,934,37510
62343,182,2745
63002,510,12175
72443,3830,330525
63895,1160,66925
62682,374,7955
71177,2860,212355
63406,632,22575
62240,68,0
63453,888,36075
62136,0,0
62136,0,0
63045,540,17305
62690,242,0
62816,486,14890
63291,640,20585
62459,186,3150
62136,0,0
62229,88,0
62691,246,3440
64168,1280,77635
62995,410,9430
66172,2268,176210
62136,0,0
74023,3806,308065
64213,1402,83225
62157,4,0
62136,0,0
62454,180,0
18754,1528,184175
18739,1616,183195
311701,3036,196480
173204,2912,195940
29233,1862,193925
17536,1596,176620
26558,1708,164465
12151,1032,100545
11252,1234,175335
9625,1122,168940
22745,1640,171235
4751,48,0
5995,234,24420
104422,2530,195610
5778,302,24165
8520,952,136645
50072,2428,196490
4755,50,0
5437,168,11445
23733,1700,194530
5577,218,12225
16598,1402,165090
5421,186,11930
6437,420,48435
4512,0,0
5691,196,15040
6213,296,33975
5494,154,9015
4516,0,0
5278,132,5180
4919,86,2770
4524,28,90
5061,56,0
5061,56,0
4511,0,0
4511,0,0
5483,204,13865
4820,46,0
4524,28,90
25165,152,2660
2878,56,2660
309299,1676,64390
170802,1524,64400
26831,918,64265
3164,96,16825
20343,904,64400
25780,942,64390
102020,1148,64400
11350,676,64390
2937,78,6515
22462,102,0
169539,474,8090
19080,356,8090
1683,58,7765
2978,62,3100
824,8,0
482,4,0
169399,256,0
3143,38,0
3063,92,3860
309376,1226,31675
170879,1022,30060
15211,582,29325
4540,334,19920
3520,280,9880
3030,84,4805
3040,90,3860
4865,246,22280
2962,62,3685
14273,850,33005
6430,342,19295
2847,82,1965
3598,416,7530
2916,232,4700
2771,42,0
3576,220,2750
2358,222,3415
2394,186,2750
2358,222,3415
2339,188,2885
2358,222,3415
2358,222,3415
2260,134,1740
28551,3030,329490
321513,4600,330430
15386,242,13965
25362,2724,297105
183016,4424,331690
20280,2324,289140
39045,2750,281850
27348,2968,322645
36370,3036,303080
15736,704,52380
21064,2258,291170
17696,1426,173330
19437,1740,221485
32557,2492,253595
22561,2426,281120
15494,600,34430
16194,674,57535
37994,1930,170260
17434,1390,172215
15815,420,29195
114234,4052,332460
15695,768,64300
15850,714,59365
18332,1642,205260
59884,3660,330075
21103,1962,214370
33545,3130,316305
24830,2676,301905
16282,780,72955
14627,68,0
16555,728,73430
26410,2578,288440
16249,596,51840
15306,234,9015
15295,296,13865
15202,296,11770
16218,348,22320
15788,370,24330
15445,250,13030
15766,652,41005
18567,1854,207615
14792,82,0
15476,236,14045
15664,540,34510
14792,82,0
14792,82,0
15016,290,8180
15373,304,12515
15142,166,6460
15339,312,17300
15037,180,4580
15502,376,18545
14937,90,0
15248,186,7125
14937,90,0
15172,474,27615
14780,218,7485
14823,178,4830
14785,240,8535
14823,178,4830
14590,170,3440
15078,304,12060
14831,192,4850
14696,92,0
14715,116,1505
14709,114,30
14696,92,0
14791,152,4045
14490,72,0
14560,144,3040
14560,144,3040
14531,50,0
14507,48,0
14477,68,0
14463,70,25
14389,6,0
14387,0,0
14387,0,0
14403,28,25
14394,14,0
14407,32,105
14390,8,0
14387,0,0
14421,48,125
14442,54,0
14387,0,0
14389,6,0
14396,20,25
14387,0,0
14387,0,0
14388,4,0
14387,0,0
14396,10,0
14387,0,0
14388,4,0
14387,0,0
14391,10,0
14387,0,0
14401,26,30
14388,4,0
14388,4,0
14387,0,0
14387,0,0
308147,354,4140
1748,54,3760
1718,32,3510
2783,92,3855
1811,72,4070
1129,0,0
926,0,0
926,0,0
321498,5292,369220
25347,3214,327620
183001,5028,366030
16398,884,62075
20265,2980,316900
15177,352,17415
39030,3058,296290
15666,430,23035
27333,3646,358805
36355,3650,337870
21049,2474,291470
17681,1708,179690
19422,1986,231835
32542,2674,255250
22546,2782,298100
15479,644,33905
17241,1586,160040
18134,2142,242595
14611,88,0
37979,2058,171180
16310,698,59455
17419,1552,170875
16167,846,66165
15282,380,19470
16987,1332,121535
114219,4676,367645
15680,890,63695
16240,724,56365
16468,782,81790
18317,1822,206895
15462,482,25155
59869,4124,352560
16434,682,73380
21088,2328,234640
15144,382,17775
16880,1384,106180
33530,3594,341115
24815,3316,333065
16267,972,74380
16540,804,73430
26395,3060,315860
15280,310,13865
15522,622,37565
15500,486,25760
18552,2254,230260
15649,696,37660
14925,248,8255
16527,976,88960
15416,292,13820
15087,204,7510
14909,238,7385
14875,188,5430
15853,496,29065
16100,996,54855
15069,280,11685
15513,434,19125
15324,362,17300
16390,948,76735
15262,384,16755
14924,100,0
14808,238,9430
14500,132,2915
14471,116,1980
14773,196,5065
14606,280,6315
14591,176,4550
14938,320,10690
15316,766,29180
14807,198,5485
14606,280,6315
14496,92,0
14770,260,8535
14572,112,1790
14802,274,9685
14680,102,0
14680,102,0
14475,72,0
14371,0,0
14545,146,3040
14371,0,0
14442,108,1855
14371,0,0
14574,84,0
14371,0,0
14545,146,3040
14407,52,0
14371,0,0
14458,76,0
14371,0,0
14371,0,0
14371,0,0
14553,146,4050
14373,6,0
14371,0,0
14377,12,0
14382,14,0
14371,0,0
14632,376,9850
14632,376,9850
14371,0,0
14632,376,9850
169378,220,0
169511,442,7755
19052,330,7755
1655,54,7755
311433,3430,217820
172936,3298,218330
28965,1896,172845
12006,1770,189560
11883,1986,210725
11208,1770,202420
22477,2242,210235
12481,1920,202260
7368,1482,183070
27914,2358,200770
7779,1314,155495
104154,2542,205805
11023,734,61105
23465,1056,96235
13484,1874,193655
6618,1096,109880
7425,1300,162110
5682,306,23110
7443,1294,150135
6138,698,74720
6736,1298,157685
5477,284,19225
5634,334,27455
6673,1040,127915
4745,222,6795
4745,222,6795
5095,192,13565
8278,1626,179060
4955,144,5290
4868,128,3700
4868,128,3700
4320,44,0
4551,46,0
4242,0,0
4248,16,25
4248,16,25
4248,16,25
4242,0,0
4242,0,0
309118,1406,47045
170621,1350,47230
3849,162,19830
9691,524,46080
20162,814,47230
2681,102,8295
3249,134,19410
101839,952,46080
2669,78,8030
11169,578,46080
308748,1058,34255
308333,564,13965
308432,628,11715
308020,236,0
318309,4896,344945
308028,246,3440
475963,10610,583510
309191,1612,62305
309027,1254,41400
308061,294,3770
309360,1416,62525
313227,4122,313935
308269,538,10745
331992,6960,457265
308265,466,9790
315033,4724,278845
308628,858,22810
308031,254,3510
309390,1696,69115
309534,1920,92740
320295,5248,358625
308812,1146,37095
329317,6366,408365
309244,1538,57130
309096,1068,34555
308785,1084,32480
308225,466,9790
314910,4902,304140
308852,1096,32210
309705,1982,82120
314235,4624,288540
314011,3994,304260
310643,2658,179890
312384,3924,274295
325504,6350,432870
309000,1306,43520
315508,5976,451690
309624,1670,67190
309141,1414,62735
308223,452,11430
310203,2594,163790
311096,3222,240190
308383,670,16325
308619,894,23505
310395,3092,189885
330941,6316,358300
309767,2228,97150
309272,1610,60170
309244,1816,70125
308604,740,17495
308591,812,19275
310381,2544,173885
308114,362,4860
308020,236,0
310806,3246,195740
309403,1752,73680
308754,1046,32045
308026,250,3470
310207,2386,125080
309432,1680,67795
308048,296,4210
308915,1166,38315
308762,962,29195
309404,1698,67640
308124,376,4475
308738,1034,27260
309949,2182,122595
308470,792,25710
407181,9142,560755
308427,624,11715
309202,1460,57150
308537,788,24145
309430,1702,81790
308427,624,11715
308020,236,0
308276,616,15055
311279,3442,229420
308424,678,25155
352831,8232,514440
308820,1190,38320
308454,928,20640
308567,776,18635
308796,1152,37510
308046,274,3685
308020,236,0
308637,848,20195
308820,1190,38320
309396,1632,73380
308020,236,0
314050,3616,251610
308629,910,22595
309842,1920,102995
326492,5120,368370
308796,1152,37510
308336,578,12225
317777,4886,347870
309229,1526,74700
316511,5100,297775
308740,892,22575
308787,1106,36075
308379,662,17305
308024,238,0
308625,954,20810
308025,246,3440
309502,1702,77850
308329,466,9520
311506,3758,212640
319357,4628,322690
309547,2032,88645
309196,1530,64010
308450,712,15040
308972,1210,39675
308253,436,9015
308037,308,5180
307820,56,0
307820,56,0
308242,492,13865
308283,568,8905
308283,568,8905
308283,568,8905
308329,606,10145
308263,514,8265
309162,1288,48395
308812,1046,30695
308497,830,22115
308465,788,22945
309707,2058,90965
308185,384,0
308451,638,15070
308390,614,12300
308634,888,24730
308185,384,0
308185,384,0
309645,2452,140915
308855,1368,50965
308680,874,21155
308185,384,0
308620,794,20290
308857,1176,38590
308479,884,19320
310452,3054,190790
308709,1096,33410
308327,544,10015
308496,648,13045
308249,500,8080
310470,3178,190135
309165,1758,79970
308439,814,17900
308531,826,21175
308735,846,24330
308329,606,10145
309763,2504,157170
308937,1212,39985
309891,2478,130100
309003,1236,46285
308513,656,13055
308185,384,0
308423,730,14990
308289,550,11440
308539,902,25045
308480,724,18690
308504,912,20815
308235,482,7240
308189,386,0
308661,1114,29045
308185,384,0
308797,1040,29120
308499,810,17065
308931,1156,40190
308577,962,28730
308837,1142,46630
308641,962,26740
308392,596,13030
308840,1358,42305
308185,384,0
308330,554,10045
311514,3686,250400
309700,2310,133505
308454,840,17115
308423,628,14045
309446,1700,69505
309212,1706,73305
308586,770,18030
308404,628,12330
308285,478,8240
308531,798,20995
308214,438,6835
309042,1478,51315
308657,1168,32735
308292,574,8505
308328,652,12015
308540,896,24500
308323,534,10350
308649,1034,31630
309402,1726,69520
308307,526,10320
309489,1742,89270
308185,384,0
308210,406,5290
308378,598,13820
309279,992,27320
308185,384,0
308506,664,13130
308801,1292,41395
308411,754,15215
308281,496,8475
308640,1122,27490
308185,384,0
308470,738,17080
308759,1094,26260
308322,542,10015
311305,3762,233690
308329,606,10145
308783,1230,44700
308815,982,29420
308185,384,0
308189,394,5125
308703,882,23435
308570,994,30265
308189,394,5125
309062,1196,51430
308390,614,12300
308625,980,25525
308955,1234,39660
308626,1078,30440
308736,960,26860
308185,384,0
308274,490,8515
308193,402,5180
308187,384,0
307947,300,5320
308078,442,9190
307922,218,0
307817,80,645
307780,0,0
307780,0,0
307781,4,0
308233,482,8460
307922,218,0
307947,300,5320
307781,4,0
307935,176,0
307780,0,0
308002,362,6060
308096,530,11730
307788,14,0
307784,10,0
307803,36,0
307858,124,0
307781,4,0
307877,110,0
307947,300,5320
307798,40,135
307924,188,0
307780,0,0
307780,0,0
307780,0,0
308089,260,0
307780,0,0
307780,0,0
307780,0,0
307780,0,0
307780,0,0
307897,154,3360
307982,320,5290
308221,354,7840
307780,0,0
307780,0,0
307820,70,370
307780,0,0
307780,0,0
307888,196,3425
307780,0,0
308475,618,19375
307781,4,0
307780,0,0
308320,500,12535
308131,510,11360
307781,4,0
308089,320,6460
308009,264,4250
307780,0,0
307858,140,0
308235,452,9660
308286,542,17300
307869,164,2130
307922,218,0
307795,32,0
307849,116,0
307858,140,0
307924,188,0
307862,152,1895
307780,0,0
307780,0,0
307901,156,2785
307801,36,0
307780,0,0
307780,0,0
307780,0,0
307783,8,0
307781,4,0
308480,668,21190
307780,0,0
307780,0,0
307780,0,0
308068,410,6890
307919,164,2555
307922,218,0
307780,0,0
308120,418,10680
307931,142,1975
307780,0,0
309352,1610,78955
307922,218,0
308190,402,8010
307780,0,0
307780,0,0
308044,446,8540
307780,0,0
307785,10,0
307781,4,0
307780,0,0
307922,218,0
307983,226,0
307849,116,0
307780,0,0
307924,188,0
307984,218,4580
307858,128,1695
307780,0,0
307780,0,0
307780,0,0
307780,0,0
307780,0,0
307780,0,0
307780,0,0
307983,226,0
308184,432,7885
308449,628,18415
307780,0,0
307780,0,0
307867,150,2000
307780,0,0
308004,260,5705
307780,0,0
307780,0,0
307849,116,0
308120,418,10680
307780,0,0
307780,0,0
308006,372,5965
307780,0,0
307780,0,0
307788,10,0
307780,0,0
307780,0,0
307780,0,0
308068,410,6890
307780,0,0
307780,0,0
308005,416,8320
307780,0,0
307780,0,0
307780,0,0
307780,0,0
307780,0,0
307780,0,0
307780,0,0
307780,0,0
307780,0,0
307983,226,0
307818,76,0
308141,360,5495
307858,140,0
307780,0,0
307780,0,0
308092,520,9435
307780,0,0
307798,40,135
308235,452,9660
307780,0,0
308092,442,8725
307780,0,0
307780,0,0
307780,0,0
308244,450,11600
307780,0,0
307780,0,0
307780,0,0
307922,218,0
307805,54,375
307780,0,0
307788,14,0
307915,154,0
307780,0,0
307780,0,0
308089,260,0
307922,218,0
307922,218,0
307924,188,0
307936,216,3020
307922,218,0
307780,0,0
307780,0,0
308211,528,12575
307884,90,0
307858,140,0
307780,0,0
308620,1050,36455
307780,0,0
307780,0,0
308089,260,0
307842,112,0
307928,194,0
307780,0,0
307781,4,0
307788,14,0
308221,354,7840
307922,218,0
307782,6,0
307798,40,135
307922,218,0
307780,0,0
308154,376,6625
307780,0,0
307780,0,0
307780,0,0
307780,0,0
307780,0,0
307875,120,1845
308166,644,20240
308224,524,17390
307877,110,0
307919,164,2555
307780,0,0
307780,0,0
307780,0,0
307780,0,0
308682,638,12665
307922,218,0
307812,66,370
307922,218,0
308078,320,6690
308000,182,2670
307847,124,1590
307780,0,0
307781,4,0
307780,0,0
307989,270,6350
308823,1262,42325
307999,296,5920
307780,0,0
308137,414,8690
308140,576,14955
308089,260,0
307780,0,0
308089,260,0
307983,226,0
307842,112,0
307781,4,0
307895,180,3700
308195,354,7125
307780,0,0
307809,54,285
307922,218,0
307846,118,0
307783,8,0
307780,0,0
307780,0,0
307781,4,0
307999,296,5920
307780,0,0
307780,0,0
308002,362,6060
307842,112,0
308115,554,10890
307936,216,3020
308374,614,16125
307932,238,2760
308098,536,10715
307780,0,0
307780,0,0
307780,0,0
307780,0,0
307780,0,0
307780,0,0
307780,0,0
307936,216,3020
307780,0,0
307780,0,0
308075,486,10545
308424,552,15780
307780,0,0
307780,0,0
307780,0,0
307780,0,0
307781,4,0
308002,362,6060
307780,0,0
307884,90,0
307780,0,0
307780,0,0
307780,0,0
307780,0,0
308135,438,13220
307895,180,3700
307780,0,0
307888,152,2610
307780,0,0
307781,4,0
308344,838,19655
308068,410,6890
307924,188,0
307780,0,0
307930,234,2670
307864,106,0
307780,0,0
308066,366,8270
307967,282,4065
307784,8,0
307780,0,0
308267,490,10970
307780,0,0
307780,0,0
307780,0,0
308153,376,6990
308182,374,7550
307780,0,0
307881,102,1585
307781,4,0
307922,218,0
307924,188,0
307780,0,0
307780,0,0
307780,0,0
307780,0,0
308777,952,32620
308235,452,9660
307886,98,0
307849,116,0
307780,0,0
307855,88,135
26280,718,34255
3100,224,34255
101469,890,34255
47119,842,34255
3108,236,34255
3108,236,34255
46704,482,13965
169935,610,11715
1755,8,0
169378,220,0
169691,554,14445
14023,288,14445
46559,486,14445
1059,10,0
169381,224,0
1055,6,0
1124,14,0
179812,4632,345400
12876,470,40560
13209,794,60750
17076,2574,302300
35841,2938,284425
24144,3042,317100
33166,3338,316365
12945,510,34625
12532,724,52380
11406,80,0
18084,1330,123630
17860,2226,276645
14492,1600,179915
16233,1734,209135
29353,2480,242680
19357,2614,294005
12290,636,34645
14052,1426,159995
14945,1888,237930
14056,1084,120355
12611,458,29195
13798,1196,121295
12319,476,25730
111030,4282,340175
11406,80,0
12646,780,61995
15128,1590,184335
56680,3758,331965
17899,2100,231910
11955,352,17775
13691,1236,104515
11431,114,2110
30341,3252,331420
21626,2876,318095
13351,750,73430
23206,2862,304750
11736,156,5260
11571,88,0
11717,154,5260
12329,334,18690
12562,628,40585
15363,1900,207480
13295,654,56010
12380,412,20995
13251,610,56170
13338,934,89720
12911,778,51430
12123,194,8515
12324,418,19375
12329,390,20680
11833,192,4580
12298,398,18980
11853,180,5705
11941,224,8725
11724,118,1845
12273,352,15235
11984,300,13220
12193,240,8725
11428,160,4410
12509,564,34515
11254,76,1265
11254,76,1265
11260,88,1385
11455,138,4115
11402,172,4560
11749,312,10740
11634,196,5085
11581,254,8570
11315,128,1905
11296,94,1480
11475,90,0
11269,76,0
11364,144,4050
11286,50,0
11286,50,0
11166,0,0
11189,30,0
11166,0,0
11166,0,0
11199,58,510
11273,66,0
11166,0,0
11166,0,0
11166,0,0
1593,16,3440
801,0,0
170694,1618,62740
170530,1100,40560
174730,3900,310855
193495,6358,445635
176536,4276,275505
169378,220,0
170131,852,23035
170893,1600,69445
169803,858,25025
171037,1772,92740
181798,4942,357165
190820,5840,403155
170747,1398,57130
170288,1048,32480
169828,674,16825
170186,1028,52245
176413,4768,306550
170355,1086,32610
171208,1812,82120
175738,4256,285860
175514,3894,307195
172146,2492,179015
173887,3646,273935
187007,6372,436730
170503,1220,43265
177011,5720,451275
169526,476,8295
171127,1488,65970
169621,462,11870
171706,2414,161460
172599,3052,240180
170318,1400,59560
170122,908,23505
171898,2928,188210
192444,5958,358425
171270,1964,96000
170775,1430,59455
170747,1684,70125
170094,878,19420
169500,420,7605
171884,2402,172545
169378,220,0
170632,1442,66165
172309,3272,197915
170906,1628,73600
170257,1012,32045
169896,664,19295
171710,2330,125100
170935,1546,67755
169519,462,7955
169378,220,0
169388,236,25
170418,1192,38315
170265,924,29185
169747,592,19470
170907,1606,67970
170241,962,27260
171452,1980,121770
268684,8338,543835
170300,1218,61995
169930,608,11715
170705,1392,57100
170933,1580,81790
169930,608,11715
169378,220,0
172782,3236,228120
214334,7866,508805
169883,780,21590
169464,318,6265
170070,818,18635
170140,874,20110
169664,572,14145
170899,1508,73380
169610,584,11235
169592,578,13330
175553,3598,255065
169514,450,8030
170132,880,22595
171345,1856,103745
169699,538,11555
169455,314,5610
187995,5020,369555
179280,4636,345430
169519,462,7955
178014,4578,292710
170243,832,22575
169653,558,14890
170128,862,20700
171005,1608,77790
173009,3502,212385
180860,4440,324860
171050,1926,88440
169683,430,11930
170699,1476,64010
169953,692,15040
170475,1126,39675
169786,518,8905
169786,518,8905
169786,518,8905
169987,808,37565
169390,240,5260
169832,550,10145
169766,474,8255
169138,0,0
169426,384,6285
170665,1220,48300
169278,154,3045
170315,976,30695
169148,22,0
170000,842,22115
169684,480,11425
169965,704,26095
169138,0,0
169968,836,22945
171210,1942,91200
169138,0,0
169138,0,0
169688,384,0
169138,0,0
169954,630,15070
169138,0,0
169893,604,12300
170137,818,24730
169688,384,0
169688,384,0
169381,302,4775
171148,2410,140930
169138,0,0
169138,0,0
169144,16,25
169266,214,2845
169138,0,0
170358,1258,50965
169402,362,6990
169138,0,0
169143,8,0
169138,0,0
170183,804,21145
169688,384,0
169940,1086,38980
170123,808,20290
169258,196,0
169145,18,25
170360,1136,38590
169982,786,19320
171955,2928,191860
170212,1054,33460
169652,546,11850
169163,48,530
169830,532,10015
169138,0,0
169999,604,13045
169731,488,14835
169752,472,8080
169197,70,0
171973,3034,191225
170668,1596,78800
169942,726,17900
169138,0,0
170034,862,21415
170238,800,24330
169231,86,0
169138,0,0
169832,550,10145
169138,0,0
171266,2432,157685
169139,4,0
169145,18,25
169240,164,3590
169516,332,6895
170440,1086,39985
169138,0,0
169138,0,0
171394,2330,130125
170506,1156,46285
170016,622,13125
169138,0,0
169225,88,0
169688,384,0
169197,70,0
169371,236,5260
169926,652,14990
169792,572,11440
170042,906,25045
169983,708,18690
170007,822,20815
169139,4,0
169138,0,0
169738,464,7155
169205,112,0
169692,390,0
169338,228,4945
170164,980,29045
169688,384,0
170300,960,29120
169284,168,0
170002,728,17175
170434,1178,40210
169209,136,1600
170080,976,28730
169478,360,8005
169600,522,12215
169141,8,0
169697,528,12045
170340,1102,46390
170144,1002,27310
169282,144,0
169288,176,0
169288,180,2550
169138,0,0
169138,0,0
169341,216,0
169157,36,0
169138,0,0
169205,112,0
169895,582,13030
169138,0,0
169138,0,0
169271,226,2865
170343,1168,41175
169173,62,870
169222,94,0
169686,562,15605
169688,384,0
169833,540,10045
170216,1032,40280
169140,6,0
169258,196,0
169584,360,8435
173017,3292,246975
171203,2182,133045
169293,186,2590
169258,196,0
169450,220,0
169462,238,3865
169235,104,0
169138,0,0
169144,14,0
169280,162,0
169242,82,0
169556,626,18425
169138,0,0
169138,0,0
169519,500,9885
169201,134,1670
169138,0,0
169517,292,6120
169138,0,0
169275,256,6795
169957,750,17115
169138,0,0
169560,422,11515
169926,684,14055
169258,196,0
169268,200,0
170949,1536,68265
169138,0,0
169138,0,0
170715,1646,73250
169154,32,85
169138,0,0
169263,94,0
169138,0,0
170089,742,18080
169907,618,12330
169788,474,8240
170114,828,36655
170034,754,20805
169235,104,0
169598,368,8855
169258,196,0
169717,438,6835
169258,196,0
169138,0,0
169138,0,0
170545,1272,51235
169280,162,0
169390,274,8255
169163,48,530
169242,82,0
169144,16,25
169146,14,0
170160,968,31570
169138,0,0
169141,8,0
169341,216,0
169147,18,0
169164,46,300
169795,534,8415
169404,270,5895
169138,0,0
169831,610,12015
169382,294,5165
169138,0,0
169138,0,0
169242,82,0
170043,908,24500
169275,256,6795
169138,0,0
169826,612,10440
169138,0,0
169138,0,0
170152,1002,31630
170905,1666,69805
169264,210,2785
169810,584,10320
169139,4,0
169382,240,6905
169466,320,8180
170992,1688,89660
169190,62,0
169138,0,0
169258,196,0
169688,384,0
169713,410,5290
169138,0,0
169881,588,13820
169176,76,0
169411,360,6010
170782,978,27620
169688,384,0
169138,0,0
170009,608,13055
169139,4,0
169144,16,25
170304,1172,41395
169914,648,15215
169271,226,2865
169784,484,8475
169330,194,4880
170143,938,26810
169477,274,5335
169688,384,0
169973,680,17080
170262,978,26090
169140,6,0
169138,0,0
169143,10,0
169267,216,2895
169139,4,0
169138,0,0
169258,196,0
169552,318,7510
169374,258,7385
169209,136,1600
169205,112,0
169138,0,0
169340,206,5430
169825,528,10015
169139,4,0
169342,252,0
169625,480,13565
169138,0,0
169138,0,0
169447,216,0
172808,3658,235455
169138,0,0
169832,550,10145
170286,1242,45575
170318,1018,30045
169688,384,0
169692,394,5125
169341,216,0
169525,350,7005
170206,828,23435
169301,174,85
170073,950,30265
169692,394,5125
170565,1146,51150
169138,0,0
169222,94,0
169161,22,0
169893,604,12300
169534,420,11685
169138,0,0
170128,924,25525
169138,0,0
170458,1136,39660
170129,946,30440
170239,886,26335
169688,384,0
169777,476,8515
169189,92,0
169138,0,0
169696,400,5180
169138,0,0
169440,324,6915
169690,384,0
46044,172,0
26723,920,60110
3031,196,25015
9641,808,62015
20235,1020,61055
25672,1072,62230
3975,294,35970
5537,546,61580
3490,116,10950
6036,602,48855
2119,20,0
1975,0,0
26559,736,41400
101748,952,41400
3919,124,10665
1948,16,0
2697,72,3760
1627,24,3470
3169,72,3850
24217,922,60750
3024,86,3890
102081,1194,60140
4742,316,29365
12677,786,59810
4129,306,28960
14257,774,60750
6414,560,45335
2701,36,0
3084,144,7885
3041,114,5495
3054,40,0
2709,48,285
2378,32,0
2151,0,0
2151,0,0
2151,0,0
30759,2396,257755
8301,620,82330
19062,2844,306815
28084,2850,290380
12778,1892,268285
9410,1332,176520
24271,2026,217705
14275,2208,277690
9863,1572,220435
9148,1242,170875
8716,1018,115510
7237,388,25710
105948,3542,308565
7409,732,64325
10046,1366,184335
7191,388,25155
51598,3194,302500
12817,1790,227740
8609,1148,104635
6398,140,4100
25259,2818,308395
16544,2664,310995
7996,732,73230
18124,2376,293385
6602,148,4945
10281,1724,200585
7298,358,21045
6646,180,6905
6454,62,0
7829,870,55155
7242,364,19375
7011,210,11600
6902,250,13220
6605,410,20085
6244,164,4285
6335,254,6315
7045,642,28425
6335,254,6315
6174,66,0
6171,106,1855
6361,360,9850
6361,360,9850
6361,360,9850
6146,72,0
6156,52,0
6049,0,0
6049,0,0
4775,232,17465
100860,534,17465
46510,522,17465
1463,48,4975
504,16,60
1659,26,60
46640,436,10355
3311,84,10355
32565,2528,218640
26922,996,68835
27066,1180,92740
37827,2964,287260
26344,806,37095
46849,3838,335340
32442,2916,252820
27237,1214,82265
31767,2634,245020
31543,2428,267735
29916,2396,261290
43036,4038,383450
26532,770,43255
33040,3496,375250
27156,962,66105
26673,870,55745
25650,324,11870
28628,1890,203485
26347,886,59560
48473,3696,290335
27299,1262,94400
28338,1904,167360
26935,978,73600
27739,1452,120030
26964,986,67745
26936,1048,67640
26002,514,24190
124713,5712,448895
26962,972,81790
25808,446,15055
28811,2070,211895
70363,5312,435370
26352,850,38320
26328,812,37510
25693,362,14145
26352,850,38320
26928,936,73380
44024,3146,309620
26328,812,37510
35309,2814,282780
34043,2742,228880
26319,766,36075
25911,440,17305
29038,2184,199115
36889,2668,260965
27079,1206,87935
25419,212,5260
27239,1312,91090
26387,756,50965
27984,1792,167525
25681,324,9380
28002,1894,161910
26469,688,39985
25400,210,5260
25955,420,14990
26193,570,26950
26031,452,17175
25311,144,0
26978,1006,65275
25627,292,8855
26574,820,51305
26181,594,31630
26934,1032,69520
26333,686,40810
26002,428,17080
28837,2248,188805
26315,736,44700
25330,148,0
26487,722,39460
26268,596,26345
25456,188,0
25767,334,9660
25456,188,0
25600,280,6890
26884,1084,74920
25456,188,0
25600,280,6890
25767,334,9660
25624,340,8725
25456,188,0
25468,216,3020
25460,190,0
25468,216,3020
25906,426,16125
25468,216,3020
25876,504,19490
25600,280,6890
25456,188,0
25456,188,0
25767,334,9660
24975,48,0
26192,646,33740
25557,296,9750
25215,142,0
25466,344,10055
25215,142,0
25215,142,0
24906,0,0
24906,0,0
24923,28,0
24906,0,0
24922,24,0
24906,0,0
24906,0,0
24906,0,0
24906,0,0
24906,0,0
24906,0,0
24906,0,0
24949,50,0
24906,0,0
24906,0,0
24920,20,0
24906,0,0
24906,0,0
24906,0,0
24906,0,0
24914,18,0
24906,0,0
24906,0,0
24906,0,0
24906,0,0
25048,88,0
24906,0,0
24913,16,0
24906,0,0
25010,50,0
24906,0,0
24906,0,0
24906,0,0
24906,0,0
46636,402,9790
1042,0,0
1042,0,0
1042,0,0
1042,0,0
1042,0,0
29890,1884,148735
15483,2386,240165
14808,2256,241510
12957,1210,135330
26077,2726,241445
16081,2354,237510
10968,1688,174005
31514,3170,269715
10340,980,96635
9817,788,63465
107754,3216,255815
53404,2910,227660
9027,534,20640
17084,2810,273260
9198,372,20525
12079,1752,195445
10120,846,88165
8836,212,8265
10218,1366,130665
9052,410,19320
11025,1548,177200
11043,1652,174845
9738,910,75790
10336,1400,147380
10464,1200,128245
8996,264,14565
9077,454,20815
9234,516,29045
9413,712,42285
12087,950,82165
10273,1282,133005
9027,396,17115
9230,608,32735
8901,316,12015
9213,552,26960
11878,2076,211765
8520,242,5320
8651,260,9190
8520,242,5320
8669,328,11730
8520,242,5320
8704,268,11010
8422,116,0
8422,116,0
8431,128,1695
8440,140,2000
8422,116,0
8578,354,8320
9396,648,41450
8713,360,14945
8648,290,10545
8422,116,0
7872,0,0
7872,0,0
8016,48,0
8386,112,5155
7872,0,0
7872,0,0
8014,80,0
7872,0,0
7872,0,0
7872,0,0
7915,28,0
7878,12,0
4371,220,22810
5682,234,14000
2779,58,2185
24247,916,69115
4334,312,63860
102111,1300,69030
47761,1258,69165
3559,142,22595
6436,496,67645
2808,102,4775
3124,132,12045
8750,472,25015
19344,640,25025
24781,574,25015
1604,36,2895
5145,338,18025
24391,1126,92740
4779,352,66025
7458,566,80025
4478,332,66025
102255,1524,92740
47905,1450,92740
12851,834,89355
35152,3582,328435
14518,774,52390
19846,2486,293210
16478,1612,170945
18219,1952,232000
31339,2586,246485
21343,2760,299870
14976,804,62540
14058,290,11430
16038,1558,160300
16931,2082,241630
14218,360,14040
36776,1964,163195
16216,1610,173525
14964,834,66175
14750,480,38070
14079,394,19490
15784,1348,122345
113016,4382,351975
14477,866,64325
14632,840,61995
14372,448,23980
15265,790,81790
58666,4038,343650
19885,2178,224335
15677,1380,106585
13466,176,4170
32327,3446,333675
23612,3162,320820
15064,884,72955
25192,3186,320785
15031,642,51840
13513,120,2770
14997,618,45295
14063,330,14815
14672,718,46390
14227,292,13030
14018,356,15115
17349,2252,231130
13567,104,0
13892,286,11515
14446,680,37560
13567,104,0
13736,212,5895
15324,972,88960
13662,190,4880
13672,194,5430
14897,914,54085
13772,192,6915
13712,110,0
13736,152,2785
13955,328,10680
15187,926,73415
14284,380,18545
13955,328,10680
14079,274,11600
14046,358,12575
13712,110,0
13824,236,6350
13834,268,5920
13834,268,5920
13901,328,8295
13673,470,20085
13304,84,0
13382,188,4205
13297,82,0
13254,78,0
13312,176,4285
13413,210,5965
14113,718,28655
13287,80,0
13302,108,1935
13599,262,9685
13429,362,9850
13429,362,9850
13429,362,9850
13210,74,1150
13260,84,0
13162,0,0
13162,0,0
13166,10,0
13214,72,0
13162,0,0
13162,0,0
13162,0,0
13162,0,0
13162,0,0
101533,978,37095
47183,930,37095
3172,324,37095
3148,286,36285
3172,324,37095
3148,286,36285
1601,0,0
24101,734,57130
23709,610,32305
24562,1052,82120
29092,1828,155665
28868,2624,279145
25500,1812,179630
27241,2266,235970
30365,3120,320680
23998,964,62735
25060,1782,163945
25953,2268,240990
23240,450,16030
45798,2618,199770
24624,1016,81455
25238,1770,174045
25064,1286,107405
24289,864,67195
23101,430,19470
24261,942,67230
22980,348,15200
24806,1474,122050
122038,5384,402780
23499,922,64975
26136,1936,187940
67688,4858,391145
23237,534,21550
24253,878,73380
28907,2456,240730
23486,488,22595
24699,1288,101045
41349,3630,326100
32634,3338,309900
31368,2066,163395
26363,1552,131105
34214,3168,296730
24404,946,69140
23341,656,37565
23669,582,29660
23319,552,26145
24564,962,66790
23308,386,15070
23537,468,21135
23184,300,10015
24748,920,69825
23860,716,46285
23337,446,18690
22692,222,4945
22832,254,8005
23694,810,46630
23187,302,10025
23570,628,32640
22938,268,8435
26371,2526,250720
24303,864,56980
23388,480,19985
22758,230,5715
24346,1190,90430
23327,390,17080
23179,298,10015
22696,142,0
23593,568,26345
22935,266,9190
22792,156,0
23337,490,21180
22776,164,2555
22977,376,10680
24209,1062,67810
22861,232,5705
22977,376,10680
22772,154,0
23081,456,17390
22776,164,2555
22994,294,8690
23231,374,16125
23634,676,32605
22315,68,0
22222,0,0
22695,474,20595
22222,0,0
22222,0,0
22223,4,0
22222,0,0
22347,80,0
22222,0,0
22447,110,0
22222,0,0
22222,0,0
22222,0,0
22222,0,0
22531,124,0
22222,0,0
22326,94,0
22222,0,0
22223,4,0
22753,332,11480
22436,158,4410
23517,678,34420
22258,60,0
22222,0,0
22976,580,28130
22404,182,4120
22222,0,0
22222,0,0
22222,0,0
22223,4,0
22222,0,0
22281,54,0
22222,0,0
22222,0,0
22223,4,0
22222,0,0
22222,0,0
22222,0,0
22222,0,0
22222,0,0
22319,82,0
22627,266,9430
22222,0,0
22222,0,0
22222,0,0
22222,0,0
25725,712,57130
101965,1086,57130
47615,1034,57130
1298,0,0
2124,24,0
3636,106,10340
3765,132,6745
2760,80,3795
101817,918,35280
47467,874,35090
13993,588,35460
2571,24,0
3296,152,11375
2755,64,1815
1981,32,105
1981,32,105
1884,0,0
1884,0,0
4528,256,32480
4532,212,25685
47156,818,32480
12102,442,30770
19369,446,16825
101046,522,16825
482,4,0
46596,402,9790
8234,564,50530
9731,664,52245
3020,314,44065
20715,766,52255
13580,714,52245
2672,96,4470
1690,50,1935
1525,20,0
1466,0,0
2145,54,2955
920,36,2955
46061,210,2955
14685,2436,249895
12834,1368,144910
25954,3364,298350
15958,2550,250030
9265,708,59560
10845,1842,183500
31391,3446,271650
9694,844,68575
11256,1970,196830
107631,3650,284210
11729,1236,128215
53281,3350,253750
26942,1622,144935
18227,1420,123575
16961,2564,242305
11956,1776,186715
9646,594,46830
10157,840,73195
10095,1534,140220
9305,638,50965
8887,664,38980
10902,1808,189310
9159,534,33410
10920,1882,187290
9615,912,74670
8981,400,21175
10213,1568,157170
8463,188,6895
10341,1252,118315
8739,280,11440
8152,112,0
9381,482,40190
9027,498,28730
9091,478,26740
8152,112,0
10150,1372,133505
9662,870,72680
9036,316,18080
9492,622,51235
8990,438,24500
8152,112,0
8289,114,0
11755,2360,231225
9233,666,45575
8472,206,7005
9020,510,30275
9075,404,25205
8604,186,6625
8616,424,20240
8345,172,3700
8345,172,3700
8056,72,0
7767,32,0
8011,174,4965
7919,142,3115
7889,90,0
7784,68,900
7747,0,0
7747,0,0
47223,854,32610
2772,142,17580
3881,174,20955
3207,110,13025
1630,0,0
26186,934,75995
5452,418,67170
4649,344,66025
102426,1500,82255
48076,1426,82255
4952,402,60895
2801,30,0
3179,128,10055
2801,30,0
2493,4,0
2493,4,0
25279,2866,263360
15283,2482,262565
8394,322,23505
10170,1694,176170
30716,3012,257120
10581,1590,183265
106956,3442,280560
52606,2910,238165
26267,1502,142955
16286,2494,244460
11281,1656,196450
8747,422,36425
7550,170,3330
8240,388,22945
8409,342,24730
8630,584,50965
10227,1622,187705
8024,200,8080
10245,1612,176160
8940,880,75655
8214,330,17900
9538,1400,149355
7512,136,3590
8712,408,39985
9666,1172,123690
8572,370,29120
8416,406,26400
8615,568,38905
9475,1220,125745
8987,826,73140
8576,542,41270
11080,2002,210715
8401,498,30440
7853,252,9190
7633,124,0
7637,144,1895
7781,218,5965
7867,230,8725
8395,498,36445
7617,112,0
7622,124,1590
8598,664,41680
7617,112,0
7621,114,0
7617,112,0
7890,302,10800
7873,292,10365
8119,400,19655
7928,182,6990
7309,34,0
7067,0,0
7067,0,0
7067,0,0
7067,0,0
11935,1532,216625
25055,2110,238980
15059,2096,273155
9175,556,66105
9932,1202,172160
8680,574,52830
106732,3464,304945
7080,56,0
52382,3168,303395
13601,1604,213690
7503,154,5610
26043,2426,289780
17328,2262,281775
16062,1228,128035
9053,618,73655
18908,2332,283070
8713,482,45325
7245,70,0
7245,70,0
8388,546,46630
11065,1576,200580
7565,146,6120
7438,182,8255
8287,378,26345
7775,276,15710
8211,462,33740
6975,54,0
7278,172,7485
6965,50,0
7354,122,5450
6887,72,235
6905,80,225
6860,38,145
6870,58,225
6846,12,0
6840,0,0
6840,0,0
6961,56,0
6840,0,0
6853,20,0
6840,0,0
6867,46,255
6840,0,0
6840,0,0
6840,0,0
6840,0,0
6840,0,0
6840,0,0
46139,260,5675
12665,176,5675
4624,334,28495
103364,2356,177085
7462,948,136525
49014,2084,175620
6025,662,85920
22675,1768,178740
13960,1470,172510
15540,1464,170800
4411,198,14815
5672,522,80895
4607,250,15835
4960,390,32660
3761,130,5965
3892,130,3595
3929,174,5600
3565,48,0
3749,48,0
3874,100,1085
3471,32,0
2572,116,6730
100624,312,6730
1346,64,6730
12800,234,6730
23428,2036,221735
5955,166,11515
9020,1120,159255
28865,1874,181795
105105,3160,273710
50755,2894,273225
24416,1978,228030
15701,1858,221955
14435,1360,145105
6253,174,9260
7631,576,71960
9438,1308,170670
7203,284,22340
5795,152,7385
6660,310,25800
6606,142,6245
5990,188,7560
5891,100,4065
5266,28,0
5471,112,3130
5386,90,2915
5509,60,0
5341,50,0
5197,0,0
5197,0,0
5197,0,0
5199,6,0
5197,0,0
5197,0,0
5197,0,0
26552,3588,372035
19067,364,8295
19859,936,59560
19663,528,23505
21439,2068,183000
41985,4032,313135
19635,520,19420
19041,308,7605
20173,824,54665
21850,2136,193400
20447,916,73680
21251,1192,99530
19060,350,7955
19959,622,38070
118225,5036,414645
22323,1874,188915
63875,4444,377585
19611,458,18635
19681,502,20110
19205,402,14145
19151,446,11235
18634,108,0
19133,434,13330
19055,338,8030
37536,2794,268525
28821,2452,242005
19060,350,7955
27555,2946,250945
22550,2068,187735
30401,2248,221015
20591,1022,73190
19541,526,22115
19509,544,22945
20689,1680,139720
18807,214,2845
19899,812,50965
18943,304,6990
19481,774,38980
19664,446,20290
18799,196,0
19901,684,38590
21496,2002,188725
21514,2076,186905
20209,1112,78800
20807,1750,157170
20935,1496,118815
19583,570,25045
19975,642,40190
19621,632,28730
19141,344,12215
18812,226,2865
19757,526,25545
18799,196,0
20744,1554,133005
18799,196,0
19097,518,18415
19060,380,10010
19467,404,14055
18799,196,0
18809,212,25
20256,1096,72965
18799,196,0
18799,196,0
19584,572,24500
19367,366,10440
19693,628,31630
20446,924,67525
18805,210,2785
19351,338,10320
18799,196,0
19845,722,40810
18812,226,2865
18808,216,2895
18799,196,0
22349,2606,228230
19827,818,45575
19175,334,11360
20396,764,53605
19664,610,36445
19179,292,13220
19311,344,11070
18705,100,0
18605,188,4965
18394,0,0
18481,50,0
18394,0,0
18417,24,0
18394,0,0
18481,50,0
18498,48,0
18394,0,0
18394,0,0
18401,18,25
18401,18,25
18394,0,0
18394,0,0
18413,22,0
18394,0,0
10048,512,41135
4307,214,33520
3972,180,32840
47371,962,43520
2201,38,300
2226,22,0
1781,0,0
12144,1680,217810
11443,1718,170740
31989,3312,296910
10320,724,60070
11854,1710,179540
9802,408,29405
11255,1032,114975
108229,4780,434390
9845,734,61995
10250,680,56365
9324,306,14830
9472,396,24310
53879,4170,398410
9137,294,13085
15098,1990,234995
10890,990,95315
27540,2892,312845
18825,2510,286785
17559,2592,253565
9198,280,14890
12554,1810,194210
20405,2474,284280
10595,882,80905
10244,686,59870
9682,386,24730
10693,1334,125170
9905,526,38590
11500,1638,176245
10811,1438,146425
9587,424,25045
12562,1818,215590
10748,1268,127915
9101,340,16650
10260,838,70005
9705,468,29320
9170,310,13565
12353,1974,198775
9618,482,30265
9674,492,29905
10400,802,68220
9668,528,36445
9871,626,40350
8469,60,0
8709,186,6440
8486,74,0
8345,4,0
8345,4,0
8344,0,0
8344,0,0
101162,854,34605
8031,470,31055
20473,730,34645
1774,44,3150
2694,186,13775
1881,128,10740
1447,70,1905
1348,24,0
2154,76,8295
503,4,0
3768,284,18885
2652,22,0
102345,1322,67225
47995,1216,66105
14521,856,68620
3846,284,10855
3824,336,19970
2642,176,2750
2508,134,1740
2615,20,0
2412,0,0
2413,4,0
2413,4,0
4884,360,38105
5062,376,45265
101862,1252,62540
21173,840,62540
3417,104,7730
4033,314,35500
1935,10,0
100752,408,11515
46402,410,11515
13120,274,11430
1547,10,0
13015,234,11870
6839,1082,159810
5950,530,73475
5692,692,98785
102924,2212,163945
48574,1958,155975
22235,1514,156665
13520,1460,158350
15100,1362,155550
4227,336,37565
7257,1040,132450
5095,444,41240
5765,452,41535
6585,888,121295
103817,2886,242695
49467,2528,233180
10686,1384,187050
23128,2026,235975
14413,1960,238800
15993,1776,223920
5120,396,37565
8150,1336,173210
4533,94,3360
5988,584,61595
4499,160,8715
4297,144,6440
4420,126,4975
4011,68,1150
4100,50,0
4100,50,0
3897,0,0
5202,202,10925
2560,52,3580
2176,24,0
3085,78,2990
3275,144,8365
46048,182,2745
894,16,2745
25296,806,52395
5634,458,59560
47186,1046,59560
12132,518,42860
5660,492,39895
1738,20,0
1596,0,0
4171,222,22445
100971,644,22510
46621,588,22445
20282,436,22510
11567,386,22445
1815,46,2095
26876,2230,184715
6741,1164,135300
103116,2248,178500
9985,618,51860
12446,1846,179665
3710,134,3340
5580,1086,114165
6387,1168,142550
6405,1180,132350
5100,690,75655
5698,1220,157170
5826,846,97870
3605,64,870
5635,1070,133505
4149,104,6835
7240,1552,164990
4101,314,20240
4758,482,41465
3192,0,0
25753,770,49955
25725,1184,70125
25610,602,39120
27287,2210,195030
25884,902,73680
123662,4542,332505
27760,1536,139290
69312,4038,296550
24093,68,0
24935,582,17965
32992,3460,273560
27987,2312,204505
24810,384,10145
24978,574,22115
26188,1188,88410
26126,1848,140220
25336,922,50965
24380,270,6990
24918,700,34825
25338,712,38590
24960,582,19040
26933,2158,189300
25190,702,33410
24630,328,9380
26951,2232,187290
25646,1300,79970
24920,526,17900
24810,384,10145
26244,1896,157180
26372,1642,130005
25020,612,25045
24985,646,20815
25142,748,29045
24262,164,0
24980,502,17175
25058,688,28730
24266,164,0
24266,180,2550
27995,1472,119455
26181,1712,133515
24271,184,2590
24258,162,0
24534,486,18425
24935,582,17115
25693,1146,73140
25523,892,51235
24258,162,0
25138,734,29830
25021,628,24500
25130,678,31630
25883,876,58530
25282,858,41395
24892,496,15215
25121,780,27210
25240,686,26270
27786,2814,232015
24810,384,10145
25264,876,45575
25051,702,30265
25106,594,25525
25107,742,30440
24403,218,0
24714,308,8460
24403,218,0
24483,326,6060
24577,456,11730
24463,310,5290
24612,440,11360
24403,218,0
24549,310,6890
24403,218,0
24403,218,0
24525,386,8540
24403,218,0
24487,324,5965
24549,310,6890
24573,452,9415
24403,218,0
24403,218,0
24403,218,0
24403,218,0
25101,730,36455
24403,218,0
24403,218,0
24647,592,20240
24403,218,0
24403,218,0
25304,894,42225
24621,504,14955
24403,218,0
24483,326,6060
24596,448,10800
24413,238,2760
24579,454,10715
24556,414,10545
24483,326,6060
24825,540,16470
24549,310,6890
24411,234,2670
24448,258,4065
24403,218,0
23931,104,0
23922,80,0
23997,88,0
23853,0,0
23853,0,0
23853,0,0
24042,198,4965
23858,12,0
23863,16,0
23950,140,3115
23853,0,0
23864,20,0
23919,74,0
23853,0,0
23897,78,1630
23853,0,0
23920,90,0
23853,0,0
23853,0,0
23853,0,0
102488,1518,92060
48138,1524,95340
3761,256,13455
11818,1000,94810
4854,358,51800
5759,510,62045
4147,324,26425
3964,268,16970
6612,618,62045
3312,206,8320
2698,28,0
2860,74,4210
101993,1176,60120
4014,268,49890
12589,632,49890
3002,76,8010
3635,156,15055
5590,504,49995
47615,1130,67230
11295,786,61915
3288,206,17115
3445,214,17115
3238,196,17115
6089,640,55130
101325,652,17285
13501,514,18655
2826,266,10905
2804,238,4720
1622,166,2750
1518,70,880
1488,130,1740
1894,32,2845
103102,2204,173035
48752,1994,171165
22413,1568,172515
13698,1522,172970
15278,1450,172295
4733,242,29660
4758,406,46390
7435,1084,146265
3817,180,11480
3468,86,2625
3610,80,2975
3275,38,0
3174,0,0
1983,42,3500
5168,86,1280
1244,8,0
101850,1244,66670
2572,116,6730
8719,568,48775
14026,798,58775
2044,46,1150
1914,0,0
103527,2328,183675
49177,2222,164895
7852,1172,151465
5542,388,43855
4269,214,6285
5991,998,100485
4783,458,34825
6798,1206,152870
6816,1306,150550
4877,302,21415
6109,1070,119275
4635,182,11440
4987,396,27310
4044,134,1670
4118,220,6795
4118,220,6795
4254,190,6010
7651,1530,170640
5129,456,45575
102124,1234,73600
47774,1156,73600
3074,72,7285
47125,778,32045
101114,568,19295
46764,576,19295
102928,1910,124550
48578,1788,124585
4384,170,20110
3854,130,8700
3329,68,2110
15104,1048,119495
5454,452,51625
3453,118,1600
5149,408,58200
3453,118,1600
4429,148,8610
3087,30,0
3000,0,0
102153,1236,67145
47803,1212,67715
6478,468,67145
3395,82,11065
2633,40,300
3109,72,8690
2216,4,0
2216,4,0
1645,70,7955
1572,64,7955
2790,74,4210
1067,18,25
1067,18,25
2145,54,2955
47286,872,38405
3410,82,12725
2498,46,3330
13659,434,29145
2286,54,4580
1415,32,1680
1123,12,0
102125,1352,67835
47775,1306,67970
2822,108,4775
3138,142,12045
3899,176,35200
100844,476,15200
46494,470,15200
100500,164,0
1321,16,0
1461,16,0
12482,92,0
1473,26,285
47109,722,27260
10789,366,26985
3093,80,12680
102670,1746,121295
9539,928,106965
13266,1278,121595
7003,856,91650
3390,84,2785
3609,194,10680
3609,194,10680
3713,178,12615
3478,126,6350
3377,80,2610
2741,0,0
2741,0,0
3852,186,12110
11787,418,24200
1421,36,1385
1360,34,510
101363,1046,63695
100595,254,5850
101923,1200,57100
102151,1338,81790
104000,2892,229540
145552,6888,498125
100624,312,6730
101541,1022,38320
101517,984,37510
101541,1022,38320
102117,1272,73380
106771,3282,254420
100827,504,17775
119213,4794,368145
101517,984,37510
110498,4234,345325
101950,1314,74425
109232,3588,276075
101461,652,22575
101508,938,36075
100514,190,3150
102223,1348,77575
104227,2572,199470
112078,4068,318370
100509,166,0
100901,486,12040
101917,1196,63875
101693,972,39675
100974,412,9015
100399,130,2770
100300,46,0
101205,822,37565
101883,1022,48280
101533,838,30695
100902,434,11425
101183,764,26490
102428,1580,91090
101355,654,24730
101401,624,20355
101341,588,20290
101578,800,38310
103173,2252,189665
101217,480,13045
100949,506,14835
103191,2250,178165
101456,716,24330
102484,1802,149355
100734,292,6895
101658,902,39985
102612,1752,123720
101724,980,46285
101234,498,13125
101518,776,29120
101652,886,40220
100915,468,11910
101434,958,40585
100802,344,8435
104235,3036,250050
102421,1624,125765
100668,218,0
100680,246,3875
100735,282,6120
102167,1296,65410
101933,1210,72845
101307,578,18080
100816,364,8855
101763,982,51235
102123,1276,69520
102210,1494,89720
102000,916,27645
101227,498,13130
100695,262,5335
100770,322,7510
100843,452,13565
100665,216,0
104026,2736,218130
100743,310,7005
101424,664,23435
101676,926,39460
100954,350,8460
100810,260,0
100942,390,7840
101196,586,18295
101041,530,12545
100956,406,9660
101201,664,21180
102073,1468,78790
100911,376,8010
100905,414,7885
101170,586,18415
100862,346,5495
100956,406,9660
100965,410,11600
100810,260,0
101341,748,36465
100810,260,0
100942,392,7840
101403,586,12290
101544,822,40350
100810,260,0
100810,260,0
100916,356,7125
101095,538,16125
101145,622,15905
100988,446,10970
100874,330,6990
100903,358,7570
101498,980,33080
100956,406,9660
100370,106,1435
100345,84,1275
100534,236,5155
100395,124,0
100617,358,11480
101381,932,36335
100584,322,8715
100456,200,5085
100385,124,0
100491,220,4830
100430,210,3595
100621,372,10690
100448,206,3810
100490,230,5485
100467,276,5600
100506,224,5030
100454,210,3820
100491,220,4830
100410,168,2975
100746,502,12460
100499,230,4850
100385,124,0
100260,0,0
100260,0,0
100283,30,0
100260,0,0
100260,0,0
100260,0,0
100364,92,0
100260,0,0
100260,0,0
100283,44,165
100260,0,0
100321,78,0
100260,0,0
100363,102,0
100261,4,0
100260,0,0
100260,0,0
100265,12,0
100261,4,0
100260,0,0
100260,0,0
100260,0,0
100260,0,0
100463,176,0
100261,4,0
100260,0,0
100260,0,0
100272,28,90
100299,46,0
100277,30,0
100299,72,880
100260,0,0
100296,58,0
100260,0,0
100283,44,165
100276,38,135
100383,108,1505
100404,142,0
100260,0,0
100260,0,0
100266,12,0
100347,90,0
100260,0,0
100655,402,10055
100260,0,0
100377,96,0
100260,0,0
100260,0,0
100260,0,0
100265,12,0
100260,0,0
100306,58,0
100364,92,0
100342,114,135
100261,4,0
100283,30,0
100353,86,0
100463,176,0
100260,0,0
100261,4,0
100260,0,0
100260,0,0
100404,142,0
100263,8,0
100363,102,0
100260,0,0
100382,100,0
100260,0,0
100260,0,0
100260,0,0
100260,0,0
100346,112,1235
100260,0,0
100260,0,0
100260,0,0
100260,0,0
100260,0,0
100260,0,0
100287,48,0
100260,0,0
100353,86,0
100260,0,0
100321,78,0
100260,0,0
100260,0,0
100260,0,0
100260,0,0
100260,0,0
100268,0,0
100260,0,0
100283,44,165
100260,0,0
100327,72,0
100260,0,0
100260,0,0
100277,30,0
100404,142,0
100260,0,0
100260,0,0
100260,0,0
100260,0,0
100276,38,135
100293,34,0
100524,240,5450
100260,0,0
100260,0,0
100505,252,4975
100260,0,0
100260,0,0
100260,0,0
100459,182,4045
100260,0,0
100412,214,2315
100260,0,0
100260,0,0
100260,0,0
100283,30,0
100260,0,0
100260,0,0
100260,0,0
100261,4,0
100276,38,135
20674,922,64975
11959,838,64975
5696,604,51175
2020,234,20595
2301,208,13675
1818,24,0
47168,996,57820
4179,352,36380
20829,836,61995
13694,788,61995
12771,178,5850
8792,552,55675
12519,706,56700
3554,152,19310
4021,176,17455
46908,686,24145
2413,94,12175
13434,426,23980
1360,28,90
1360,28,90
1316,0,0
47801,1274,81790
14327,742,81790
46061,210,2955
1659,26,60
3363,138,14830
2858,54,3195
49650,2572,228735
10869,1134,139740
23311,1904,204560
14596,1642,196100
4999,202,11930
5981,264,26935
8124,806,80670
5139,208,12525
6171,490,44905
5596,382,32320
4565,172,5600
4205,46,0
4397,70,880
4080,0,0
4107,32,0
20456,432,24310
3193,140,12065
1752,18,0
46751,704,21905
47191,974,38320
47167,936,37510
47191,974,38320
47767,1200,73380
52421,2732,235255
46567,462,11445
64863,4108,354070
47167,936,37510
46048,182,2745
46707,508,12225
56148,3860,337155
47600,1174,72955
54882,3134,243340
47158,890,36075
46750,530,17305
46521,476,14890
47873,1272,77635
49877,2512,206985
57728,3776,318315
47918,1394,87790
47567,1160,64010
46821,540,15040
47343,886,39675
46408,302,5180
46613,458,13865
46294,348,6150
47533,980,48280
46552,404,10470
48078,1490,91100
46761,446,12300
46249,300,4775
48016,1488,106725
46808,762,38150
48823,1956,157615
47080,690,29125
48841,2076,158750
46902,640,21415
47308,840,39985
48262,1534,113275
47374,922,46285
47168,728,29120
47302,816,40190
46346,330,8005
46468,400,12225
46565,486,12045
47012,734,27175
46209,216,0
47211,850,40515
46554,506,15605
49885,2700,242890
46387,348,9265
46428,424,11865
47817,1176,66830
46775,454,12310
46982,796,35665
46209,216,0
46250,280,5165
47773,1170,69520
47860,1410,90430
46279,324,5875
47130,634,24955
49676,2454,188945
47186,812,30045
46209,216,0
47074,630,23435
46761,446,12300
46402,396,11685
46996,616,25205
47326,894,39660
46308,304,6915
46460,302,6460
46380,264,4250
46657,490,17300
46354,226,0
46354,226,0
46354,226,0
46582,424,11835
46525,390,7250
46449,314,6690
46508,368,8690
46354,226,0
47148,772,32185
46184,232,5155
45961,110,0
47031,850,35645
46490,580,26670
46141,290,9430
45963,176,660
46234,322,8715
45888,84,0
45977,156,4115
46098,222,7485
45935,94,1585
46032,218,6440
46649,576,23240
46135,260,9685
46113,176,0
46305,378,10055
46113,176,0
46174,238,5450
46155,250,4975
45907,84,0
45835,50,0
45835,50,0
45897,84,0
45822,20,0
45813,0,0
45804,0,0
45804,0,0
45804,0,0
45808,10,0
45804,0,0
45804,0,0
45804,0,0
45804,0,0
45808,8,0
45843,48,0
45804,0,0
45808,8,0
45804,0,0
45804,0,0
45804,0,0
45815,0,0
45804,0,0
45804,0,0
45804,0,0
45804,0,0
45804,0,0
45804,0,0
45804,0,0
45804,0,0
45804,0,0
45804,0,0
45804,0,0
45804,0,0
45860,92,660
45804,0,0
45804,0,0
7970,330,21220
3409,192,12725
2735,118,6220
2580,92,3170
241,0,0
12800,234,6730
3156,330,37510
3180,368,38320
3156,330,37510
3147,284,36075
10505,584,20640
2834,204,8320
2651,212,13940
2634,138,11400
1999,166,8320
1376,16,0
11278,172,6265
1747,10,0
1892,10,0
3156,330,37510
3132,316,37510
3123,272,36075
1965,14,0
937,4,0
937,4,0
3156,330,37510
3147,284,36075
2580,18,0
2408,24,0
4952,160,5240
1645,70,7955
26082,2296,230410
17367,2156,230470
16101,1050,90370
18947,1934,219030
8052,398,26095
7739,192,4005
8070,256,18690
7773,356,16330
8303,526,33735
7469,184,6905
7553,252,8180
9079,708,84260
8869,404,23765
7712,238,13565
8405,464,30355
7910,250,12515
7710,240,10680
7710,240,10680
7029,160,2010
7029,166,2020
7018,158,2010
7317,142,3810
7323,152,3830
7127,146,3440
7615,214,7505
7011,72,855
7190,78,0
7211,84,0
7215,100,1235
7190,78,0
7281,106,1250
7097,126,3040
7097,126,3040
6978,52,690
6978,52,690
6881,0,0
6881,0,0
6898,38,215
6881,0,0
6882,0,0
1078,8,0
20138,398,17775
5675,280,22595
21874,1278,104455
14739,1168,103745
4828,196,16775
3993,282,19600
4444,520,43835
3660,432,21185
2976,274,9850
2976,274,9850
2976,274,9850
2732,52,510
2635,0,0
2573,30,0
1379,14,0
974,0,0
2228,44,1385
29809,3152,334690
20361,230,9260
31389,2998,312995
20212,346,12040
21004,520,39395
20516,616,37565
20494,564,26500
20483,274,15070
20260,378,14815
20767,412,24330
20129,246,12225
20745,734,40830
23546,2104,211800
19792,94,0
20643,660,37560
19911,232,6905
19995,290,8005
21311,526,26660
21094,842,52470
20253,220,7840
20512,438,21180
21384,1014,78015
20253,218,7840
20456,426,15850
20809,646,33025
19870,458,20595
19522,80,0
19611,166,4410
20151,548,28130
19414,28,85
19387,0,0
19600,256,6315
19759,224,7485
19388,4,0
19585,188,4560
19387,0,0
19409,30,75
19610,202,5965
19414,28,85
19596,94,1585
19387,0,0
19390,8,0
19453,60,0
19387,0,0
19693,196,6440
19387,0,0
19387,0,0
19696,124,0
19802,210,4830
19387,0,0
19387,0,0
19741,208,3595
19932,364,10740
19387,0,0
19759,188,3810
19387,0,0
20310,644,27040
19801,220,5485
19600,256,6315
19778,266,5600
19439,66,0
19406,28,0
19817,240,5105
19446,50,0
19418,46,0
19484,80,0
19388,4,0
19414,48,0
19490,92,0
19764,298,8590
19765,198,3830
19498,130,1905
19802,210,4830
19393,12,0
19387,0,0
19569,176,3440
19721,164,2975
19566,144,1790
19387,0,0
19387,0,0
19387,0,0
20057,362,12170
19453,72,855
19387,0,0
19499,106,1935
19796,264,9685
19479,94,1480
19399,24,0
19810,214,4840
19387,0,0
19696,124,0
3123,272,36075
1913,50,5180
1664,14,0
1423,0,0
12546,890,74105
22674,2686,298480
11801,560,37565
12129,470,30360
11754,314,17225
12154,682,46630
11036,94,0
11500,438,16320
14831,2164,220720
11204,240,8255
11695,298,13820
11598,210,8475
11188,236,7385
12132,582,30115
12379,708,47895
11036,94,0
11348,276,11685
11214,156,3360
11603,354,17300
11507,218,8010
11528,352,12575
11541,412,17390
11306,228,6350
11316,262,5920
11316,262,5920
11452,304,13220
11205,144,2610
11181,106,0
11383,316,8270
11499,204,7570
11155,460,20645
11213,272,11480
11436,518,28130
10722,76,1265
10779,134,2915
10724,56,0
10909,100,0
11180,224,8715
10722,76,1265
10736,90,0
10728,84,1385
10794,170,4285
10756,158,2010
10756,158,2010
10750,114,1980
10631,0,0
10834,84,0
10923,154,4115
10745,154,2010
11052,184,5085
6283,616,57680
2953,140,7885
2910,108,5495
2202,54,1980
13557,1814,193085
10334,274,8905
10334,274,8905
10334,274,8905
11696,1468,131165
10906,652,50965
12503,1656,177200
12521,1726,173040
11216,994,75790
11814,1506,147380
11942,1290,128110
10891,756,42285
13565,1086,90155
11751,1406,133505
11093,652,51245
10708,668,32735
10852,606,41270
10462,346,15215
10691,604,26830
10810,484,25650
13356,2176,211765
10677,536,29290
9998,266,5320
9998,266,5320
10053,248,6060
10147,376,11730
9998,266,5320
9939,184,3425
9909,140,0
9920,162,2130
9909,140,0
10095,300,8540
10056,376,8320
9909,140,0
10143,360,9415
9909,140,0
10671,568,36465
10217,476,20240
10874,742,41605
10191,406,14945
10053,248,6060
10166,360,10800
10149,370,10715
10126,338,10545
10053,248,6060
10395,420,16470
9360,4,0
9700,102,1435
9359,0,0
9359,0,0
9398,44,0
9675,80,1275
9360,4,0
9359,0,0
9501,104,0
1576,0,0
1153,0,0
2494,68,3710
5671,336,20700
3712,230,20750
2457,114,8505
1982,60,645
12460,88,0
6548,374,40575
3778,116,8215
2358,36,255
2285,0,0
2161,44,215
1724,28,0
1459,8,0
1116,6,0
1111,4,0
1111,4,0
6593,724,86395
6691,932,102055
5525,332,19320
7516,1242,145280
5485,264,17900
5281,168,7240
5886,478,38885
6258,566,63585
6088,466,51235
5338,222,8415
5374,266,12015
5686,430,26715
8351,1402,160905
5616,332,26505
6001,342,38405
4732,74,0
5090,184,8540
4864,76,0
5138,234,9170
14059,566,45185
12625,86,0
13900,520,46285
13734,644,46390
16411,1936,203035
12954,300,11865
13182,180,8240
13508,600,37560
14386,944,89720
12724,172,4880
12828,148,1975
13579,614,14440
12975,178,6690
12897,292,4700
12778,106,1585
12355,68,0
12793,272,11480
13557,776,37500
13016,476,26670
12667,230,9430
12304,56,0
12475,190,5965
13175,530,25185
12529,86,0
12529,86,0
12635,146,4045
12412,134,4050
12226,12,0
12339,226,3415
12242,32,105
12220,0,0
12231,20,0
12220,0,0
12375,218,2470
12423,84,0
12220,0,0
12226,12,0
12242,32,105
12285,52,690
12339,226,3415
12271,96,880
12220,0,0
12320,192,2885
12220,0,0
12322,88,0
12251,42,0
12220,0,0
12339,226,3415
12285,52,690
12339,226,3415
3767,120,10880
5557,468,46235
3379,152,8465
2904,76,645
2892,50,375
1713,0,0
2144,50,2100
965,8,0
3186,108,15040
103,0,0
3309,120,29120
716,0,0
106,16,90
2106,64,8905
2106,64,8905
2106,64,8905
1067,8,0
662,0,0
662,0,0
1661,20,1695
1994,94,5955
2104,142,6285
1161,78,1670
1371,100,6010
2603,44,2005
2038,62,235
2056,56,225
2011,36,145
2021,52,225
985,22,870
1173,12,0
2138,56,1085
551,0,0
3631,126,14160
1622,22,0
5342,296,22115
3421,78,4705
1158,8,0
3281,134,11015
2779,104,6395
1536,38,1790
4457,260,22945
1790,16,0
5310,336,22945
5717,554,67585
2953,112,1600
2901,36,0
4649,354,48385
2953,112,1600
6552,644,67585
3256,68,4250
3181,136,10055
1612,72,4775
5655,1038,113225
4948,978,109880
5076,698,82650
4885,856,97925
2957,194,6795
4631,262,22130
2957,194,6795
6490,1340,140415
3351,276,20240
822,16,25
822,16,25
1777,18,0
2413,30,5180
2025,28,375
4429,400,33995
4447,440,34825
2760,200,20920
824,16,25
2936,110,25045
2347,110,12015
2659,164,19320
4701,336,33460
6462,1260,166460
5755,1074,142550
5204,512,63390
3871,116,5165
7297,1512,188060
4562,288,26170
3461,98,3115
3250,0,0
3326,66,900
3250,0,0
2128,58,5165
2188,56,6575
2402,112,4005
1652,82,4005
2900,48,530
860,16,530
1505,8,0
2281,32,3820
1129,12,0
5773,1092,132350
4587,294,28450
4850,418,38885
5456,420,46920
3984,100,5335
7315,1602,185835
4793,444,45575
3898,96,3425
3268,0,0
6010,774,74670
2801,138,11730
2687,98,5290
2500,32,0
3528,276,22035
2712,152,21415
5003,912,127925
3075,200,6795
3075,200,6795
6608,1370,157170
2719,74,1630
2554,0,0
812,4,0
4582,128,3590
1949,20,0
5131,730,97870
3484,172,12550
3447,160,10010
4643,420,49430
6736,1056,116830
3509,144,9190
3698,168,11070
2748,32,0
6057,390,46285
1780,0,0
1837,8,0
2705,190,20815
2498,154,17115
1867,34,1135
1510,8,0
1906,54,4945
2655,162,17115
1978,14,0
1416,12,0
2430,44,3875
2022,28,90
2648,102,1600
952,64,1600
2657,110,24500
1201,24,1585
5891,518,46390
2601,118,9620
1711,20,0
1879,90,1670
2089,118,6010
1378,32,2550
1631,40,2865
1076,36,2865
3037,234,16970
2242,52,1885
2385,182,8320
2538,190,10795
1162,122,2010
1162,128,2020
1151,120,2010
1031,38,215
2274,24,5145
2216,134,8180
1790,80,3440
5238,194,7750
4892,372,20595
4455,60,0
5173,428,28130
4629,58,0
4423,52,0
2900,48,530
6545,1178,133005
3406,262,20240
2656,72,1630
2491,0,0
2089,42,2590
1124,6,0
1050,20,90
4898,318,18415
2768,110,4485
1823,58,1035
1146,72,1670
890,16,0
1084,100,6795
2257,68,1880
1724,24,2785
662,18,25
662,18,25
6291,484,46920
4338,196,17745
3435,94,8145
3011,64,2895
2376,24,0
2232,0,0
2232,0,0
3378,180,22680
3019,138,11070
1950,30,85
989,18,85
2148,42,7005
1914,12,0
1381,8,0
2305,90,660
1743,88,660
2429,268,18865
1640,86,660
1505,28,105
1519,32,105
3133,158,13505
2546,94,5345
1273,8,0
2451,42,2130
822,16,25
2202,168,8320
1649,52,645
676,0,0
2508,130,12015
1631,40,2865
5494,360,31630
2648,102,1600
2190,8,0
812,4,0
3689,242,19805
3029,44,5290
4518,76,0
2477,22,0
2201,28,85
2201,28,85
2381,30,0
2381,30,0
2444,52,1235
2391,46,25
2510,58,1250
2381,30,0
2072,0,0
2072,0,0
2079,18,25
2079,18,25
2072,0,0
2366,34,4295
812,4,0
2966,78,10570
2967,144,21445
1413,10,0
2939,148,16120
2272,130,9415
2097,32,85
2391,94,6845
1771,18,0
4985,262,14945
1794,124,2010
1794,126,2010
1783,122,2010
1918,16,5125
1444,34,900
3077,168,10405
2170,164,6315
2880,370,15510
2170,164,6315
2196,254,9850
2196,254,9850
2196,254,9850
1733,0,0
1405,0,0
1405,0,0
1630,32,0
1524,6,0
1592,34,255
1530,10,0
959,0,0
1434,64,5320
1434,64,5320
1102,4,0
1434,64,5320
1102,4,0
1110,6,0
2695,40,0
716,8,0
1218,12,0
1102,4,0
1136,36,135
1136,36,135
1193,40,135
1119,8,0
1172,38,370
2183,66,370
1475,50,370
1577,44,165
1577,44,165
1577,44,165
1359,14,0
1459,0,0
1438,30,880
1102,4,0
1332,8,0
1249,20,1590
1102,4,0
1895,30,1845
2797,120,14915
1378,16,2555
1780,100,10680
1352,24,1585
800,12,0
800,12,0
707,0,0
2266,28,0
2265,28,0
2261,22,0
631,0,0
1865,72,5495
1330,14,0
2230,54,2000
2369,90,5965
1328,10,0
1136,36,135
1193,40,135
1976,80,8725
1412,36,3020
1412,36,3020
1750,106,5920
1750,106,5920
1817,114,5920
2092,36,2760
1809,44,1425
1314,8,0
1102,4,0
1303,8,0
1193,40,135
1286,70,660
1972,88,660
1183,68,660
2222,212,4700
2882,260,4720
1664,218,3415
1700,186,2750
1664,218,3415
1596,82,880
1645,184,2885
1664,218,3415
1664,218,3415
1566,138,1740
2175,64,370
1467,48,370
982,162,2915
982,162,2915
982,162,2915
982,162,2915
2478,150,10890
1609,0,0
1538,100,5920
1605,108,5920
1610,28,2670
985,12,0
1330,36,3700
1605,108,5920
1412,36,3020
1982,86,10365
2741,142,10415
1655,58,1085
1209,8,0
1203,0,0
1102,4,0
1153,36,810
1457,24,1630
2026,84,3595
2063,112,5600
2008,76,1085
761,6,0
642,6,0
158,4,0
813,24,1275
733,12,0
733,12,0
1497,148,8975
855,62,4285
272,4,0
905,14,0
1678,174,2750
1574,80,880
1544,126,1740
272,4,0
350,16,1265
1410,86,660
621,66,660
398,16,0
418,106,2010
407,102,2010
407,104,2010
287,32,215
304,16,85
1386,154,6315
676,100,6315
252,4,0
540,20,1480
702,34,85
649,36,85
166,20,45
906,48,1905
985,12,0
1386,154,6315
1222,62,1855
1412,242,9850
1412,242,9850
1412,242,9850
1307,84,660
1057,52,1560
574,22,45
615,10,0
511,0,0
521,22,45
511,0,0
694,20,855
126,0,0
980,24,1505
310,0,0
664,36,165
664,36,165
620,4,0
620,4,0
620,4,0
664,36,165
716,38,135
650,36,135
650,36,135
552,14,0
540,10,0
564,22,30
544,20,30
400,6,0
716,38,135
716,38,135
433,0,0
650,36,135
372,18,25
372,18,25
554,36,3040
728,196,9850
728,196,9850
728,196,9850
36,4,0
0,0,0
143,0,0
254,16,25
300,6,0
0,0,0
424,188,3415
405,156,2885
424,188,3415
424,188,3415
230,16,105
362,110,1740
316,16,690
405,156,2885
424,188,3415
424,188,3415
405,156,2885
405,156,2885
319,8,0
127,0,0
424,188,3415
38,4,0
28,4,0
449,10,0
230,46,225
185,26,145
195,42,225
213,40,225
142,6,0
189,12,0
300,20,25
293,18,25
184,0,0
60,16,25
265,6,0
233,18,25
262,20,105
225,8,0
256,22,30
210,4,0
210,4,0
134,4,0
16,0,0
24,4,0
4,4,0
4,4,0
4,4,0
90,16,25
90,16,25
90,16,25
0,0,0
12,4,0
0,0,0
0,0,0
0,0,0
0,0,0
0,0,0
0,0,0
0,0,0
0,0,0
0,0,0
4,4,0
4,4,0
4,4,0
0,0,0
0,0,0
0,0,0
0,0,0
0,0,0
0,0,0
0,0,0
0,0,0
0,0,0
