"1,0-d","2,0-d","3,0-d"
64,70,3
36,34,0
3,0,0
3,0,0
12,4,0
88,68,0
51,14,0
5,2,0
29,10,0
8,0,0
306,278,3
86,84,9
3,2,0
21,2,0
9,4,0
16,12,0
72,36,0
34,60,0
17,6,0
8,4,0
21,6,0
70,124,3
67,34,0
35,4,0
14,2,0
3,0,0
6,2,0
5,0,0
160,170,0
19,4,0
76,28,0
23,0,0
7,6,0
39,14,0
61,26,0
8,0,0
32,2,0
7,2,0
3,0,0
26,18,3
243,224,18
12,4,0
6,0,0
28,10,0
19,4,0
16,2,0
6,0,0
10,0,0
20,6,0
4,0,0
4,0,0
85,184,51
15,2,0
2,0,0
7,4,0
2,0,0
7,0,0
18,10,0
33,24,0
4,0,0
15,4,0
6,0,0
12,0,0
13,4,0
58,42,0
27,2,0
19,2,0
4,0,0
19,4,0
2,0,0
31,4,0
43,50,0
4,0,0
2,0,0
10,2,0
53,10,0
4,0,0
2,0,0
3,0,0
3,0,0
3,0,0
14,0,0
12,4,0
25,8,0
10,6,3
16,0,0
16,2,0
11,2,0
14,0,0
5,0,0
38,4,0
23,2,0
9,0,0
15,2,0
11,0,0
11,2,0
16,2,0
23,20,0
5,2,0
9,2,0
8,0,0
24,0,0
29,4,0
27,10,0
29,16,0
18,0,0
8,6,0
5,0,0
22,6,0
14,2,0
16,8,0
9,2,0
11,4,0
2,0,0
12,10,3
68,20,0
25,6,0
4,0,0
16,2,0
31,8,0
18,2,0
8,4,0
29,26,0
18,0,0
24,0,0
3,0,0
40,10,0
20,0,0
8,0,0
18,2,0
6,0,0
4,2,0
36,0,0
52,28,0
35,46,6
56,24,0
27,10,0
9,0,0
16,0,0
3,0,0
5,2,0
6,0,0
13,0,0
51,18,0
21,0,0
9,0,0
2,0,0
3,0,0
37,2,0
24,2,0
9,0,0
5,2,0
11,0,0
5,0,0
2,0,0
29,6,0
7,0,0
14,0,0
22,0,0
8,0,0
11,2,0
19,8,0
5,2,0
17,0,0
20,0,0
9,4,0
67,18,0
8,0,0
4,0,0
2,0,0
8,0,0
11,0,0
15,0,0
6,0,0
4,0,0
2,0,0
24,4,0
8,0,0
4,0,0
31,4,0
14,0,0
8,2,0
6,2,0
14,6,0
6,0,0
5,0,0
21,30,3
134,86,3
16,4,0
6,0,0
5,0,0
5,0,0
79,12,0
5,0,0
7,0,0
9,0,0
8,0,0
6,0,0
9,2,0
9,0,0
4,0,0
10,0,0
20,2,0
5,0,0
13,2,0
7,0,0
40,12,0
4,0,0
6,0,0
25,12,0
4,0,0
14,0,0
16,0,0
19,4,0
11,0,0
10,0,0
12,0,0
10,0,0
4,0,0
29,4,0
9,0,0
8,2,0
12,2,0
10,0,0
18,2,0
20,6,0
39,6,0
25,14,0
32,12,0
5,2,0
18,2,0
9,0,0
16,0,0
9,0,0
24,4,0
6,0,0
15,0,0
28,0,0
24,4,0
7,0,0
14,0,0
4,0,0
2,0,0
129,190,12
48,34,0
2,0,0
18,12,0
3,0,0
11,2,0
10,0,0
5,0,0
3,0,0
2,0,0
2,0,0
7,0,0
7,0,0
25,0,0
11,0,0
7,0,0
4,2,0
24,14,0
7,0,0
5,0,0
3,0,0
10,0,0
30,12,0
5,0,0
19,0,0
14,2,0
2,0,0
5,0,0
61,6,0
2,0,0
27,0,0
31,0,0
20,0,0
39,12,0
10,0,0
38,2,0
23,8,0
3,0,0
16,2,0
118,56,0
7,0,0
14,0,0
8,2,0
8,0,0
3,0,0
5,2,0
12,0,0
29,2,0
126,56,0
74,10,0
28,0,0
19,0,0
3,0,0
7,4,0
6,0,0
6,4,0
3,0,0
3,0,0
12,0,0
8,0,0
18,0,0
34,32,0
4,0,0
3,0,0
11,2,0
8,0,0
72,48,6
49,16,0
13,2,0
15,0,0
7,0,0
42,12,0
6,2,0
4,0,0
8,0,0
2,0,0
2,0,0
23,0,0
26,4,0
13,0,0
14,2,0
10,0,0
10,2,0
4,0,0
39,38,3
3,0,0
2,0,0
90,30,0
59,12,0
12,0,0
49,8,0
7,0,0
6,2,0
5,0,0
6,0,0
3,0,0
4,0,0
8,4,0
3,0,0
7,0,0
15,0,0
28,4,0
6,2,0
21,2,0
5,0,0
11,2,0
2,0,0
2,0,0
18,0,0
5,2,0
6,2,0
4,0,0
56,54,0
2,2,0
6,0,0
7,0,0
2,0,0
3,0,0
60,22,0
7,0,0
14,12,0
2,0,0
13,4,0
2,0,0
14,0,0
6,4,0
30,0,0
4,0,0
14,4,0
8,0,0
8,0,0
47,20,0
48,26,0
2,0,0
4,0,0
6,0,0
4,0,0
4,0,0
4,0,0
32,2,0
2,0,0
27,4,0
4,0,0
2,0,0
3,0,0
8,0,0
2,0,0
4,0,0
3,0,0
36,4,0
2,0,0
10,2,0
18,8,0
4,0,0
9,2,0
2,0,0
39,28,0
19,12,0
10,0,0
6,0,0
20,0,0
2,0,0
4,0,0
4,0,0
19,0,0
2,0,0
2,2,0
2,0,0
2,0,0
39,2,0
7,0,0
14,6,0
22,0,0
6,0,0
2,0,0
8,0,0
28,2,0
4,0,0
2,0,0
8,0,0
50,16,0
11,2,0
18,0,0
9,2,0
16,0,0
32,2,0
2,0,0
2,0,0
20,0,0
88,52,0
29,4,0
5,0,0
4,0,0
21,0,0
29,22,0
11,2,0
10,2,0
8,0,0
5,0,0
9,2,0
3,0,0
6,0,0
44,0,0
20,2,0
2,0,0
2,0,0
2,0,0
40,8,0
4,0,0
12,0,0
6,0,0
2,0,0
3,0,0
10,0,0
5,0,0
4,0,0
4,0,0
56,14,0
15,2,0
44,14,0
28,10,0
9,2,0
47,6,0
3,0,0
2,0,0
6,0,0
21,6,0
38,2,0
7,0,0
3,0,0
11,4,0
20,0,0
25,22,3
6,0,0
3,0,0
27,10,0
3,0,0
7,0,0
39,10,0
23,2,0
3,0,0
26,0,0
2,0,0
19,0,0
2,0,0
14,4,0
8,0,0
9,0,0
2,0,0
6,0,0
2,0,0
39,36,3
8,4,0
20,0,0
12,2,0
3,0,0
11,0,0
19,2,0
3,0,0
122,108,0
11,4,0
7,0,0
11,0,0
13,2,0
13,2,0
4,0,0
9,6,0
7,0,0
28,2,0
6,4,0
8,0,0
5,0,0
3,0,0
6,0,0
37,2,0
4,0,0
4,0,0
42,2,0
6,0,0
20,0,0
3,0,0
3,0,0
5,0,0
37,30,3
14,0,0
2,0,0
9,0,0
11,2,0
2,0,0
7,0,0
3,0,0
6,0,0
23,10,0
3,0,0
4,0,0
12,2,0
19,0,0
4,0,0
12,4,0
11,0,0
8,0,0
16,0,0
32,12,0
13,0,0
2,0,0
4,0,0
8,0,0
10,0,0
35,10,0
9,0,0
15,0,0
51,4,0
8,0,0
6,0,0
11,0,0
6,0,0
6,0,0
5,0,0
2,0,0
2,0,0
23,4,0
3,0,0
33,4,0
8,2,0
2,0,0
2,0,0
4,0,0
8,4,0
10,0,0
39,0,0
4,0,0
5,0,0
11,4,0
139,48,0
2,0,0
81,18,0
2,0,0
10,2,0
6,0,0
16,6,0
2,0,0
6,0,0
6,0,0
29,0,0
4,0,0
21,18,0
2,0,0
2,0,0
15,2,0
9,0,0
7,2,0
11,2,0
8,0,0
10,2,0
6,0,0
9,0,0
11,4,0
8,0,0
2,0,0
8,0,0
10,0,0
2,0,0
8,0,0
10,0,0
10,0,0
6,0,0
8,2,0
4,0,0
17,2,0
28,6,0
6,0,0
31,6,0
4,0,0
68,66,12
12,2,0
59,18,0
4,0,0
20,2,0
31,8,0
2,0,0
179,130,24
34,12,0
12,0,0
10,0,0
16,4,0
4,0,0
59,20,0
143,76,6
15,0,0
26,4,0
6,0,0
3,0,0
7,0,0
68,48,0
4,0,0
3,0,0
5,0,0
8,0,0
5,0,0
2,0,0
2,0,0
6,0,0
6,2,0
26,14,0
5,0,0
11,2,0
90,16,0
3,0,0
10,0,0
6,0,0
2,0,0
23,2,0
5,0,0
3,0,0
7,0,0
6,0,0
9,0,0
6,0,0
3,0,0
3,0,0
8,0,0
12,4,0
28,4,0
35,6,0
10,2,0
9,2,0
2,0,0
9,0,0
9,2,0
16,0,0
17,4,0
2,0,0
5,0,0
9,0,0
16,0,0
3,0,0
4,0,0
8,0,0
8,0,0
23,0,0
5,0,0
9,0,0
7,0,0
11,0,0
6,0,0
16,0,0
7,0,0
2,0,0
14,0,0
29,4,0
2,0,0
2,0,0
7,0,0
5,0,0
10,0,0
11,0,0
4,0,0
44,38,9
2,0,0
3,0,0
10,0,0
16,2,0
38,4,0
6,0,0
6,0,0
13,0,0
28,4,0
42,56,0
7,0,0
3,0,0
19,8,0
15,10,6
3,0,0
30,10,0
4,0,0
7,0,0
4,2,0
9,0,0
54,14,0
23,6,0
10,2,0
17,0,0
27,2,0
14,0,0
9,2,0
11,0,0
6,0,0
4,0,0
4,0,0
3,0,0
2,0,0
10,0,0
5,0,0
5,0,0
5,0,0
3,0,0
5,0,0
21,2,0
2,0,0
4,0,0
15,0,0
19,6,0
11,0,0
3,0,0
15,4,0
4,0,0
9,2,0
17,4,0
4,0,0
5,0,0
2,0,0
18,0,0
4,0,0
10,0,0
18,0,0
6,0,0
3,0,0
4,0,0
30,10,0
4,0,0
7,0,0
3,0,0
26,0,0
3,0,0
4,0,0
5,2,0
14,0,0
9,2,0
9,0,0
4,0,0
18,2,0
6,0,0
2,0,0
6,0,0
31,6,0
3,0,0
6,0,0
65,18,0
75,14,0
33,16,0
6,0,0
30,4,0
2,0,0
11,0,0
2,0,0
17,0,0
19,10,0
2,0,0
24,6,0
5,0,0
8,0,0
3,0,0
14,0,0
19,2,0
2,0,0
5,0,0
7,0,0
4,0,0
68,18,0
19,0,0
3,2,0
20,0,0
3,0,0
10,2,0
2,0,0
4,0,0
11,0,0
3,0,0
3,0,0
27,2,0
9,0,0
3,0,0
4,0,0
6,0,0
3,0,0
2,0,0
5,0,0
4,0,0
41,10,0
2,0,0
5,0,0
2,0,0
2,0,0
12,2,0
5,0,0
52,4,0
7,2,0
11,0,0
50,4,0
28,26,0
4,2,0
2,0,0
14,2,0
2,0,0
3,0,0
2,0,0
7,0,0
6,0,0
12,6,0
3,0,0
5,0,0
5,0,0
3,0,0
17,0,0
5,0,0
8,2,0
5,0,0
45,0,0
5,0,0
3,0,0
24,8,0
20,0,0
8,0,0
10,0,0
11,2,0
8,0,0
4,0,0
16,10,0
5,0,0
2,0,0
3,0,0
7,4,0
11,0,0
4,0,0
2,0,0
2,0,0
31,8,0
7,2,0
6,4,0
11,0,0
8,0,0
5,0,0
8,2,0
4,2,0
2,0,0
11,0,0
7,0,0
23,0,0
90,4,0
21,2,0
21,10,0
2,0,0
3,0,0
2,0,0
50,12,0
9,0,0
4,0,0
9,0,0
11,0,0
8,0,0
17,16,0
19,10,0
2,0,0
4,0,0
29,8,0
4,0,0
6,2,0
2,0,0
7,0,0
4,0,0
7,4,0
6,0,0
33,4,0
17,8,0
10,4,0
13,0,0
45,14,0
17,8,0
9,0,0
17,0,0
18,4,0
8,0,0
3,0,0
13,2,0
11,0,0
7,0,0
11,0,0
8,0,0
2,0,0
26,0,0
21,22,0
2,0,0
9,4,0
3,0,0
2,0,0
8,0,0
2,0,0
35,0,0
2,0,0
4,0,0
9,0,0
10,2,0
6,6,0
2,0,0
5,0,0
27,6,0
27,4,0
2,2,0
4,0,0
5,0,0
2,0,0
2,0,0
3,0,0
22,0,0
4,0,0
3,0,0
2,0,0
7,2,0
94,56,3
20,2,0
55,8,0
11,2,0
34,16,0
21,4,0
3,0,0
8,0,0
5,0,0
3,0,0
4,0,0
3,0,0
3,0,0
46,20,0
4,0,0
4,0,0
8,0,0
2,0,0
4,0,0
48,32,3
26,4,0
4,0,0
2,0,0
3,0,0
9,0,0
3,0,0
4,0,0
47,6,0
32,28,0
5,0,0
11,4,0
2,0,0
3,0,0
6,0,0
18,0,0
4,2,0
5,0,0
43,14,0
6,0,0
11,6,0
9,4,0
45,14,0
6,0,0
2,0,0
3,0,0
50,30,6
8,0,0
4,0,0
7,2,0
2,0,0
18,0,0
50,22,0
17,0,0
33,4,0
13,2,0
12,2,0
2,0,0
8,0,0
22,0,0
98,34,0
16,0,0
10,0,0
23,2,0
9,0,0
11,2,0
6,2,0
9,0,0
4,0,0
6,2,0
10,0,0
58,12,0
3,0,0
3,0,0
11,4,0
7,0,0
11,0,0
4,0,0
51,10,0
58,14,0
8,0,0
27,34,9
6,0,0
9,0,0
20,0,0
4,0,0
8,0,0
17,0,0
12,0,0
9,0,0
3,0,0
5,0,0
2,0,0
17,2,0
12,0,0
5,2,0
4,0,0
3,0,0
19,6,0
19,0,0
7,0,0
9,0,0
3,0,0
5,0,0
11,0,0
13,2,0
85,16,0
2,0,0
10,0,0
49,6,0
119,140,21
4,0,0
12,0,0
15,0,0
13,2,0
3,0,0
6,0,0
16,0,0
3,0,0
34,14,0
31,14,0
55,4,0
3,0,0
8,0,0
17,4,0
12,2,0
12,0,0
3,0,0
15,0,0
5,0,0
3,0,0
4,0,0
90,4,0
105,14,0
2,0,0
12,0,0
2,0,0
2,0,0
12,6,0
42,12,0
25,10,0
3,0,0
2,0,0
21,4,0
14,4,0
14,0,0
5,2,0
21,2,0
3,0,0
5,0,0
2,0,0
11,2,0
10,0,0
5,0,0
7,0,0
2,0,0
11,4,0
5,0,0
3,0,0
3,0,0
16,0,0
51,40,0
9,0,0
2,0,0
18,0,0
5,0,0
18,14,0
27,2,0
14,0,0
2,0,0
6,0,0
47,48,15
41,2,0
11,4,0
45,10,0
4,0,0
4,0,0
2,0,0
8,0,0
16,0,0
9,0,0
6,0,0
6,0,0
2,0,0
2,0,0
5,0,0
28,2,0
20,10,0
4,0,0
14,4,0
4,0,0
9,2,0
3,0,0
3,0,0
16,0,0
2,0,0
8,2,0
15,0,0
2,0,0
14,0,0
24,6,0
35,4,0
11,0,0
2,0,0
2,0,0
6,0,0
6,0,0
5,0,0
3,0,0
3,0,0
8,8,0
16,2,0
9,2,0
6,2,0
12,0,0
5,0,0
16,0,0
75,38,3
3,0,0
2,0,0
2,0,0
3,0,0
18,0,0
3,0,0
13,0,0
14,2,0
5,0,0
2,0,0
21,0,0
5,0,0
15,2,0
2,0,0
23,10,0
4,0,0
3,0,0
5,0,0
22,2,0
10,2,0
5,0,0
4,0,0
11,0,0
5,0,0
3,0,0
2,0,0
12,0,0
14,2,0
108,32,0
6,0,0
4,2,0
3,0,0
22,0,0
14,0,0
4,0,0
28,8,0
3,0,0
3,0,0
6,0,0
4,0,0
3,0,0
4,0,0
9,0,0
4,0,0
15,2,0
4,0,0
2,0,0
3,0,0
34,0,0
55,68,6
2,0,0
16,0,0
12,0,0
2,0,0
155,44,0
9,0,0
7,0,0
8,2,0
6,0,0
19,6,0
5,0,0
4,0,0
28,2,0
13,6,0
7,0,0
6,0,0
4,0,0
3,0,0
2,0,0
16,0,0
4,0,0
15,6,0
4,0,0
37,0,0
2,0,0
7,0,0
20,0,0
17,6,0
11,8,0
9,0,0
6,0,0
2,0,0
27,6,0
2,0,0
34,2,0
55,24,0
8,0,0
9,0,0
5,0,0
20,10,0
36,0,0
2,0,0
3,0,0
7,0,0
3,0,0
4,0,0
23,0,0
4,0,0
2,0,0
20,2,0
37,6,0
16,0,0
8,0,0
5,0,0
23,0,0
9,0,0
2,0,0
2,0,0
20,0,0
2,0,0
5,0,0
2,0,0
11,0,0
2,0,0
9,0,0
6,0,0
5,0,0
12,0,0
26,0,0
6,0,0
4,0,0
4,0,0
3,0,0
9,4,0
3,0,0
9,0,0
5,0,0
5,0,0
3,0,0
4,0,0
18,0,0
12,0,0
35,4,0
2,0,0
2,0,0
4,0,0
9,0,0
3,0,0
25,2,0
7,4,0
16,0,0
5,0,0
9,2,0
20,6,0
4,0,0
42,32,0
12,4,0
75,16,0
17,2,0
9,2,0
18,10,0
35,0,0
2,0,0
5,0,0
21,10,0
2,0,0
6,2,0
14,2,0
16,2,0
18,2,0
4,0,0
71,50,6
7,2,0
19,0,0
5,0,0
12,0,0
13,4,0
2,0,0
8,0,0
2,0,0
7,0,0
64,36,0
2,0,0
12,0,0
38,6,0
18,4,0
159,100,12
33,4,0
2,0,0
6,0,0
4,0,0
11,8,0
3,0,0
5,0,0
48,8,0
4,0,0
2,0,0
3,0,0
40,26,0
3,0,0
15,0,0
2,0,0
21,0,0
3,0,0
2,0,0
5,0,0
4,0,0
34,2,0
3,0,0
5,0,0
4,0,0
11,0,0
27,8,0
13,2,0
3,0,0
2,0,0
14,2,0
11,0,0
8,0,0
2,0,0
20,2,0
33,6,0
2,0,0
6,0,0
4,0,0
10,0,0
6,0,0
9,0,0
20,2,0
12,0,0
21,8,0
24,14,0
29,4,0
6,0,0
6,0,0
7,0,0
3,0,0
6,0,0
2,0,0
9,0,0
4,0,0
6,0,0
3,0,0
12,0,0
3,0,0
15,0,0
8,0,0
3,0,0
3,2,0
26,20,0
19,0,0
2,0,0
9,0,0
4,0,0
10,0,0
10,0,0
3,0,0
4,0,0
3,0,0
8,0,0
2,0,0
2,0,0
16,4,0
4,0,0
8,4,0
2,0,0
6,0,0
110,42,0
3,0,0
3,0,0
6,0,0
5,0,0
6,0,0
11,8,0
2,0,0
56,12,0
41,32,0
9,0,0
4,0,0
19,2,0
7,0,0
4,0,0
2,0,0
7,0,0
311,990,132
4,0,0
39,2,0
3,0,0
5,0,0
7,0,0
3,0,0
3,0,0
2,0,0
16,2,0
8,2,0
8,0,0
35,0,0
2,0,0
10,4,0
9,0,0
26,4,0
4,0,0
8,2,0
103,48,3
2,0,0
5,0,0
3,0,0
3,0,0
11,0,0
27,0,0
49,20,0
10,0,0
3,0,0
5,2,0
3,0,0
2,0,0
3,0,0
2,0,0
12,0,0
6,0,0
35,6,0
2,0,0
5,0,0
3,0,0
55,14,0
3,0,0
5,2,0
11,0,0
2,0,0
9,0,0
4,0,0
4,2,0
5,0,0
9,0,0
8,0,0
3,0,0
12,0,0
23,0,0
12,0,0
31,10,0
8,0,0
40,0,0
3,0,0
42,0,0
37,0,0
9,10,0
5,0,0
2,0,0
4,0,0
4,0,0
5,0,0
3,0,0
3,0,0
2,0,0
3,0,0
3,0,0
9,2,0
50,12,0
2,0,0
22,0,0
2,0,0
27,2,0
2,0,0
11,0,0
5,2,0
12,4,0
3,0,0
3,0,0
7,0,0
3,0,0
12,0,0
42,84,0
30,4,0
32,2,0
3,0,0
2,0,0
3,0,0
4,0,0
7,0,0
2,0,0
21,0,0
5,0,0
6,0,0
6,0,0
9,0,0
2,0,0
3,0,0
29,2,0
5,0,0
3,0,0
7,0,0
7,0,0
6,0,0
13,0,0
9,0,0
25,4,0
4,0,0
6,4,0
9,0,0
3,0,0
5,0,0
7,0,0
3,0,0
18,2,0
2,0,0
2,0,0
276,274,42
7,0,0
5,0,0
2,0,0
272,184,0
2,0,0
5,0,0
24,6,0
3,0,0
4,0,0
24,4,0
23,0,0
83,56,3
2,0,0
2,0,0
4,0,0
19,0,0
16,0,0
5,0,0
6,0,0
66,14,0
9,2,0
10,0,0
4,0,0
16,0,0
5,0,0
2,0,0
3,0,0
7,0,0
13,2,0
2,0,0
31,4,0
4,0,0
4,0,0
7,4,0
2,0,0
14,0,0
5,0,0
5,0,0
48,46,3
3,0,0
3,0,0
5,0,0
2,0,0
3,0,0
2,0,0
7,0,0
14,0,0
18,6,0
7,2,0
3,0,0
3,0,0
55,56,0
15,0,0
81,8,0
2,0,0
2,0,0
5,0,0
23,2,0
10,2,0
9,2,0
2,0,0
10,0,0
6,0,0
57,52,0
18,0,0
7,0,0
4,0,0
14,0,0
6,0,0
26,4,0
4,0,0
3,0,0
16,14,0
22,0,0
8,0,0
6,0,0
33,0,0
9,2,0
5,0,0
4,0,0
4,0,0
3,0,0
4,0,0
20,12,0
2,0,0
4,0,0
10,0,0
3,0,0
6,0,0
17,6,0
3,2,0
23,4,0
7,0,0
11,0,0
12,4,0
77,26,0
11,0,0
7,0,0
7,4,0
12,2,0
48,24,3
4,0,0
11,0,0
7,0,0
10,0,0
13,2,0
4,0,0
4,2,0
19,2,0
7,0,0
2,0,0
10,0,0
7,6,0
2,0,0
2,0,0
3,0,0
10,0,0
4,0,0
30,14,0
11,0,0
13,0,0
2,0,0
17,2,0
28,14,0
37,0,0
6,0,0
4,0,0
3,0,0
2,0,0
4,0,0
2,0,0
7,0,0
50,2,0
8,0,0
2,0,0
8,0,0
21,0,0
35,22,0
2,0,0
3,0,0
5,0,0
7,0,0
5,0,0
2,0,0
5,0,0
4,0,0
2,0,0
25,2,0
2,0,0
6,0,0
5,0,0
2,0,0
15,0,0
18,2,0
9,0,0
29,0,0
12,0,0
21,0,0
8,0,0
3,0,0
8,0,0
5,0,0
17,0,0
6,0,0
5,0,0
40,2,0
7,0,0
5,0,0
23,4,0
8,0,0
2,0,0
6,0,0
3,0,0
4,0,0
7,0,0
3,0,0
2,0,0
22,20,0
2,0,0
10,0,0
15,4,0
5,0,0
38,10,0
3,0,0
2,0,0
11,2,0
27,0,0
3,0,0
7,0,0
6,0,0
2,0,0
21,0,0
10,0,0
5,0,0
7,0,0
25,6,0
6,0,0
46,12,0
15,2,0
3,0,0
3,0,0
2,0,0
8,0,0
5,0,0
18,0,0
25,2,0
2,0,0
9,0,0
2,0,0
6,0,0
24,0,0
2,0,0
4,0,0
3,0,0
2,0,0
3,0,0
2,0,0
30,10,0
3,0,0
2,0,0
5,0,0
13,0,0
3,0,0
2,0,0
30,20,0
2,0,0
2,0,0
11,0,0
10,2,0
29,2,0
6,0,0
11,2,0
10,0,0
2,0,0
8,0,0
15,0,0
9,0,0
8,0,0
21,0,0
11,0,0
6,2,0
2,0,0
2,0,0
26,0,0
4,0,0
24,0,0
5,0,0
17,0,0
3,0,0
36,2,0
27,0,0
3,0,0
6,0,0
3,0,0
16,0,0
4,0,0
47,0,0
2,0,0
128,18,0
11,4,0
8,0,0
15,0,0
15,6,0
11,0,0
16,22,3
2,0,0
69,46,3
15,2,0
8,0,0
46,18,0
9,0,0
6,0,0
31,4,0
2,0,0
3,0,0
2,0,0
5,0,0
4,0,0
13,0,0
16,4,0
5,0,0
2,0,0
13,2,0
3,0,0
7,0,0
3,0,0
4,0,0
6,0,0
9,2,0
8,0,0
6,0,0
16,0,0
67,32,0
26,4,0
2,0,0
8,4,0
3,0,0
3,0,0
4,0,0
3,0,0
6,0,0
2,0,0
2,0,0
2,0,0
4,0,0
40,12,0
7,0,0
3,0,0
41,0,0
2,0,0
24,16,3
41,0,0
2,0,0
4,0,0
8,0,0
20,0,0
2,0,0
26,0,0
12,0,0
4,0,0
10,2,0
5,0,0
2,0,0
9,0,0
4,0,0
4,0,0
2,0,0
2,0,0
2,0,0
2,0,0
3,0,0
3,0,0
8,0,0
2,0,0
2,0,0
3,0,0
3,0,0
5,0,0
3,0,0
5,0,0
3,0,0
3,0,0
2,0,0
5,0,0
10,0,0
8,0,0
5,0,0
5,0,0
4,0,0
2,0,0
32,4,0
5,0,0
6,0,0
4,0,0
3,0,0
42,2,0
3,0,0
2,0,0
5,0,0
4,0,0
3,0,0
3,0,0
41,6,0
8,0,0
5,0,0
10,0,0
2,0,0
2,0,0
8,0,0
8,0,0
3,0,0
20,0,0
2,0,0
2,0,0
8,0,0
2,0,0
2,0,0
4,0,0
18,0,0
2,0,0
17,0,0
16,0,0
2,0,0
2,0,0
6,0,0
2,0,0
18,2,0
3,0,0
2,0,0
2,0,0
20,0,0
17,0,0
4,0,0
13,20,0
72,2,0
10,0,0
13,0,0
8,0,0
2,0,0
10,0,0
15,2,0
13,0,0
14,0,0
4,0,0
19,2,0
4,0,0
18,2,0
7,4,0
3,0,0
2,0,0
4,0,0
4,0,0
32,2,0
7,2,0
8,0,0
3,0,0
23,2,0
10,0,0
2,0,0
8,0,0
2,0,0
17,6,0
2,0,0
19,0,0
16,18,0
2,0,0
3,0,0
3,0,0
3,0,0
16,2,0
9,0,0
12,0,0
4,0,0
3,0,0
8,0,0
18,0,0
6,4,0
4,0,0
2,0,0
2,0,0
7,0,0
6,0,0
6,0,0
3,0,0
2,0,0
5,0,0
8,0,0
8,0,0
2,0,0
7,0,0
45,8,0
2,0,0
8,2,0
5,0,0
5,0,0
5,0,0
3,0,0
5,2,0
4,0,0
16,4,0
5,0,0
20,12,0
2,0,0
6,0,0
2,0,0
9,0,0
15,2,0
8,2,0
14,8,0
75,52,6
11,0,0
34,6,0
8,0,0
8,0,0
2,0,0
5,0,0
9,0,0
3,0,0
2,0,0
4,0,0
10,0,0
3,0,0
10,0,0
3,0,0
2,0,0
17,4,0
53,26,0
8,0,0
3,0,0
13,0,0
4,0,0
2,0,0
12,0,0
7,0,0
5,0,0
6,0,0
35,2,0
4,0,0
4,0,0
4,0,0
3,0,0
8,0,0
3,0,0
5,0,0
90,20,0
2,0,0
18,4,0
5,0,0
12,2,0
19,0,0
7,0,0
2,0,0
13,0,0
7,2,0
9,0,0
41,12,0
7,2,0
14,0,0
4,0,0
4,0,0
79,72,6
5,0,0
3,0,0
21,0,0
11,0,0
3,0,0
2,0,0
2,0,0
6,0,0
3,2,0
2,0,0
9,0,0
12,0,0
4,0,0
5,0,0
5,0,0
7,0,0
9,0,0
32,0,0
26,2,0
27,0,0
6,0,0
3,0,0
5,0,0
3,0,0
2,0,0
2,0,0
3,0,0
14,0,0
18,4,0
14,4,0
8,0,0
3,0,0
18,0,0
11,6,0
13,6,0
2,0,0
12,2,0
4,0,0
5,0,0
8,0,0
6,0,0
57,10,0
2,0,0
31,6,0
6,0,0
6,2,0
14,0,0
7,0,0
143,56,3
6,0,0
7,2,0
9,0,0
5,0,0
3,0,0
7,2,0
3,0,0
4,0,0
2,0,0
8,0,0
7,0,0
5,0,0
3,0,0
6,0,0
16,12,0
10,0,0
7,0,0
5,4,0
3,0,0
4,0,0
8,0,0
3,2,0
6,0,0
3,0,0
6,0,0
2,0,0
5,0,0
7,0,0
28,2,0
13,8,0
4,0,0
83,96,0
3,0,0
2,0,0
14,6,0
50,20,0
10,0,0
11,0,0
2,0,0
3,0,0
31,10,0
3,0,0
8,0,0
2,0,0
7,0,0
10,2,0
7,0,0
18,0,0
4,0,0
6,0,0
5,0,0
7,2,0
7,0,0
9,0,0
2,0,0
3,0,0
19,0,0
2,0,0
9,0,0
38,16,0
4,0,0
2,0,0
9,0,0
3,0,0
2,0,0
6,0,0
4,0,0
21,0,0
40,8,0
6,0,0
46,6,0
8,2,0
6,0,0
6,0,0
4,0,0
8,0,0
6,0,0
2,0,0
4,0,0
13,0,0
3,0,0
2,0,0
9,0,0
5,0,0
8,0,0
2,0,0
4,0,0
12,0,0
14,0,0
2,0,0
3,0,0
5,0,0
22,0,0
26,2,0
2,0,0
3,0,0
2,0,0
2,0,0
7,0,0
3,0,0
3,0,0
10,4,0
13,2,0
10,0,0
2,0,0
3,0,0
9,0,0
3,0,0
2,0,0
38,0,0
2,0,0
4,0,0
4,0,0
3,0,0
3,0,0
6,0,0
7,0,0
7,0,0
2,0,0
3,2,0
2,0,0
10,2,0
6,0,0
4,0,0
3,0,0
35,0,0
7,0,0
8,0,0
10,0,0
5,0,0
2,0,0
2,0,0
5,2,0
4,0,0
9,0,0
4,0,0
3,0,0
10,0,0
3,0,0
2,0,0
6,0,0
3,0,0
2,0,0
30,4,0
2,0,0
6,0,0
2,0,0
57,28,0
9,0,0
2,0,0
5,0,0
8,0,0
7,0,0
9,0,0
3,0,0
18,2,0
14,0,0
3,0,0
3,0,0
2,0,0
3,0,0
5,0,0
2,0,0
12,4,0
2,0,0
11,0,0
8,0,0
3,0,0
5,0,0
2,0,0
4,0,0
24,0,0
16,4,0
7,0,0
5,0,0
5,0,0
3,2,0
16,0,0
14,8,0
31,0,0
20,2,0
4,0,0
58,2,0
11,0,0
26,0,0
14,0,0
5,0,0
36,16,0
3,0,0
14,2,0
2,0,0
3,0,0
31,0,0
2,0,0
8,0,0
9,2,0
40,6,0
11,0,0
2,0,0
6,0,0
6,2,0
5,0,0
5,2,0
2,0,0
13,4,0
4,0,0
7,2,0
15,0,0
3,0,0
10,0,0
11,0,0
2,0,0
2,0,0
6,0,0
5,0,0
3,0,0
40,0,0
5,0,0
2,0,0
9,2,0
9,0,0
3,0,0
5,0,0
7,0,0
46,6,0
4,0,0
11,0,0
18,4,0
2,0,0
3,0,0
3,0,0
3,0,0
14,0,0
2,0,0
2,0,0
21,4,0
2,0,0
3,0,0
13,0,0
4,2,0
2,0,0
11,2,0
2,0,0
4,0,0
6,0,0
27,2,0
6,0,0
3,0,0
7,0,0
6,0,0
6,0,0
33,2,0
8,0,0
5,0,0
11,0,0
16,2,0
4,0,0
8,0,0
24,6,0
2,0,0
2,0,0
14,0,0
15,2,0
5,0,0
3,0,0
4,0,0
8,0,0
15,0,0
13,0,0
14,0,0
3,0,0
9,0,0
2,0,0
6,0,0
32,0,0
5,0,0
2,0,0
2,0,0
11,0,0
9,0,0
7,0,0
7,0,0
5,0,0
5,2,0
15,0,0
41,30,0
8,0,0
26,0,0
5,0,0
2,0,0
4,0,0
8,0,0
19,0,0
7,6,0
10,0,0
16,0,0
19,0,0
4,0,0
29,4,0
4,2,0
8,0,0
7,0,0
12,0,0
4,0,0
5,0,0
11,0,0
4,0,0
10,0,0
18,2,0
15,6,0
2,0,0
8,0,0
3,0,0
19,0,0
40,8,0
3,0,0
2,0,0
11,0,0
7,0,0
4,0,0
16,6,0
7,0,0
4,2,0
2,0,0
6,0,0
4,0,0
18,0,0
10,0,0
3,0,0
6,0,0
7,0,0
6,0,0
4,0,0
3,0,0
229,122,0
61,2,0
3,0,0
13,0,0
2,0,0
64,0,0
7,4,0
9,0,0
6,0,0
5,0,0
6,0,0
2,2,0
7,0,0
2,0,0
14,8,0
6,0,0
2,0,0
3,0,0
9,0,0
4,0,0
5,2,0
3,0,0
16,0,0
3,0,0
3,0,0
3,0,0
14,0,0
22,8,0
4,0,0
4,0,0
12,2,0
5,0,0
3,0,0
2,0,0
2,0,0
5,0,0
5,0,0
2,0,0
3,0,0
4,0,0
5,0,0
2,0,0
3,0,0
2,0,0
3,0,0
3,0,0
10,0,0
7,0,0
6,0,0
4,0,0
41,4,0
9,0,0
11,0,0
2,0,0
3,0,0
39,2,0
6,0,0
3,0,0
5,0,0
2,0,0
2,0,0
2,0,0
2,0,0
8,0,0
24,2,0
60,10,0
3,0,0
2,0,0
109,22,0
3,0,0
8,2,0
7,4,0
3,0,0
4,0,0
10,0,0
47,4,0
5,0,0
17,8,0
5,0,0
2,0,0
3,0,0
5,0,0
2,0,0
3,0,0
2,0,0
11,4,0
24,0,0
7,0,0
35,2,0
4,2,0
7,0,0
22,0,0
7,0,0
46,10,3
3,0,0
17,0,0
18,0,0
15,2,0
20,0,0
6,0,0
3,0,0
5,0,0
11,0,0
6,0,0
25,8,0
13,2,0
2,0,0
4,0,0
2,0,0
5,0,0
8,0,0
42,0,0
3,0,0
2,0,0
9,0,0
2,0,0
4,2,0
8,0,0
15,0,0
4,0,0
2,0,0
4,0,0
19,0,0
4,0,0
4,2,0
4,0,0
2,0,0
19,32,0
2,0,0
6,0,0
8,0,0
3,0,0
3,0,0
4,0,0
9,2,0
34,2,0
9,0,0
20,6,0
3,0,0
2,0,0
7,2,0
2,0,0
4,0,0
8,0,0
52,60,3
2,0,0
12,0,0
5,4,0
2,0,0
21,0,0
3,0,0
3,0,0
2,0,0
4,0,0
7,2,0
8,0,0
2,0,0
4,0,0
2,0,0
3,0,0
3,0,0
20,0,0
3,0,0
3,0,0
5,0,0
26,0,0
3,0,0
2,0,0
2,0,0
34,4,0
6,0,0
6,0,0
16,4,0
3,0,0
19,0,0
2,0,0
25,4,0
14,0,0
2,0,0
11,0,0
2,0,0
2,0,0
8,0,0
7,0,0
3,0,0
2,0,0
7,0,0
2,0,0
6,0,0
22,18,0
13,8,3
5,0,0
15,0,0
4,4,0
2,0,0
15,2,0
10,0,0
5,0,0
3,0,0
4,0,0
23,0,0
4,0,0
63,0,0
17,0,0
14,0,0
3,0,0
12,0,0
3,0,0
2,0,0
2,0,0
22,0,0
9,0,0
11,0,0
5,0,0
6,0,0
4,0,0
10,0,0
3,0,0
4,0,0
2,0,0
2,0,0
3,0,0
2,0,0
4,0,0
3,0,0
8,0,0
2,0,0
4,0,0
19,18,0
5,0,0
2,0,0
90,104,9
8,2,0
15,8,0
4,0,0
5,0,0
12,0,0
5,0,0
5,0,0
25,4,0
5,0,0
10,0,0
3,0,0
4,0,0
6,0,0
3,0,0
2,0,0
6,0,0
11,0,0
5,0,0
6,2,0
29,0,0
7,0,0
3,0,0
2,0,0
2,0,0
22,2,0
2,0,0
19,0,0
25,0,0
2,0,0
34,26,0
8,2,0
3,0,0
6,2,0
4,0,0
2,0,0
2,0,0
2,0,0
13,0,0
2,0,0
2,0,0
5,2,0
3,0,0
4,0,0
35,32,0
6,0,0
8,0,0
2,0,0
2,0,0
3,0,0
2,0,0
3,0,0
2,0,0
10,2,0
5,0,0
11,0,0
2,0,0
2,0,0
3,2,0
9,0,0
12,2,0
9,0,0
3,0,0
7,0,0
2,0,0
50,2,0
21,0,0
24,4,0
2,0,0
6,0,0
9,2,0
24,8,0
36,16,0
6,0,0
3,0,0
7,0,0
2,0,0
2,0,0
2,0,0
10,0,0
2,0,0
3,0,0
4,0,0
3,0,0
2,0,0
11,2,0
2,0,0
5,0,0
117,88,6
4,0,0
4,0,0
8,2,0
8,0,0
4,0,0
4,0,0
2,0,0
3,0,0
8,0,0
118,20,0
6,0,0
23,0,0
8,0,0
17,2,0
8,0,0
12,0,0
3,0,0
38,0,0
4,0,0
3,0,0
13,0,0
2,0,0
9,2,0
17,0,0
45,2,0
2,0,0
43,18,0
2,2,0
36,2,0
16,2,0
5,0,0
30,4,0
18,0,0
12,2,0
62,22,0
59,36,0
13,0,0
15,0,0
3,0,0
4,0,0
8,0,0
5,0,0
5,0,0
2,0,0
5,0,0
7,0,0
7,0,0
3,0,0
6,0,0
16,0,0
150,72,6
8,0,0
69,10,0
5,4,0
9,0,0
146,30,0
5,0,0
3,0,0
7,0,0
6,0,0
3,0,0
2,0,0
2,0,0
2,0,0
2,0,0
2,0,0
9,2,0
20,4,0
19,2,0
2,0,0
48,2,0
10,2,0
19,0,0
6,0,0
26,6,0
3,0,0
3,0,0
4,0,0
3,0,0
2,0,0
10,0,0
19,0,0
31,4,0
118,38,0
3,0,0
24,2,0
15,0,0
2,0,0
42,24,0
7,0,0
6,0,0
2,0,0
3,0,0
9,0,0
7,0,0
57,4,0
7,0,0
13,10,3
21,4,0
9,0,0
4,0,0
3,0,0
2,0,0
21,0,0
2,0,0
28,0,0
2,0,0
10,0,0
6,0,0
2,0,0
3,0,0
7,0,0
19,0,0
18,0,0
9,0,0
3,0,0
8,0,0
2,0,0
3,0,0
2,0,0
7,0,0
4,0,0
14,0,0
6,0,0
6,0,0
2,0,0
14,0,0
2,0,0
2,0,0
4,0,0
10,6,0
18,0,0
17,0,0
10,0,0
5,0,0
5,0,0
4,0,0
4,2,0
10,0,0
2,0,0
6,0,0
4,0,0
12,4,0
2,0,0
19,12,0
29,0,0
7,0,0
4,0,0
11,0,0
5,0,0
6,0,0
3,0,0
14,6,0
7,0,0
2,0,0
3,0,0
36,16,0
7,0,0
6,0,0
15,0,0
3,0,0
28,4,0
3,0,0
8,2,0
3,0,0
13,0,0
2,0,0
11,0,0
25,0,0
52,2,0
6,0,0
6,0,0
55,8,0
8,0,0
6,2,0
20,2,0
2,0,0
6,2,0
4,0,0
23,0,0
9,0,0
4,2,0
79,4,0
3,0,0
26,0,0
17,0,0
12,0,0
3,0,0
2,0,0
3,0,0
8,0,0
6,0,0
4,0,0
31,10,0
3,0,0
23,14,0
12,2,0
14,0,0
5,0,0
5,0,0
3,0,0
4,0,0
2,0,0
16,0,0
2,0,0
3,0,0
28,6,0
5,0,0
2,0,0
10,0,0
14,2,0
5,0,0
4,0,0
8,0,0
37,6,0
5,0,0
12,0,0
17,2,0
4,0,0
19,2,0
9,0,0
9,0,0
9,2,0
8,0,0
3,0,0
2,0,0
13,0,0
5,0,0
5,0,0
3,0,0
17,0,0
2,0,0
3,0,0
2,0,0
10,0,0
4,0,0
15,0,0
11,0,0
32,0,0
8,0,0
6,0,0
3,0,0
2,0,0
45,0,0
9,4,0
11,0,0
9,4,0
3,0,0
10,0,0
68,8,0
9,0,0
29,0,0
6,0,0
25,2,0
14,10,0
12,0,0
3,0,0
3,0,0
3,0,0
5,0,0
5,2,0
5,0,0
2,0,0
2,0,0
28,0,0
5,0,0
43,6,0
5,0,0
4,0,0
9,0,0
5,0,0
3,2,0
2,0,0
14,0,0
14,0,0
14,0,0
2,0,0
6,0,0
3,0,0
2,0,0
6,0,0
3,0,0
5,0,0
4,0,0
2,0,0
3,0,0
3,0,0
7,0,0
3,0,0
3,0,0
5,0,0
8,2,0
3,0,0
2,0,0
3,0,0
2,0,0
15,0,0
4,0,0
5,0,0
3,0,0
4,0,0
2,0,0
30,0,0
6,0,0
3,0,0
2,0,0
151,88,6
13,0,0
2,0,0
5,0,0
20,0,0
7,2,0
4,0,0
5,0,0
6,0,0
16,4,0
3,0,0
2,0,0
5,0,0
11,0,0
27,2,0
10,0,0
4,0,0
3,0,0
2,0,0
15,0,0
6,2,0
5,2,0
16,0,0
9,0,0
24,0,0
5,0,0
2,0,0
4,0,0
2,0,0
11,6,0
45,6,0
24,2,0
5,0,0
14,0,0
3,0,0
2,0,0
2,0,0
8,0,0
8,4,0
6,2,0
7,0,0
4,0,0
2,0,0
3,0,0
6,0,0
18,0,0
2,0,0
27,0,0
9,0,0
4,0,0
2,0,0
2,0,0
2,0,0
7,0,0
2,0,0
3,0,0
9,0,0
6,0,0
2,0,0
3,0,0
17,0,0
2,0,0
2,0,0
5,0,0
14,0,0
3,0,0
6,0,0
5,0,0
6,0,0
3,0,0
2,0,0
4,0,0
2,0,0
2,0,0
4,0,0
14,0,0
4,0,0
23,10,0
7,2,0
4,0,0
4,0,0
10,0,0
5,4,0
3,0,0
4,0,0
4,0,0
4,0,0
9,0,0
41,4,0
5,0,0
60,68,6
4,0,0
16,4,0
2,0,0
3,0,0
4,0,0
17,0,0
3,0,0
2,0,0
14,0,0
2,0,0
2,0,0
24,2,0
2,0,0
2,0,0
3,0,0
3,0,0
30,0,0
12,0,0
3,0,0
8,0,0
3,0,0
7,0,0
22,2,0
2,0,0
11,2,0
13,0,0
21,0,0
6,0,0
5,0,0
3,0,0
8,0,0
11,0,0
4,0,0
4,0,0
7,0,0
41,6,0
3,0,0
31,6,0
28,0,0
5,0,0
2,0,0
3,0,0
2,0,0
7,0,0
3,0,0
11,8,0
2,0,0
8,0,0
2,0,0
10,0,0
8,0,0
4,0,0
5,0,0
51,6,0
3,0,0
7,0,0
8,0,0
15,4,0
4,0,0
2,0,0
6,2,0
4,0,0
2,0,0
2,0,0
19,0,0
37,8,0
23,0,0
18,2,0
4,0,0
6,0,0
8,0,0
17,0,0
4,0,0
7,0,0
9,0,0
10,0,0
8,2,0
19,44,0
5,0,0
8,0,0
21,2,0
2,0,0
7,0,0
12,0,0
37,24,3
2,0,0
2,0,0
11,4,0
5,0,0
2,0,0
9,0,0
18,0,0
8,0,0
8,2,0
9,4,0
10,2,0
8,0,0
4,0,0
27,26,3
9,0,0
2,0,0
7,0,0
4,0,0
52,0,0
2,0,0
4,0,0
5,0,0
14,2,0
4,0,0
30,14,6
4,0,0
4,0,0
3,0,0
10,2,0
23,2,0
5,0,0
37,6,0
5,0,0
14,2,0
5,0,0
14,0,0
4,0,0
3,0,0
2,0,0
16,2,0
6,0,0
30,30,0
16,4,0
7,0,0
4,0,0
10,8,0
13,2,0
3,0,0
4,0,0
5,0,0
6,0,0
11,0,0
24,8,0
2,0,0
2,0,0
6,0,0
5,0,0
10,0,0
4,0,0
3,0,0
19,0,0
5,0,0
19,0,0
2,0,0
15,6,0
9,2,0
30,4,0
3,0,0
39,2,0
6,0,0
5,0,0
7,0,0
4,0,0
14,0,0
5,2,0
3,0,0
90,28,0
5,0,0
14,0,0
3,0,0
5,0,0
14,0,0
19,0,0
39,8,0
22,2,0
2,0,0
6,0,0
2,0,0
6,0,0
2,2,0
16,0,0
9,0,0
12,4,0
5,0,0
11,0,0
8,0,0
4,0,0
14,2,0
11,0,0
2,0,0
3,0,0
10,0,0
2,0,0
3,0,0
17,6,0
10,0,0
14,2,0
5,0,0
19,0,0
16,2,0
10,2,0
12,2,0
2,0,0
2,0,0
2,0,0
10,0,0
35,0,0
2,0,0
85,146,21
4,0,0
8,0,0
2,0,0
3,0,0
4,0,0
2,0,0
3,0,0
9,0,0
2,0,0
37,8,0
2,0,0
15,2,0
8,0,0
4,0,0
2,0,0
3,0,0
9,2,0
5,0,0
9,0,0
9,0,0
8,0,0
2,0,0
18,2,0
3,0,0
40,54,15
10,0,0
5,0,0
2,0,0
4,0,0
8,0,0
15,0,0
2,0,0
28,4,0
76,10,0
2,0,0
7,0,0
6,0,0
15,0,0
4,0,0
14,0,0
11,0,0
2,0,0
15,0,0
4,0,0
7,0,0
6,0,0
2,0,0
8,0,0
6,0,0
9,0,0
5,0,0
6,0,0
19,0,0
12,0,0
18,4,0
6,0,0
3,0,0
3,0,0
2,0,0
5,0,0
3,0,0
113,10,0
12,0,0
10,0,0
16,0,0
8,2,0
3,0,0
2,0,0
6,0,0
26,10,0
8,0,0
9,0,0
3,0,0
4,0,0
2,0,0
12,0,0
3,0,0
12,0,0
2,0,0
7,4,0
3,0,0
3,0,0
5,0,0
8,2,0
10,0,0
16,2,0
3,0,0
2,0,0
5,0,0
2,0,0
4,0,0
27,16,0
3,2,0
10,0,0
3,0,0
4,0,0
2,0,0
13,0,0
4,0,0
4,0,0
28,0,0
2,0,0
17,0,0
9,0,0
2,0,0
5,0,0
5,2,0
3,2,0
7,0,0
12,0,0
3,0,0
9,2,0
12,2,0
3,0,0
8,2,0
9,0,0
19,0,0
5,0,0
3,0,0
4,0,0
4,0,0
6,0,0
22,6,0
3,0,0
10,2,0
2,0,0
4,0,0
4,0,0
5,0,0
2,0,0
7,0,0
50,106,0
2,0,0
6,0,0
4,0,0
32,36,0
9,0,0
7,0,0
5,0,0
33,6,0
3,0,0
14,0,0
9,0,0
3,0,0
17,4,0
3,0,0
2,0,0
6,0,0
11,0,0
21,2,0
3,0,0
2,0,0
4,0,0
2,0,0
3,0,0
11,6,0
3,0,0
6,0,0
2,0,0
18,4,0
13,0,0
2,0,0
30,4,0
3,0,0
10,2,0
2,0,0
2,0,0
34,0,0
11,0,0
4,0,0
11,0,0
4,0,0
6,0,0
4,0,0
6,0,0
8,0,0
3,0,0
2,0,0
4,2,0
6,0,0
8,0,0
10,0,0
8,0,0
6,0,0
14,0,0
10,0,0
7,0,0
11,0,0
64,8,0
6,0,0
35,2,0
2,0,0
4,0,0
19,0,0
8,0,0
2,0,0
7,0,0
19,10,0
3,0,0
6,0,0
2,0,0
3,0,0
12,0,0
3,0,0
5,0,0
6,0,0
13,6,0
3,0,0
3,0,0
3,0,0
2,0,0
6,0,0
8,0,0
2,0,0
4,0,0
3,0,0
9,0,0
3,0,0
21,14,0
23,4,0
2,0,0
4,0,0
3,0,0
11,0,0
2,0,0
24,4,0
3,0,0
36,0,0
4,0,0
3,0,0
11,0,0
2,0,0
6,0,0
3,0,0
3,0,0
9,0,0
13,0,0
2,0,0
3,0,0
5,0,0
3,0,0
5,0,0
34,18,3
2,0,0
4,0,0
3,0,0
2,0,0
7,0,0
5,0,0
5,0,0
13,6,0
3,0,0
10,0,0
5,0,0
3,0,0
5,0,0
2,0,0
2,0,0
11,0,0
3,0,0
3,0,0
2,0,0
4,0,0
16,2,0
12,0,0
5,0,0
2,0,0
2,0,0
2,0,0
6,0,0
6,0,0
6,0,0
24,8,0
3,0,0
4,0,0
3,2,0
18,6,0
3,0,0
9,0,0
3,0,0
8,0,0
2,0,0
4,0,0
4,0,0
7,0,0
11,0,0
43,16,0
16,0,0
12,0,0
2,0,0
8,0,0
11,4,0
4,0,0
3,0,0
4,0,0
18,2,0
5,0,0
2,0,0
8,0,0
47,2,0
3,0,0
10,0,0
41,32,0
5,0,0
7,0,0
7,0,0
2,0,0
3,0,0
4,0,0
4,0,0
14,2,0
7,2,0
6,0,0
2,0,0
5,2,0
2,0,0
3,0,0
2,0,0
6,0,0
4,0,0
3,0,0
4,0,0
11,0,0
4,0,0
3,0,0
2,0,0
8,2,0
5,0,0
15,2,0
12,0,0
8,0,0
2,0,0
2,0,0
5,0,0
5,0,0
4,0,0
4,0,0
14,4,0
8,0,0
2,0,0
6,0,0
6,0,0
8,0,0
2,0,0
7,0,0
10,2,0
3,0,0
2,0,0
2,0,0
2,0,0
3,0,0
2,0,0
4,0,0
2,0,0
34,26,0
19,6,0
11,6,0
18,8,0
7,0,0
6,0,0
2,0,0
12,0,0
5,0,0
9,0,0
7,0,0
2,0,0
2,0,0
7,0,0
7,4,0
7,0,0
8,0,0
13,2,0
2,0,0
17,2,0
3,0,0
4,0,0
51,0,0
2,0,0
2,0,0
2,0,0
2,0,0
11,0,0
3,0,0
24,0,0
30,10,0
16,0,0
6,0,0
3,0,0
11,0,0
2,0,0
13,0,0
9,2,0
2,0,0
7,0,0
2,0,0
7,0,0
3,0,0
48,2,0
18,0,0
2,0,0
32,0,0
4,0,0
29,2,0
3,0,0
4,0,0
7,0,0
3,0,0
4,0,0
3,0,0
6,0,0
7,0,0
10,0,0
2,0,0
9,4,0
2,0,0
7,0,0
7,0,0
7,0,0
5,0,0
6,0,0
3,0,0
3,0,0
14,0,0
2,0,0
6,0,0
3,0,0
6,2,0
2,0,0
4,0,0
13,4,0
8,2,0
19,4,0
4,0,0
48,34,0
7,0,0
7,4,0
6,0,0
2,0,0
16,0,0
4,0,0
3,0,0
2,0,0
2,0,0
6,4,0
4,0,0
17,0,0
3,0,0
4,0,0
3,0,0
2,0,0
3,0,0
15,2,0
8,0,0
3,0,0
4,0,0
4,0,0
8,0,0
20,2,0
2,0,0
8,0,0
6,0,0
2,0,0
6,0,0
11,0,0
4,0,0
3,0,0
5,0,0
6,0,0
7,0,0
5,0,0
12,0,0
8,2,0
2,0,0
6,0,0
50,4,0
2,0,0
8,2,0
2,0,0
2,0,0
7,0,0
3,0,0
36,2,0
28,2,0
2,0,0
9,2,0
3,0,0
2,0,0
2,0,0
3,0,0
7,0,0
2,0,0
6,0,0
8,2,0
11,8,0
6,0,0
2,0,0
6,0,0
5,0,0
3,0,0
36,16,0
5,2,0
64,40,0
6,0,0
4,0,0
2,0,0
2,0,0
11,2,0
9,0,0
3,0,0
8,0,0
4,0,0
20,0,0
19,2,0
58,6,0
6,0,0
2,0,0
2,0,0
5,0,0
16,0,0
2,0,0
28,0,0
8,0,0
5,0,0
2,0,0
3,0,0
2,0,0
6,0,0
73,18,3
22,4,0
2,0,0
2,0,0
2,0,0
2,0,0
2,0,0
2,0,0
5,0,0
2,0,0
9,0,0
6,0,0
9,0,0
32,6,0
9,0,0
6,0,0
20,4,0
13,0,0
25,8,0
2,0,0
2,0,0
20,4,0
3,0,0
2,0,0
2,0,0
4,0,0
9,2,0
2,0,0
2,0,0
8,4,0
12,8,0
9,0,0
3,0,0
11,0,0
8,0,0
3,0,0
13,0,0
8,2,0
11,0,0
6,0,0
2,0,0
3,0,0
6,0,0
2,0,0
6,2,0
12,0,0
2,0,0
2,0,0
3,0,0
5,0,0
2,0,0
21,0,0
3,0,0
5,0,0
19,0,0
41,2,0
4,0,0
2,0,0
3,0,0
14,0,0
5,0,0
6,0,0
6,0,0
2,2,0
15,0,0
8,2,0
11,0,0
2,0,0
4,2,0
3,0,0
3,0,0
20,4,0
2,0,0
21,0,0
9,2,0
2,0,0
9,0,0
3,0,0
8,0,0
38,4,0
2,0,0
15,0,0
5,0,0
2,0,0
14,0,0
4,0,0
3,0,0
2,0,0
5,0,0
3,0,0
2,0,0
5,0,0
10,0,0
8,0,0
25,16,3
3,0,0
12,0,0
2,0,0
4,0,0
2,0,0
4,0,0
2,0,0
2,0,0
9,0,0
3,0,0
3,0,0
6,0,0
2,0,0
5,0,0
2,0,0
33,2,0
22,0,0
6,0,0
26,0,0
4,0,0
7,0,0
7,0,0
9,0,0
2,0,0
8,0,0
33,0,0
3,0,0
13,0,0
31,12,0
6,0,0
2,0,0
27,4,0
3,0,0
12,0,0
5,0,0
5,0,0
2,0,0
8,0,0
2,0,0
4,2,0
7,0,0
2,0,0
4,0,0
10,2,0
2,0,0
16,0,0
2,0,0
4,0,0
11,0,0
16,0,0
26,4,0
14,0,0
6,0,0
2,0,0
2,0,0
7,0,0
7,2,0
8,0,0
17,2,0
9,0,0
19,2,0
7,0,0
15,2,0
12,2,0
2,0,0
5,0,0
2,0,0
3,0,0
29,0,0
5,0,0
3,0,0
4,0,0
3,0,0
24,6,0
9,2,0
5,0,0
2,0,0
30,16,0
3,0,0
9,0,0
4,0,0
26,0,0
2,0,0
2,0,0
3,0,0
8,2,0
64,30,0
5,0,0
34,4,0
3,0,0
11,0,0
13,0,0
7,0,0
15,0,0
22,0,0
5,0,0
5,4,0
11,0,0
3,0,0
3,0,0
3,0,0
8,4,0
11,0,0
142,104,0
2,0,0
4,0,0
4,0,0
7,0,0
5,0,0
4,0,0
21,0,0
19,0,0
6,0,0
9,0,0
3,0,0
3,0,0
20,2,0
3,0,0
5,0,0
3,0,0
6,0,0
3,0,0
4,0,0
18,8,0
5,0,0
3,2,0
7,0,0
4,0,0
3,0,0
12,0,0
9,2,0
3,0,0
4,0,0
7,0,0
3,0,0
3,0,0
6,0,0
2,0,0
13,0,0
2,0,0
4,0,0
22,14,0
20,2,0
3,0,0
3,0,0
4,2,0
42,0,0
8,0,0
12,0,0
6,0,0
2,0,0
6,0,0
2,0,0
2,0,0
12,2,0
2,0,0
2,0,0
5,0,0
15,0,0
14,0,0
2,0,0
21,0,0
3,0,0
3,0,0
2,0,0
2,0,0
6,0,0
18,6,0
2,0,0
4,0,0
19,20,6
2,0,0
5,2,0
6,0,0
3,0,0
15,0,0
3,0,0
17,4,0
12,12,0
4,0,0
5,0,0
7,0,0
24,0,0
2,0,0
3,0,0
10,0,0
7,0,0
8,0,0
2,0,0
2,2,0
15,12,6
3,0,0
60,46,0
2,0,0
2,0,0
7,0,0
2,0,0
2,0,0
4,0,0
30,2,0
15,4,0
6,0,0
6,0,0
8,0,0
4,0,0
2,0,0
4,0,0
5,0,0
2,0,0
9,0,0
3,0,0
8,2,0
2,0,0
4,0,0
14,4,0
6,0,0
3,0,0
3,0,0
16,0,0
3,0,0
2,0,0
8,0,0
4,0,0
8,0,0
5,0,0
13,4,0
11,2,0
35,0,0
32,10,0
3,0,0
2,0,0
15,0,0
4,0,0
7,0,0
2,0,0
3,0,0
5,0,0
5,0,0
16,0,0
2,0,0
4,0,0
3,0,0
4,0,0
4,0,0
13,14,0
2,0,0
5,0,0
18,14,0
16,0,0
13,4,0
3,0,0
3,0,0
5,0,0
2,0,0
3,0,0
6,0,0
91,22,0
7,0,0
87,8,0
7,0,0
8,0,0
7,0,0
4,0,0
42,4,0
7,0,0
4,2,0
12,0,0
8,2,0
5,0,0
16,0,0
59,10,0
2,0,0
3,0,0
2,0,0
2,0,0
4,0,0
23,6,0
3,0,0
8,0,0
5,0,0
5,0,0
3,0,0
2,0,0
6,0,0
3,0,0
2,0,0
4,0,0
2,0,0
2,0,0
10,0,0
2,0,0
36,6,0
17,0,0
3,0,0
3,0,0
16,0,0
2,0,0
5,0,0
17,4,0
7,0,0
17,0,0
22,4,0
3,0,0
7,0,0
2,0,0
11,0,0
10,0,0
2,0,0
2,0,0
2,0,0
4,0,0
28,2,0
2,0,0
15,0,0
5,0,0
6,0,0
4,0,0
18,6,0
3,0,0
6,2,0
3,0,0
9,0,0
3,0,0
10,0,0
3,0,0
4,2,0
60,4,0
2,0,0
5,0,0
8,0,0
2,0,0
3,0,0
34,2,0
6,0,0
11,0,0
4,0,0
2,0,0
48,60,0
5,0,0
33,16,0
3,0,0
7,0,0
37,0,0
3,0,0
6,0,0
14,0,0
9,2,0
19,0,0
15,0,0
2,0,0
5,0,0
3,0,0
10,0,0
28,12,0
7,0,0
8,0,0
7,0,0
3,0,0
4,2,0
17,2,0
2,0,0
38,6,0
18,0,0
12,0,0
4,0,0
9,2,0
6,0,0
2,0,0
3,0,0
4,0,0
3,0,0
3,0,0
7,0,0
2,0,0
15,0,0
20,0,0
2,0,0
8,2,0
2,0,0
2,0,0
50,12,0
3,2,0
3,0,0
7,0,0
7,0,0
17,0,0
4,0,0
2,0,0
4,0,0
4,0,0
13,2,0
3,0,0
2,0,0
3,0,0
3,0,0
2,0,0
5,0,0
23,2,0
7,0,0
7,0,0
12,0,0
3,0,0
6,0,0
2,0,0
17,2,0
35,0,0
2,0,0
9,0,0
3,0,0
5,0,0
2,0,0
2,0,0
3,0,0
3,0,0
19,4,0
7,2,0
4,0,0
6,0,0
3,0,0
8,0,0
4,0,0
3,0,0
4,0,0
5,0,0
2,0,0
7,0,0
2,0,0
13,0,0
25,0,0
2,0,0
11,10,0
2,0,0
7,0,0
6,0,0
4,0,0
8,0,0
4,0,0
5,2,0
4,0,0
5,0,0
7,0,0
2,0,0
17,0,0
5,0,0
7,0,0
2,0,0
16,0,0
19,0,0
8,0,0
32,0,0
22,0,0
208,52,0
17,0,0
3,0,0
4,0,0
5,0,0
7,0,0
9,0,0
6,0,0
11,2,0
2,0,0
3,4,0
2,0,0
10,0,0
5,0,0
11,4,0
5,0,0
2,0,0
4,0,0
26,14,0
8,0,0
5,0,0
8,0,0
3,0,0
4,0,0
7,0,0
20,2,0
23,0,0
13,0,0
13,0,0
2,0,0
8,4,0
6,0,0
4,0,0
7,0,0
9,2,0
2,0,0
8,0,0
7,0,0
15,0,0
2,0,0
7,0,0
8,0,0
3,0,0
2,0,0
5,0,0
4,0,0
2,0,0
3,0,0
6,0,0
2,0,0
3,0,0
15,10,0
3,0,0
6,0,0
2,0,0
3,0,0
11,6,0
2,0,0
23,0,0
4,0,0
3,0,0
7,0,0
9,0,0
28,2,0
7,0,0
8,0,0
17,2,0
5,0,0
8,4,0
4,0,0
4,0,0
2,0,0
9,0,0
22,6,0
5,0,0
70,30,6
4,0,0
7,0,0
6,0,0
2,0,0
6,0,0
3,0,0
5,0,0
6,0,0
2,0,0
22,10,0
8,0,0
19,0,0
4,0,0
8,0,0
3,0,0
5,0,0
2,0,0
3,0,0
13,0,0
2,0,0
9,0,0
7,0,0
3,0,0
84,8,0
5,0,0
4,0,0
26,8,0
5,0,0
11,0,0
3,0,0
6,0,0
2,0,0
3,0,0
3,0,0
5,0,0
3,0,0
7,0,0
4,0,0
30,4,0
20,4,0
4,0,0
32,0,0
20,0,0
5,0,0
2,0,0
6,2,0
25,0,0
2,0,0
3,0,0
3,0,0
6,0,0
2,0,0
6,4,0
3,0,0
9,0,0
5,0,0
22,22,0
12,0,0
6,0,0
4,2,0
8,0,0
2,0,0
3,0,0
7,0,0
10,0,0
27,0,0
72,50,0
3,0,0
7,0,0
3,0,0
14,0,0
2,0,0
2,0,0
7,0,0
2,0,0
2,0,0
10,0,0
6,0,0
2,0,0
3,0,0
17,2,0
7,0,0
4,0,0
4,0,0
4,0,0
13,0,0
8,0,0
5,0,0
9,0,0
2,0,0
14,0,0
2,0,0
2,0,0
6,0,0
5,0,0
51,0,0
2,0,0
24,10,0
20,0,0
5,0,0
2,0,0
15,0,0
37,0,0
35,0,0
15,0,0
11,6,0
2,0,0
35,4,0
5,0,0
6,0,0
8,0,0
7,0,0
2,0,0
8,0,0
5,0,0
3,0,0
14,0,0
2,0,0
10,0,0
9,0,0
2,0,0
2,0,0
2,0,0
3,0,0
9,0,0
7,0,0
2,0,0
8,0,0
7,0,0
4,0,0
12,0,0
30,0,0
3,0,0
7,0,0
4,0,0
2,0,0
9,0,0
4,0,0
2,0,0
7,0,0
5,0,0
6,0,0
5,0,0
8,0,0
21,0,0
2,0,0
3,0,0
5,0,0
2,0,0
4,0,0
20,0,0
6,0,0
6,0,0
2,0,0
8,0,0
6,0,0
5,0,0
3,0,0
3,0,0
5,0,0
7,0,0
8,0,0
8,4,0
3,0,0
8,0,0
3,0,0
26,2,0
4,0,0
17,0,0
4,0,0
3,0,0
3,0,0
2,0,0
9,0,0
4,0,0
19,0,0
3,0,0
4,0,0
2,0,0
4,0,0
13,12,3
2,0,0
2,0,0
7,0,0
12,0,0
16,0,0
7,0,0
2,0,0
3,0,0
46,14,0
2,0,0
7,0,0
10,0,0
4,0,0
3,0,0
2,0,0
3,0,0
2,0,0
3,0,0
5,0,0
17,6,0
18,0,0
2,0,0
36,12,0
9,0,0
2,0,0
3,0,0
9,0,0
2,0,0
6,0,0
2,0,0
4,0,0
4,0,0
2,0,0
3,0,0
20,0,0
33,18,0
7,0,0
6,0,0
4,0,0
5,0,0
17,0,0
4,0,0
6,0,0
9,0,0
4,0,0
9,2,0
10,0,0
30,6,0
2,0,0
22,12,0
4,0,0
27,10,0
6,0,0
5,0,0
5,0,0
8,0,0
3,0,0
11,2,0
2,0,0
6,0,0
4,0,0
2,0,0
4,0,0
5,0,0
27,8,0
7,0,0
10,0,0
5,0,0
7,0,0
3,0,0
24,0,0
3,0,0
22,0,0
2,0,0
7,0,0
4,0,0
2,0,0
22,10,0
2,0,0
14,6,0
8,2,0
9,0,0
4,0,0
2,0,0
2,0,0
6,0,0
15,4,0
11,0,0
5,0,0
2,0,0
2,0,0
4,0,0
3,0,0
3,0,0
4,0,0
48,2,0
16,0,0
5,0,0
12,0,0
7,0,0
18,0,0
36,4,0
18,0,0
2,0,0
19,4,0
2,0,0
4,0,0
3,0,0
4,0,0
6,0,0
4,0,0
22,0,0
5,0,0
2,0,0
12,0,0
9,0,0
8,0,0
9,0,0
5,0,0
2,0,0
3,0,0
4,0,0
12,0,0
4,0,0
2,0,0
2,0,0
20,4,0
8,0,0
2,0,0
4,0,0
75,12,0
4,0,0
2,0,0
25,0,0
5,0,0
2,0,0
6,2,0
4,0,0
10,0,0
36,0,0
8,0,0
2,0,0
2,0,0
17,0,0
2,0,0
18,0,0
5,0,0
32,28,0
2,0,0
7,0,0
97,22,0
4,0,0
6,0,0
44,6,0
6,0,0
9,0,0
4,0,0
4,0,0
3,0,0
3,0,0
5,0,0
5,0,0
8,0,0
2,0,0
7,0,0
2,0,0
2,0,0
7,0,0
5,0,0
2,0,0
7,0,0
11,0,0
6,0,0
6,0,0
7,0,0
5,2,0
26,0,0
2,0,0
9,0,0
4,0,0
7,0,0
19,8,0
11,0,0
8,0,0
3,0,0
4,0,0
5,0,0
2,0,0
5,0,0
3,0,0
5,0,0
21,0,0
5,0,0
2,0,0
3,0,0
5,0,0
12,0,0
68,8,0
18,2,0
2,0,0
11,0,0
3,0,0
11,0,0
2,0,0
7,0,0
18,0,0
4,0,0
4,0,0
2,0,0
20,0,0
6,0,0
2,0,0
11,0,0
4,0,0
2,0,0
10,0,0
3,0,0
2,0,0
3,0,0
4,0,0
22,4,0
2,0,0
2,0,0
4,0,0
2,0,0
7,0,0
6,0,0
2,0,0
3,0,0
2,0,0
16,0,0
3,0,0
5,0,0
9,0,0
2,0,0
3,0,0
4,0,0
4,0,0
2,0,0
2,0,0
9,0,0
2,0,0
9,0,0
2,0,0
3,0,0
17,0,0
9,0,0
2,0,0
21,0,0
8,0,0
6,0,0
14,0,0
18,4,0
2,0,0
6,0,0
2,0,0
2,0,0
3,0,0
13,0,0
8,0,0
5,0,0
2,0,0
18,0,0
2,0,0
4,0,0
4,0,0
4,0,0
6,2,0
4,0,0
4,0,0
5,0,0
20,2,0
2,0,0
9,0,0
22,4,0
21,4,0
14,0,0
4,0,0
2,0,0
11,0,0
2,0,0
18,6,0
16,0,0
17,0,0
26,0,0
3,0,0
3,0,0
6,0,0
10,0,0
4,0,0
2,0,0
2,0,0
4,0,0
2,0,0
2,0,0
3,0,0
11,0,0
4,0,0
4,0,0
2,0,0
2,0,0
4,0,0
6,0,0
6,0,0
5,0,0
17,0,0
6,0,0
6,0,0
4,0,0
3,0,0
2,0,0
8,0,0
6,0,0
10,10,0
27,10,0
2,0,0
3,0,0
2,0,0
15,0,0
2,0,0
37,0,0
5,0,0
3,0,0
5,0,0
4,0,0
2,0,0
3,0,0
4,0,0
6,0,0
3,0,0
2,0,0
3,0,0
3,0,0
11,0,0
3,0,0
11,0,0
4,0,0
11,0,0
14,0,0
2,0,0
2,0,0
2,0,0
9,0,0
14,0,0
4,0,0
7,0,0
5,0,0
12,0,0
32,18,0
5,0,0
10,0,0
7,0,0
9,0,0
6,0,0
5,0,0
13,0,0
15,0,0
4,0,0
2,0,0
8,0,0
4,0,0
5,0,0
3,0,0
3,0,0
3,0,0
14,0,0
4,0,0
4,0,0
8,0,0
2,0,0
2,0,0
4,0,0
6,0,0
2,0,0
2,0,0
5,0,0
4,0,0
20,2,0
15,0,0
5,0,0
7,0,0
25,0,0
3,0,0
2,0,0
2,0,0
7,0,0
2,0,0
16,0,0
6,0,0
4,0,0
4,0,0
2,0,0
3,0,0
23,0,0
2,0,0
3,0,0
6,0,0
23,4,0
4,0,0
6,0,0
4,0,0
6,0,0
9,0,0
3,0,0
10,0,0
40,0,0
4,0,0
59,18,0
2,0,0
7,0,0
7,0,0
5,0,0
2,0,0
4,0,0
28,12,0
17,0,0
21,0,0
48,0,0
3,0,0
2,0,0
3,0,0
14,6,0
2,0,0
5,0,0
10,0,0
7,0,0
2,0,0
8,0,0
4,0,0
2,0,0
10,0,0
11,0,0
6,0,0
2,0,0
4,0,0
2,0,0
10,0,0
8,0,0
6,0,0
4,0,0
6,0,0
19,0,0
15,2,0
15,0,0
13,0,0
2,0,0
6,0,0
6,0,0
7,0,0
2,0,0
38,16,0
3,0,0
20,0,0
3,0,0
3,0,0
2,0,0
2,0,0
6,0,0
20,4,0
7,0,0
4,0,0
2,0,0
2,0,0
4,0,0
5,2,0
3,0,0
11,0,0
10,0,0
3,0,0
8,0,0
2,0,0
10,0,0
12,4,0
11,0,0
4,0,0
4,0,0
2,0,0
2,0,0
4,0,0
32,2,0
14,2,0
4,0,0
25,8,0
9,0,0
10,0,0
3,0,0
3,0,0
3,0,0
3,0,0
9,0,0
2,0,0
4,0,0
5,0,0
9,0,0
6,0,0
33,8,0
5,0,0
3,2,0
2,0,0
2,0,0
7,0,0
28,4,0
12,10,0
3,0,0
10,2,0
7,0,0
3,0,0
2,0,0
15,0,0
3,0,0
2,0,0
2,0,0
4,0,0
5,0,0
15,0,0
4,0,0
2,0,0
4,0,0
2,0,0
5,0,0
2,0,0
5,0,0
2,0,0
4,0,0
4,0,0
2,0,0
2,0,0
3,0,0
3,0,0
4,0,0
8,0,0
12,0,0
4,0,0
4,0,0
8,0,0
21,0,0
4,0,0
21,0,0
6,0,0
5,0,0
24,0,0
2,0,0
5,0,0
9,2,0
5,0,0
17,0,0
10,0,0
8,0,0
9,0,0
4,0,0
2,0,0
2,0,0
9,0,0
11,2,0
3,0,0
13,0,0
3,0,0
3,0,0
2,0,0
2,0,0
4,0,0
19,0,0
12,0,0
4,0,0
12,0,0
2,0,0
5,0,0
7,2,0
3,0,0
5,0,0
2,0,0
7,0,0
2,0,0
3,0,0
3,0,0
4,0,0
2,0,0
3,0,0
9,0,0
19,6,0
2,0,0
2,0,0
3,0,0
2,0,0
5,0,0
7,0,0
3,0,0
4,0,0
12,4,0
4,0,0
3,0,0
3,0,0
5,0,0
10,2,0
12,0,0
17,0,0
3,0,0
2,0,0
3,0,0
3,0,0
2,0,0
5,0,0
7,0,0
2,0,0
6,0,0
2,0,0
18,2,0
3,0,0
2,0,0
2,0,0
3,0,0
9,0,0
2,0,0
2,0,0
16,0,0
9,4,0
11,0,0
7,0,0
2,0,0
9,2,0
2,0,0
12,2,0
5,0,0
3,0,0
2,0,0
4,0,0
20,0,0
4,0,0
2,0,0
6,0,0
2,0,0
4,0,0
11,0,0
3,0,0
18,2,0
3,0,0
10,0,0
3,0,0
2,0,0
23,0,0
4,0,0
4,0,0
3,0,0
5,0,0
2,0,0
7,0,0
7,0,0
2,0,0
3,0,0
11,0,0
6,0,0
7,6,0
3,0,0
5,0,0
4,0,0
11,0,0
7,0,0
3,0,0
12,0,0
3,0,0
3,0,0
3,0,0
2,0,0
18,2,0
7,0,0
3,0,0
16,0,0
5,0,0
2,0,0
2,0,0
2,0,0
6,0,0
16,2,0
6,0,0
5,0,0
4,0,0
4,0,0
20,0,0
2,0,0
8,4,0
3,0,0
3,0,0
5,0,0
3,0,0
12,0,0
7,0,0
4,0,0
7,0,0
3,0,0
8,0,0
32,0,0
4,0,0
2,0,0
8,2,0
58,2,0
6,0,0
19,2,0
3,0,0
5,0,0
2,0,0
6,0,0
12,0,0
10,0,0
18,4,0
2,0,0
6,0,0
6,0,0
7,0,0
2,0,0
3,0,0
7,0,0
3,0,0
2,0,0
2,0,0
3,0,0
4,0,0
32,0,0
4,0,0
9,0,0
4,0,0
5,0,0
2,0,0
6,0,0
2,0,0
14,0,0
2,0,0
27,12,0
21,2,0
19,2,0
9,0,0
2,0,0
10,2,0
15,0,0
2,0,0
3,0,0
2,0,0
4,2,0
4,0,0
3,0,0
32,12,0
4,0,0
17,0,0
2,0,0
21,0,0
9,0,0
11,0,0
4,0,0
3,0,0
4,0,0
8,0,0
12,2,0
34,8,0
9,0,0
4,0,0
2,0,0
2,0,0
6,0,0
2,0,0
3,0,0
11,2,0
12,0,0
4,0,0
2,0,0
5,0,0
16,0,0
11,0,0
5,0,0
5,0,0
21,2,0
4,0,0
5,0,0
3,0,0
2,0,0
19,18,0
5,0,0
11,0,0
6,0,0
4,0,0
5,0,0
11,2,0
2,0,0
2,0,0
2,0,0
2,0,0
15,2,0
4,0,0
14,0,0
3,0,0
5,0,0
2,0,0
15,0,0
3,0,0
11,2,0
6,0,0
3,0,0
2,0,0
5,0,0
3,0,0
30,0,0
5,0,0
3,0,0
5,0,0
4,0,0
9,0,0
6,0,0
6,0,0
6,0,0
3,0,0
2,2,0
5,0,0
4,0,0
3,0,0
5,0,0
6,0,0
9,2,0
2,0,0
26,0,0
2,0,0
7,0,0
5,0,0
13,0,0
3,0,0
20,0,0
3,0,0
2,0,0
20,0,0
49,2,0
5,0,0
3,0,0
6,0,0
8,0,0
5,0,0
6,0,0
10,0,0
4,0,0
2,0,0
2,0,0
2,0,0
3,0,0
4,0,0
15,4,0
7,0,0
3,0,0
3,0,0
14,0,0
14,4,0
2,0,0
12,4,0
9,0,0
2,0,0
5,0,0
11,0,0
2,0,0
3,0,0
2,0,0
3,0,0
10,0,0
5,0,0
6,0,0
5,0,0
5,0,0
2,0,0
14,4,0
2,0,0
2,0,0
2,0,0
6,0,0
2,0,0
3,0,0
13,4,0
4,0,0
4,0,0
26,0,0
4,0,0
9,0,0
2,0,0
5,0,0
2,0,0
6,2,0
2,0,0
19,0,0
4,0,0
7,0,0
2,0,0
2,0,0
7,2,0
10,0,0
2,0,0
2,0,0
2,0,0
3,0,0
7,0,0
3,0,0
2,0,0
4,0,0
3,0,0
8,2,0
7,0,0
4,0,0
4,2,0
3,0,0
3,0,0
4,0,0
7,0,0
3,0,0
7,0,0
5,0,0
13,0,0
17,0,0
8,0,0
3,0,0
3,0,0
2,0,0
2,0,0
3,0,0
2,0,0
2,0,0
3,0,0
2,0,0
29,2,0
11,0,0
10,0,0
22,2,0
13,0,0
14,0,0
3,2,0
6,0,0
2,0,0
4,2,0
6,0,0
3,0,0
5,0,0
16,0,0
4,0,0
3,0,0
4,0,0
2,0,0
6,0,0
15,6,0
6,0,0
2,0,0
5,0,0
2,0,0
3,0,0
3,0,0
2,0,0
8,4,0
5,0,0
10,2,0
7,0,0
4,0,0
8,0,0
7,0,0
3,0,0
6,0,0
4,0,0
2,0,0
31,2,0
6,0,0
39,4,0
3,0,0
4,0,0
9,0,0
3,0,0
6,0,0
2,0,0
15,6,0
4,2,0
4,0,0
9,0,0
6,0,0
3,0,0
2,0,0
2,0,0
9,0,0
2,0,0
3,0,0
4,2,0
3,0,0
7,0,0
8,0,0
17,0,0
2,0,0
19,0,0
2,0,0
12,0,0
2,0,0
11,0,0
2,0,0
7,2,0
5,0,0
2,0,0
12,6,0
6,0,0
3,0,0
7,0,0
4,0,0
2,0,0
6,0,0
9,2,0
24,0,0
5,0,0
11,0,0
7,0,0
11,0,0
9,0,0
13,2,0
2,0,0
4,2,0
2,0,0
4,0,0
5,0,0
3,0,0
12,0,0
7,0,0
11,0,0
5,0,0
4,2,0
3,0,0
2,0,0
16,2,0
4,0,0
3,0,0
2,0,0
3,0,0
34,4,0
3,0,0
2,0,0
3,0,0
3,0,0
3,0,0
5,0,0
2,0,0
10,8,3
3,0,0
9,0,0
13,0,0
6,0,0
2,0,0
4,0,0
3,0,0
3,0,0
2,0,0
13,0,0
2,0,0
6,0,0
2,0,0
3,0,0
3,0,0
5,0,0
3,0,0
16,2,0
3,0,0
5,0,0
5,0,0
2,0,0
3,0,0
2,0,0
2,0,0
5,0,0
26,10,0
5,0,0
21,0,0
10,0,0
5,0,0
39,6,0
6,0,0
10,0,0
3,0,0
3,0,0
3,0,0
5,0,0
4,0,0
3,0,0
12,0,0
29,16,0
2,0,0
2,0,0
4,0,0
17,16,3
2,0,0
3,0,0
3,0,0
2,0,0
2,0,0
3,0,0
2,0,0
30,0,0
5,0,0
6,0,0
2,0,0
4,0,0
2,0,0
9,0,0
2,0,0
4,0,0
17,0,0
7,0,0
20,0,0
19,10,0
3,0,0
4,0,0
3,0,0
3,0,0
3,0,0
2,0,0
3,0,0
2,0,0
9,2,0
8,0,0
4,0,0
11,0,0
40,2,0
5,0,0
15,0,0
2,0,0
5,0,0
7,0,0
2,0,0
10,0,0
2,0,0
3,0,0
2,0,0
5,0,0
3,0,0
4,0,0
4,0,0
4,0,0
5,0,0
2,0,0
2,0,0
6,0,0
11,0,0
2,0,0
9,0,0
3,0,0
3,0,0
3,0,0
5,0,0
2,0,0
2,0,0
5,0,0
3,0,0
5,0,0
3,0,0
3,0,0
3,0,0
2,0,0
2,0,0
2,0,0
5,0,0
5,0,0
3,0,0
10,0,0
19,2,0
3,2,0
2,0,0
8,0,0
3,0,0
5,0,0
7,0,0
4,0,0
7,0,0
19,0,0
8,2,0
9,0,0
2,0,0
3,0,0
29,0,0
20,2,0
2,0,0
2,0,0
3,0,0
7,0,0
5,0,0
9,0,0
5,2,0
2,0,0
3,0,0
7,6,0
4,0,0
5,0,0
4,0,0
2,0,0
28,0,0
3,0,0
3,0,0
4,0,0
2,0,0
2,0,0
4,0,0
3,0,0
8,2,0
3,0,0
3,0,0
25,0,0
21,0,0
4,0,0
2,0,0
8,0,0
6,0,0
2,0,0
5,0,0
10,2,0
12,0,0
3,2,0
2,0,0
3,0,0
6,0,0
8,0,0
18,2,0
14,6,0
28,0,0
2,0,0
2,0,0
2,0,0
8,0,0
3,0,0
11,0,0
4,0,0
3,0,0
6,0,0
4,0,0
4,0,0
9,0,0
7,0,0
8,0,0
2,0,0
2,0,0
2,0,0
4,0,0
4,0,0
3,0,0
16,6,0
2,0,0
8,0,0
10,0,0
3,0,0
9,0,0
3,0,0
45,20,3
4,2,0
20,0,0
14,0,0
2,0,0
3,0,0
5,0,0
3,0,0
4,0,0
2,0,0
9,0,0
19,0,0
5,0,0
4,0,0
7,0,0
2,0,0
5,0,0
3,0,0
13,0,0
13,4,0
3,0,0
13,2,0
2,0,0
3,0,0
2,0,0
5,0,0
4,0,0
3,0,0
5,0,0
19,0,0
2,0,0
3,0,0
3,0,0
2,0,0
3,0,0
11,0,0
2,0,0
3,0,0
2,0,0
3,0,0
3,0,0
6,0,0
2,0,0
2,0,0
5,0,0
3,0,0
10,0,0
5,0,0
3,0,0
2,0,0
2,0,0
2,0,0
4,0,0
2,0,0
2,0,0
4,0,0
2,0,0
7,0,0
5,0,0
2,0,0
3,0,0
3,0,0
11,0,0
2,0,0
5,0,0
4,0,0
13,2,0
3,0,0
10,2,0
3,2,0
3,0,0
2,0,0
13,0,0
6,0,0
9,0,0
2,0,0
10,0,0
5,0,0
5,0,0
2,0,0
2,0,0
4,0,0
2,0,0
6,0,0
2,0,0
2,0,0
4,0,0
6,0,0
8,2,0
9,0,0
12,0,0
2,0,0
2,0,0
3,0,0
7,0,0
3,0,0
2,0,0
13,2,0
9,0,0
14,0,0
5,0,0
3,0,0
2,0,0
18,8,0
3,0,0
4,0,0
7,2,0
5,0,0
10,0,0
10,0,0
14,0,0
2,0,0
4,0,0
4,0,0
4,0,0
2,0,0
2,0,0
2,0,0
4,0,0
5,0,0
4,0,0
3,0,0
4,0,0
6,0,0
4,0,0
4,0,0
4,0,0
12,0,0
7,0,0
6,0,0
8,0,0
10,2,0
4,0,0
2,0,0
11,0,0
3,0,0
8,0,0
27,0,0
10,0,0
4,0,0
5,0,0
31,2,0
2,0,0
10,0,0
3,0,0
4,0,0
4,0,0
10,0,0
4,0,0
8,0,0
2,0,0
7,2,0
2,0,0
12,0,0
10,0,0
7,0,0
3,0,0
3,0,0
14,0,0
7,2,0
5,0,0
3,0,0
5,0,0
3,0,0
2,0,0
14,0,0
15,2,0
3,0,0
2,0,0
9,0,0
2,0,0
2,0,0
7,0,0
12,2,0
5,0,0
2,0,0
7,0,0
8,0,0
9,0,0
5,0,0
3,0,0
34,0,0
3,0,0
5,0,0
9,0,0
7,2,0
5,0,0
2,2,0
4,0,0
2,0,0
13,0,0
2,2,0
8,0,0
2,0,0
3,0,0
9,0,0
2,0,0
3,0,0
2,0,0
14,0,0
12,0,0
2,0,0
20,4,0
10,0,0
5,0,0
3,0,0
19,2,0
4,0,0
12,0,0
2,0,0
13,0,0
4,0,0
2,0,0
13,0,0
3,0,0
3,0,0
4,0,0
3,0,0
2,0,0
16,0,0
6,0,0
3,0,0
2,0,0
2,0,0
3,0,0
8,0,0
2,0,0
9,0,0
6,0,0
27,4,0
8,0,0
35,18,0
3,2,0
8,2,0
4,0,0
5,0,0
5,0,0
3,0,0
11,0,0
7,0,0
4,0,0
4,0,0
2,0,0
3,0,0
14,0,0
2,2,0
22,8,3
5,0,0
2,0,0
3,0,0
3,2,0
2,0,0
5,0,0
8,0,0
7,0,0
15,4,0
2,0,0
5,0,0
2,0,0
4,0,0
3,0,0
5,0,0
2,0,0
3,0,0
2,0,0
4,0,0
2,0,0
2,0,0
3,2,0
2,0,0
4,0,0
2,0,0
2,0,0
4,0,0
6,0,0
2,0,0
2,0,0
4,0,0
2,0,0
3,0,0
3,0,0
10,0,0
11,0,0
2,0,0
4,0,0
3,0,0
8,2,0
2,0,0
2,0,0
3,0,0
11,0,0
6,0,0
62,0,0
3,0,0
2,0,0
14,0,0
4,0,0
4,0,0
2,0,0
4,0,0
2,0,0
2,0,0
7,0,0
3,0,0
10,0,0
11,0,0
4,2,0
3,0,0
18,2,0
7,0,0
9,0,0
2,0,0
5,0,0
3,0,0
2,0,0
4,0,0
2,0,0
4,2,0
3,0,0
2,0,0
2,0,0
19,0,0
2,0,0
4,0,0
2,0,0
4,0,0
2,0,0
3,0,0
12,0,0
4,0,0
12,0,0
2,0,0
13,0,0
5,0,0
2,0,0
16,0,0
2,0,0
2,0,0
2,0,0
3,0,0
2,0,0
17,0,0
2,0,0
3,0,0
5,0,0
2,0,0
6,0,0
10,0,0
3,0,0
12,0,0
2,0,0
3,0,0
4,0,0
2,0,0
3,0,0
4,0,0
2,0,0
2,0,0
14,4,0
2,0,0
3,0,0
9,0,0
6,0,0
8,0,0
8,0,0
5,0,0
3,0,0
4,0,0
4,0,0
12,4,0
4,0,0
8,0,0
11,0,0
22,6,0
11,0,0
7,0,0
4,0,0
2,0,0
3,0,0
4,0,0
2,0,0
5,0,0
3,2,0
5,0,0
7,0,0
2,0,0
5,0,0
4,0,0
2,0,0
2,0,0
3,0,0
2,0,0
6,0,0
3,0,0
3,0,0
2,0,0
2,0,0
4,0,0
6,0,0
2,0,0
3,0,0
2,0,0
2,0,0
8,0,0
4,0,0
3,0,0
3,0,0
3,0,0
3,0,0
5,0,0
23,6,0
8,2,0
9,0,0
5,0,0
2,0,0
11,0,0
8,0,0
2,0,0
3,0,0
2,0,0
6,0,0
7,0,0
2,0,0
8,0,0
4,0,0
2,0,0
2,0,0
4,0,0
5,2,0
2,0,0
3,0,0
9,0,0
2,0,0
2,0,0
3,0,0
7,0,0
2,0,0
2,0,0
3,0,0
5,0,0
2,0,0
5,0,0
2,0,0
4,0,0
3,0,0
6,0,0
6,0,0
3,0,0
2,0,0
3,0,0
3,0,0
11,0,0
7,2,0
2,0,0
17,0,0
13,0,0
4,0,0
12,4,0
42,16,0
7,0,0
3,0,0
5,0,0
4,0,0
13,0,0
3,0,0
12,4,0
3,0,0
2,0,0
2,0,0
2,0,0
6,2,0
2,0,0
2,0,0
3,0,0
5,0,0
2,0,0
4,0,0
5,0,0
2,0,0
2,0,0
5,0,0
4,0,0
2,0,0
2,0,0
3,0,0
6,0,0
6,0,0
3,0,0
2,0,0
7,0,0
38,2,0
5,0,0
3,0,0
3,0,0
2,0,0
6,0,0
4,0,0
21,2,0
3,0,0
12,0,0
8,0,0
3,0,0
2,0,0
4,0,0
5,0,0
3,0,0
20,2,0
7,4,0
8,0,0
14,0,0
11,0,0
2,0,0
4,0,0
3,0,0
3,0,0
2,0,0
2,0,0
4,0,0
3,0,0
4,0,0
2,0,0
5,0,0
11,0,0
2,0,0
3,0,0
3,0,0
3,0,0
2,0,0
10,0,0
3,0,0
2,0,0
3,0,0
3,0,0
6,0,0
3,0,0
10,0,0
3,0,0
5,0,0
2,0,0
5,0,0
4,0,0
3,0,0
5,0,0
3,0,0
5,0,0
4,0,0
3,0,0
3,0,0
3,0,0
12,0,0
9,0,0
2,0,0
4,0,0
3,0,0
2,0,0
2,0,0
5,0,0
3,0,0
3,0,0
10,0,0
5,0,0
2,0,0
2,0,0
15,0,0
3,0,0
3,0,0
6,0,0
2,0,0
4,0,0
2,0,0
11,0,0
5,0,0
8,0,0
3,0,0
2,0,0
11,0,0
3,0,0
2,0,0
6,0,0
2,0,0
21,6,0
5,0,0
6,0,0
6,0,0
6,0,0
3,0,0
3,0,0
2,0,0
4,0,0
3,0,0
2,0,0
4,0,0
3,0,0
9,0,0
2,0,0
3,0,0
14,2,0
2,0,0
5,0,0
2,0,0
2,0,0
8,0,0
4,0,0
2,0,0
5,0,0
2,0,0
2,0,0
3,0,0
5,0,0
3,0,0
5,0,0
3,0,0
8,0,0
2,0,0
2,0,0
3,0,0
5,0,0
5,0,0
4,0,0
4,0,0
2,0,0
2,0,0
19,0,0
3,0,0
3,0,0
2,0,0
3,0,0
3,0,0
8,0,0
5,0,0
4,0,0
9,0,0
3,0,0
4,0,0
3,0,0
8,0,0
4,0,0
2,0,0
2,0,0
10,0,0
16,4,0
2,0,0
2,0,0
9,4,0
2,0,0
2,0,0
2,0,0
2,0,0
2,0,0
4,0,0
2,0,0
2,0,0
6,2,0
3,0,0
2,0,0
6,0,0
5,0,0
2,0,0
2,0,0
2,0,0
4,0,0
9,0,0
6,0,0
2,0,0
14,0,0
1,0,0
5,0,0
1,0,0
2,2,0
22,0,0
7,4,0
6,0,0
3,0,0
6,0,0
2,0,0
2,0,0
20,0,0
1,0,0
1,0,0
1,0,0
10,0,0
2,0,0
4,0,0
1,0,0
6,0,0
1,0,0
13,0,0
2,0,0
1,0,0
3,0,0
13,6,0
1,0,0
10,2,0
1,0,0
1,0,0
1,0,0
1,0,0
3,0,0
2,0,0
3,0,0
1,0,0
1,0,0
1,0,0
1,0,0
4,0,0
3,0,0
2,0,0
1,0,0
1,0,0
1,0,0
1,0,0
1,0,0
3,0,0
2,0,0
3,0,0
5,0,0
5,0,0
2,0,0
1,0,0
1,0,0
1,0,0
4,0,0
1,0,0
1,0,0
1,0,0
1,0,0
1,0,0
2,0,0
1,0,0
5,0,0
4,0,0
6,0,0
13,0,0
5,0,0
1,0,0
1,0,0
2,0,0
1,0,0
1,0,0
1,0,0
1,0,0
3,0,0
10,0,0
2,0,0
8,0,0
1,0,0
1,0,0
27,4,0
2,0,0
9,6,0
1,0,0
1,0,0
1,0,0
1,0,0
1,0,0
10,2,0
1,0,0
12,2,0
2,0,0
1,0,0
1,0,0
27,0,0
4,0,0
1,0,0
5,0,0
1,0,0
2,0,0
3,0,0
4,0,0
3,0,0
1,0,0
1,0,0
1,0,0
1,0,0
1,0,0
1,0,0
1,0,0
4,0,0
1,0,0
4,0,0
4,0,0
1,0,0
1,0,0
2,0,0
3,0,0
25,4,0
2,0,0
2,0,0
13,2,0
6,0,0
1,0,0
1,0,0
3,0,0
1,0,0
7,0,0
1,0,0
1,0,0
1,0,0
17,0,0
2,0,0
1,0,0
5,0,0
6,0,0
8,0,0
2,0,0
2,0,0
2,0,0
1,0,0
3,0,0
3,0,0
31,0,0
7,0,0
1,0,0
1,0,0
1,0,0
3,0,0
3,0,0
2,0,0
2,2,0
1,0,0
1,0,0
6,0,0
5,2,0
1,0,0
1,0,0
12,0,0
26,10,0
2,0,0
2,0,0
1,0,0
1,0,0
2,0,0
3,0,0
9,0,0
15,0,0
2,0,0
1,0,0
1,0,0
7,0,0
1,0,0
2,0,0
4,0,0
2,0,0
1,0,0
1,0,0
1,0,0
3,0,0
1,0,0
4,0,0
1,0,0
2,0,0
4,0,0
5,0,0
2,0,0
6,0,0
1,0,0
2,0,0
5,0,0
9,0,0
1,0,0
3,0,0
7,0,0
2,0,0
1,0,0
2,0,0
1,0,0
1,0,0
2,0,0
4,2,0
2,0,0
2,0,0
2,0,0
3,0,0
1,0,0
1,0,0
6,0,0
6,0,0
1,0,0
6,0,0
2,0,0
1,0,0
2,0,0
4,2,0
1,0,0
1,0,0
4,0,0
1,0,0
1,0,0
2,0,0
8,0,0
1,0,0
6,0,0
2,0,0
3,0,0
42,56,3
4,0,0
4,0,0
1,0,0
2,0,0
1,0,0
1,0,0
3,0,0
2,0,0
1,0,0
1,0,0
1,0,0
3,0,0
1,0,0
1,0,0
1,0,0
1,0,0
4,0,0
1,0,0
6,2,0
7,0,0
4,0,0
1,0,0
1,0,0
1,0,0
10,2,0
1,0,0
2,0,0
1,0,0
7,0,0
1,0,0
2,0,0
2,0,0
2,0,0
2,0,0
9,0,0
2,0,0
1,0,0
1,0,0
2,0,0
6,0,0
3,0,0
4,0,0
11,0,0
1,0,0
30,0,0
2,0,0
1,0,0
1,0,0
2,0,0
1,0,0
5,0,0
1,0,0
12,0,0
5,0,0
4,0,0
1,0,0
1,0,0
2,0,0
1,0,0
10,2,0
1,0,0
1,0,0
1,0,0
8,0,0
4,0,0
1,0,0
4,0,0
1,0,0
5,0,0
3,0,0
3,0,0
3,0,0
1,0,0
1,0,0
5,0,0
4,0,0
7,0,0
5,0,0
3,0,0
7,0,0
1,0,0
1,0,0
1,0,0
3,0,0
2,0,0
1,0,0
2,0,0
2,0,0
3,0,0
1,0,0
1,0,0
3,0,0
1,0,0
6,0,0
11,0,0
1,0,0
7,0,0
2,0,0
17,4,0
1,0,0
1,0,0
1,0,0
2,0,0
3,0,0
2,0,0
1,0,0
1,0,0
2,0,0
5,0,0
1,0,0
5,0,0
3,0,0
7,0,0
1,0,0
1,0,0
1,0,0
9,0,0
3,0,0
1,0,0
4,0,0
11,0,0
1,0,0
2,0,0
10,0,0
5,0,0
2,0,0
1,0,0
14,6,0
2,0,0
1,0,0
2,0,0
1,0,0
11,0,0
1,0,0
1,0,0
1,0,0
9,0,0
3,0,0
1,0,0
1,0,0
1,0,0
5,0,0
1,0,0
4,0,0
1,0,0
2,0,0
2,0,0
1,0,0
2,0,0
1,0,0
2,0,0
2,0,0
2,0,0
24,0,0
1,0,0
2,0,0
2,0,0
5,0,0
3,0,0
1,0,0
1,0,0
2,0,0
1,0,0
1,0,0
1,0,0
12,2,0
10,0,0
1,0,0
5,2,0
1,0,0
6,0,0
3,0,0
3,0,0
1,0,0
9,2,0
2,0,0
13,4,0
4,0,0
2,0,0
5,0,0
5,0,0
1,0,0
6,2,0
7,0,0
2,0,0
3,0,0
1,0,0
1,0,0
1,0,0
1,0,0
11,0,0
4,0,0
1,0,0
4,0,0
2,0,0
5,0,0
1,0,0
2,0,0
45,26,3
2,0,0
20,0,0
13,0,0
9,0,0
8,0,0
1,0,0
5,0,0
5,0,0
4,0,0
1,0,0
1,0,0
1,0,0
1,0,0
1,0,0
2,0,0
1,0,0
4,0,0
3,0,0
23,4,0
1,0,0
1,0,0
1,0,0
4,0,0
1,0,0
2,0,0
6,0,0
4,0,0
2,0,0
1,0,0
1,0,0
1,0,0
1,0,0
2,0,0
1,0,0
1,0,0
1,0,0
2,0,0
1,0,0
4,0,0
2,0,0
1,0,0
1,0,0
5,0,0
1,0,0
1,0,0
1,0,0
1,0,0
3,2,0
3,0,0
1,0,0
6,0,0
3,0,0
13,2,0
1,0,0
1,0,0
1,0,0
2,0,0
3,0,0
4,0,0
1,0,0
2,0,0
3,0,0
8,2,0
5,0,0
5,0,0
1,0,0
1,0,0
1,0,0
1,0,0
1,0,0
1,0,0
8,0,0
1,0,0
1,0,0
3,0,0
1,0,0
5,0,0
8,0,0
7,0,0
2,0,0
2,0,0
8,0,0
1,0,0
1,0,0
1,0,0
3,0,0
1,0,0
6,0,0
1,0,0
1,0,0
6,0,0
1,0,0
10,0,0
1,0,0
1,0,0
1,0,0
1,0,0
3,0,0
1,0,0
5,0,0
1,0,0
2,0,0
3,0,0
1,0,0
1,0,0
2,0,0
12,0,0
1,0,0
5,0,0
2,0,0
1,0,0
1,0,0
1,0,0
1,0,0
4,0,0
4,0,0
3,0,0
6,0,0
2,0,0
4,0,0
3,0,0
1,0,0
1,0,0
1,0,0
2,0,0
22,0,0
5,0,0
14,0,0
7,0,0
1,0,0
10,0,0
1,0,0
1,0,0
1,0,0
1,0,0
4,0,0
2,0,0
1,0,0
1,0,0
1,0,0
5,0,0
1,0,0
1,0,0
1,0,0
1,0,0
3,0,0
8,2,0
1,0,0
5,0,0
1,0,0
4,0,0
1,0,0
1,0,0
2,0,0
1,0,0
1,0,0
6,0,0
4,0,0
3,0,0
1,0,0
9,0,0
1,0,0
5,0,0
3,0,0
29,6,0
2,0,0
4,0,0
2,0,0
1,0,0
5,2,0
1,0,0
1,0,0
1,0,0
1,0,0
1,0,0
1,0,0
3,0,0
1,0,0
2,0,0
8,0,0
1,0,0
4,0,0
1,0,0
1,0,0
1,0,0
1,0,0
1,0,0
1,0,0
3,0,0
1,0,0
5,0,0
6,0,0
2,0,0
4,0,0
1,0,0
1,0,0
2,0,0
13,0,0
3,0,0
1,0,0
6,0,0
15,0,0
14,2,0
10,0,0
1,0,0
6,0,0
1,0,0
2,0,0
1,0,0
18,0,0
2,0,0
4,0,0
10,2,0
1,0,0
1,0,0
1,0,0
1,0,0
1,0,0
5,0,0
3,0,0
7,0,0
1,0,0
1,0,0
1,0,0
4,0,0
1,0,0
2,0,0
1,0,0
1,0,0
4,0,0
1,0,0
50,10,0
1,0,0
1,0,0
13,8,0
4,0,0
1,0,0
1,0,0
12,8,0
3,0,0
4,0,0
2,0,0
6,0,0
2,0,0
2,0,0
15,0,0
8,0,0
5,0,0
9,0,0
1,0,0
1,0,0
1,0,0
1,0,0
1,0,0
2,0,0
1,0,0
1,0,0
2,0,0
1,0,0
1,0,0
1,0,0
2,0,0
3,0,0
2,0,0
1,0,0
2,0,0
1,0,0
3,0,0
4,0,0
1,0,0
4,0,0
1,0,0
2,0,0
1,0,0
1,0,0
1,0,0
5,0,0
1,0,0
1,0,0
5,0,0
2,0,0
1,0,0
3,0,0
1,0,0
2,0,0
9,0,0
1,0,0
2,0,0
1,0,0
1,0,0
2,0,0
2,0,0
3,0,0
1,0,0
1,0,0
2,0,0
1,0,0
1,0,0
4,0,0
3,0,0
1,0,0
3,0,0
9,0,0
2,0,0
2,0,0
1,0,0
1,0,0
1,0,0
1,0,0
12,0,0
1,0,0
1,0,0
2,0,0
1,0,0
1,0,0
1,0,0
2,0,0
2,0,0
1,0,0
1,0,0
2,0,0
2,0,0
1,0,0
2,0,0
1,0,0
11,2,0
23,0,0
2,0,0
1,0,0
1,0,0
3,0,0
2,0,0
3,0,0
1,0,0
1,0,0
1,0,0
1,0,0
1,0,0
1,0,0
4,0,0
1,0,0
1,0,0
1,0,0
1,0,0
2,0,0
4,0,0
1,0,0
3,0,0
4,0,0
1,0,0
1,0,0
7,2,0
1,0,0
1,0,0
2,0,0
4,0,0
3,0,0
2,0,0
12,0,0
13,8,0
1,0,0
28,10,0
2,0,0
1,0,0
1,0,0
1,0,0
2,0,0
1,0,0
2,0,0
2,0,0
2,0,0
1,0,0
2,0,0
1,0,0
1,0,0
1,0,0
2,0,0
1,0,0
1,0,0
13,2,0
1,0,0
8,0,0
3,0,0
2,0,0
1,0,0
2,0,0
2,0,0
1,0,0
3,0,0
1,0,0
8,0,0
2,0,0
3,0,0
1,0,0
2,0,0
4,0,0
3,0,0
1,0,0
1,0,0
6,0,0
2,0,0
2,0,0
1,0,0
5,0,0
1,0,0
22,2,0
1,0,0
1,0,0
3,0,0
1,0,0
8,2,0
2,0,0
3,0,0
4,0,0
2,0,0
1,0,0
6,0,0
1,0,0
8,0,0
1,0,0
1,0,0
2,0,0
1,0,0
3,0,0
3,0,0
1,0,0
2,0,0
1,0,0
4,2,0
1,0,0
3,0,0
4,0,0
1,0,0
4,0,0
5,0,0
1,0,0
2,2,0
1,0,0
6,0,0
3,0,0
3,0,0
1,0,0
1,0,0
1,0,0
1,0,0
1,0,0
1,0,0
3,0,0
1,0,0
2,0,0
1,0,0
1,0,0
37,12,0
2,0,0
1,0,0
3,0,0
2,0,0
1,0,0
1,0,0
1,0,0
5,0,0
1,0,0
1,0,0
6,0,0
1,0,0
15,0,0
1,0,0
1,0,0
1,0,0
1,0,0
1,0,0
1,0,0
1,0,0
1,0,0
3,0,0
2,0,0
21,0,0
1,0,0
1,0,0
8,0,0
3,0,0
1,0,0
1,0,0
1,0,0
1,0,0
1,0,0
2,0,0
4,0,0
1,0,0
1,0,0
2,0,0
1,0,0
2,0,0
4,0,0
4,0,0
1,0,0
1,0,0
1,0,0
1,0,0
15,6,0
6,0,0
4,0,0
1,0,0
3,0,0
7,0,0
1,0,0
4,0,0
3,0,0
1,0,0
2,0,0
1,0,0
1,0,0
5,0,0
1,0,0
2,0,0
4,0,0
2,0,0
2,0,0
1,0,0
2,0,0
4,0,0
1,0,0
1,0,0
11,0,0
1,0,0
1,0,0
1,0,0
9,0,0
3,0,0
10,0,0
1,0,0
4,0,0
1,0,0
1,0,0
2,0,0
1,0,0
5,4,0
4,0,0
2,0,0
2,0,0
2,0,0
1,0,0
1,0,0
2,0,0
5,0,0
2,0,0
2,0,0
1,0,0
3,0,0
2,0,0
1,0,0
1,0,0
2,0,0
24,0,0
3,0,0
4,0,0
1,0,0
11,0,0
7,0,0
1,0,0
1,0,0
4,0,0
2,0,0
2,0,0
17,2,0
1,0,0
2,0,0
6,0,0
7,0,0
2,0,0
13,0,0
1,0,0
1,0,0
2,0,0
17,6,0
1,0,0
5,0,0
5,0,0
1,0,0
2,0,0
2,0,0
1,0,0
2,0,0
1,0,0
11,0,0
17,0,0
4,0,0
2,0,0
1,0,0
3,0,0
3,0,0
11,0,0
2,0,0
1,0,0
1,0,0
2,0,0
2,0,0
4,0,0
12,0,0
1,0,0
1,0,0
3,0,0
1,0,0
2,2,0
3,0,0
2,0,0
2,0,0
3,0,0
1,0,0
1,0,0
1,0,0
5,0,0
2,0,0
1,0,0
1,0,0
2,0,0
1,0,0
1,0,0
1,0,0
1,0,0
1,0,0
1,0,0
1,0,0
3,0,0
4,0,0
4,2,0
1,0,0
2,0,0
1,0,0
1,0,0
4,0,0
2,0,0
2,0,0
1,0,0
1,0,0
5,0,0
1,0,0
1,0,0
4,2,0
1,0,0
2,0,0
1,0,0
1,0,0
1,0,0
12,0,0
4,0,0
3,0,0
1,0,0
2,0,0
4,0,0
1,0,0
1,0,0
1,0,0
7,0,0
4,0,0
5,0,0
1,0,0
2,0,0
3,0,0
8,0,0
1,0,0
4,0,0
1,0,0
1,0,0
25,0,0
2,0,0
2,0,0
6,2,0
2,0,0
1,0,0
28,0,0
2,0,0
1,0,0
2,0,0
5,2,0
3,0,0
1,0,0
6,0,0
1,0,0
1,0,0
5,0,0
2,0,0
1,0,0
20,0,0
4,0,0
1,0,0
5,0,0
1,0,0
1,0,0
1,0,0
1,0,0
25,0,0
17,0,0
2,0,0
1,0,0
1,0,0
4,0,0
10,0,0
3,0,0
4,0,0
2,0,0
2,0,0
1,0,0
8,0,0
1,0,0
5,0,0
1,0,0
1,0,0
1,0,0
1,0,0
1,0,0
3,0,0
1,0,0
1,0,0
1,0,0
2,0,0
1,0,0
3,0,0
1,0,0
8,0,0
2,0,0
1,0,0
1,0,0
2,0,0
1,0,0
1,0,0
2,0,0
2,0,0
1,0,0
1,0,0
1,0,0
1,0,0
3,0,0
1,0,0
3,0,0
2,0,0
3,0,0
2,0,0
2,0,0
1,0,0
1,0,0
1,0,0
10,0,0
2,0,0
1,0,0
4,0,0
2,0,0
1,0,0
2,0,0
1,0,0
2,0,0
3,0,0
1,0,0
1,0,0
3,0,0
3,0,0
1,0,0
3,0,0
14,0,0
3,0,0
5,0,0
1,0,0
1,0,0
3,0,0
7,4,0
3,0,0
1,0,0
1,0,0
8,0,0
1,0,0
1,0,0
11,0,0
2,0,0
2,0,0
7,0,0
1,0,0
1,0,0
1,0,0
2,0,0
1,0,0
4,0,0
5,0,0
1,0,0
4,2,0
1,0,0
1,0,0
1,0,0
1,0,0
6,0,0
2,0,0
4,0,0
2,0,0
3,0,0
1,0,0
9,0,0
1,0,0
2,0,0
1,0,0
2,0,0
1,0,0
1,0,0
2,0,0
5,4,0
1,0,0
1,0,0
1,0,0
1,0,0
1,0,0
6,0,0
4,0,0
1,0,0
1,0,0
1,0,0
6,0,0
1,0,0
2,0,0
6,0,0
1,0,0
4,0,0
9,0,0
1,0,0
11,0,0
1,0,0
1,0,0
1,0,0
6,0,0
1,0,0
9,0,0
2,0,0
1,0,0
1,0,0
3,0,0
1,0,0
1,0,0
3,0,0
7,0,0
1,0,0
1,0,0
2,0,0
3,0,0
1,0,0
1,0,0
5,0,0
1,0,0
2,0,0
1,0,0
1,0,0
1,0,0
2,0,0
1,0,0
2,0,0
1,0,0
1,0,0
1,0,0
1,0,0
2,0,0
4,0,0
4,0,0
2,0,0
2,0,0
6,0,0
1,0,0
1,0,0
1,0,0
3,0,0
6,0,0
2,0,0
2,0,0
4,2,0
1,0,0
1,0,0
1,0,0
2,0,0
1,0,0
1,0,0
1,0,0
1,0,0
1,0,0
4,0,0
8,0,0
1,0,0
1,0,0
1,0,0
1,0,0
2,0,0
1,0,0
2,0,0
3,0,0
2,0,0
13,0,0
4,0,0
1,0,0
1,0,0
2,0,0
1,0,0
1,0,0
1,0,0
1,0,0
1,0,0
1,0,0
1,0,0
1,0,0
1,0,0
11,2,0
7,0,0
1,0,0
7,0,0
1,0,0
1,0,0
1,0,0
1,0,0
2,0,0
1,0,0
1,0,0
2,0,0
1,0,0
9,0,0
1,0,0
2,0,0
1,0,0
1,0,0
1,0,0
1,0,0
1,0,0
1,0,0
2,0,0
1,0,0
1,0,0
3,0,0
1,0,0
2,0,0
1,0,0
1,0,0
9,0,0
2,0,0
1,0,0
1,0,0
2,0,0
8,0,0
1,0,0
4,0,0
13,0,0
6,0,0
3,0,0
7,0,0
3,0,0
1,0,0
7,0,0
1,0,0
1,0,0
1,0,0
1,0,0
9,0,0
1,0,0
1,0,0
1,0,0
23,0,0
1,0,0
1,0,0
1,0,0
1,0,0
2,0,0
1,0,0
3,0,0
20,12,0
3,0,0
6,0,0
2,0,0
1,0,0
1,0,0
1,0,0
1,0,0
3,0,0
4,0,0
2,0,0
5,0,0
7,2,0
4,0,0
1,0,0
1,0,0
1,0,0
1,0,0
1,0,0
3,0,0
1,0,0
1,0,0
1,0,0
6,0,0
3,0,0
1,0,0
1,0,0
2,0,0
58,60,15
1,0,0
5,0,0
3,0,0
1,0,0
11,2,0
1,0,0
10,2,0
2,0,0
1,0,0
1,0,0
2,0,0
10,0,0
2,0,0
1,0,0
2,0,0
1,0,0
8,0,0
9,0,0
2,0,0
7,0,0
2,0,0
5,0,0
9,0,0
2,0,0
2,0,0
1,0,0
12,0,0
3,0,0
2,0,0
1,0,0
3,0,0
1,0,0
5,0,0
1,0,0
1,0,0
3,0,0
2,0,0
14,8,0
1,0,0
1,0,0
3,0,0
1,0,0
2,0,0
2,0,0
2,0,0
2,0,0
3,0,0
3,0,0
1,0,0
6,0,0
2,0,0
2,0,0
1,0,0
3,0,0
1,0,0
1,0,0
3,0,0
2,0,0
4,0,0
6,0,0
5,0,0
1,0,0
2,0,0
1,0,0
1,0,0
3,0,0
5,0,0
2,0,0
5,0,0
1,0,0
1,0,0
1,0,0
1,0,0
1,0,0
1,0,0
1,0,0
1,0,0
1,0,0
1,0,0
7,0,0
1,0,0
1,0,0
1,0,0
1,0,0
2,0,0
16,0,0
1,0,0
1,0,0
1,0,0
4,0,0
1,0,0
1,0,0
5,0,0
1,0,0
2,0,0
8,0,0
1,0,0
1,0,0
1,0,0
1,0,0
1,0,0
1,0,0
1,0,0
2,0,0
1,0,0
1,0,0
1,0,0
1,0,0
2,0,0
6,0,0
6,0,0
3,0,0
1,0,0
1,0,0
1,0,0
2,0,0
8,2,0
4,0,0
1,0,0
1,0,0
1,0,0
1,0,0
1,0,0
5,0,0
3,0,0
1,0,0
1,0,0
2,0,0
1,0,0
12,2,0
1,0,0
2,0,0
1,0,0
6,0,0
1,0,0
3,0,0
17,0,0
4,0,0
2,0,0
1,0,0
9,0,0
2,0,0
2,0,0
1,0,0
2,0,0
1,0,0
3,0,0
2,0,0
1,0,0
10,0,0
3,0,0
1,0,0
1,0,0
1,0,0
1,0,0
1,0,0
1,0,0
1,0,0
1,0,0
2,0,0
1,0,0
2,0,0
15,6,0
8,0,0
8,0,0
1,0,0
1,0,0
1,0,0
1,0,0
4,0,0
1,0,0
4,0,0
1,0,0
2,0,0
1,0,0
2,0,0
5,0,0
2,0,0
1,0,0
1,0,0
5,0,0
1,0,0
3,0,0
1,0,0
1,0,0
4,0,0
1,0,0
1,0,0
1,0,0
1,0,0
3,0,0
1,0,0
2,0,0
2,0,0
1,0,0
1,0,0
11,0,0
1,0,0
2,0,0
1,0,0
2,0,0
1,0,0
6,0,0
1,0,0
1,0,0
1,0,0
1,0,0
13,4,0
2,0,0
1,0,0
1,0,0
1,0,0
1,0,0
4,0,0
9,0,0
1,0,0
7,0,0
1,0,0
1,0,0
3,0,0
5,0,0
6,0,0
5,0,0
1,0,0
18,6,0
15,0,0
2,0,0
1,0,0
1,0,0
10,0,0
25,14,0
8,0,0
1,0,0
1,0,0
1,0,0
1,0,0
1,0,0
1,0,0
3,2,0
2,0,0
2,0,0
1,0,0
1,0,0
1,0,0
1,0,0
1,0,0
1,0,0
1,0,0
11,2,0
1,0,0
1,0,0
2,0,0
2,0,0
3,0,0
4,0,0
3,0,0
1,0,0
1,0,0
2,0,0
1,0,0
3,2,0
5,0,0
2,0,0
1,0,0
5,0,0
1,0,0
15,18,0
1,0,0
4,0,0
6,0,0
1,0,0
1,0,0
3,0,0
11,0,0
1,0,0
1,0,0
1,0,0
1,0,0
11,0,0
2,0,0
1,0,0
1,0,0
4,0,0
1,0,0
4,0,0
1,0,0
4,0,0
2,0,0
4,0,0
1,0,0
2,0,0
1,0,0
1,0,0
3,0,0
1,0,0
1,0,0
1,0,0
1,0,0
4,0,0
1,0,0
1,0,0
2,0,0
1,0,0
6,0,0
2,0,0
15,0,0
1,0,0
2,0,0
1,0,0
2,0,0
1,0,0
1,0,0
6,2,0
3,0,0
1,0,0
1,0,0
4,0,0
3,0,0
4,0,0
1,0,0
2,0,0
2,0,0
1,0,0
2,0,0
4,0,0
1,0,0
1,0,0
7,0,0
5,0,0
1,0,0
2,0,0
1,0,0
2,0,0
2,0,0
1,0,0
1,0,0
3,0,0
1,0,0
3,0,0
1,0,0
1,0,0
1,0,0
1,0,0
1,0,0
1,0,0
3,0,0
1,0,0
1,0,0
2,0,0
1,0,0
1,0,0
5,0,0
1,0,0
5,2,0
1,0,0
1,0,0
5,0,0
1,0,0
6,0,0
5,0,0
15,0,0
3,0,0
16,4,0
1,0,0
2,0,0
1,0,0
1,0,0
1,0,0
2,0,0
2,0,0
1,0,0
5,0,0
1,0,0
3,0,0
1,0,0
1,0,0
1,0,0
2,0,0
2,0,0
1,0,0
22,0,0
6,0,0
6,0,0
2,0,0
1,0,0
21,0,0
2,0,0
6,0,0
1,0,0
2,0,0
2,0,0
2,0,0
2,0,0
1,0,0
1,0,0
1,0,0
1,0,0
1,0,0
1,0,0
1,0,0
1,0,0
2,0,0
1,0,0
5,0,0
2,0,0
1,0,0
2,0,0
3,0,0
1,0,0
9,4,0
3,0,0
1,0,0
1,0,0
2,0,0
2,2,0
1,0,0
2,0,0
1,0,0
1,0,0
1,0,0
1,0,0
1,0,0
3,0,0
2,0,0
1,0,0
5,0,0
2,0,0
2,0,0
4,0,0
2,0,0
1,0,0
1,0,0
6,2,0
1,0,0
7,0,0
2,0,0
1,0,0
2,0,0
1,0,0
1,0,0
1,0,0
6,0,0
5,0,0
2,0,0
1,0,0
2,0,0
1,0,0
5,0,0
3,0,0
1,0,0
3,0,0
3,0,0
1,0,0
2,0,0
2,0,0
3,0,0
3,0,0
10,0,0
1,0,0
2,0,0
1,0,0
1,0,0
1,0,0
1,0,0
4,0,0
2,0,0
1,0,0
1,0,0
3,0,0
2,0,0
1,0,0
1,0,0
2,0,0
1,0,0
4,0,0
1,0,0
2,0,0
1,0,0
4,0,0
2,0,0
5,2,0
2,0,0
1,0,0
4,0,0
2,0,0
1,0,0
18,8,0
2,0,0
2,0,0
3,0,0
3,0,0
1,0,0
1,0,0
1,0,0
15,0,0
1,0,0
4,0,0
2,0,0
1,0,0
1,0,0
2,0,0
2,0,0
1,0,0
1,0,0
3,0,0
1,0,0
1,0,0
2,0,0
3,0,0
1,0,0
1,0,0
1,0,0
2,0,0
3,0,0
2,0,0
1,0,0
4,0,0
1,0,0
1,0,0
1,0,0
1,0,0
1,0,0
2,0,0
1,0,0
2,0,0
1,0,0
1,0,0
2,0,0
1,0,0
4,0,0
1,0,0
1,0,0
1,0,0
1,0,0
2,0,0
2,0,0
1,0,0
5,0,0
2,0,0
4,0,0
18,2,0
1,0,0
6,0,0
6,2,0
1,0,0
1,0,0
1,0,0
1,0,0
5,0,0
7,0,0
2,0,0
1,0,0
12,0,0
4,0,0
2,0,0
2,0,0
1,0,0
2,0,0
2,0,0
4,2,0
1,0,0
1,0,0
2,0,0
1,0,0
2,0,0
3,0,0
1,0,0
1,0,0
1,0,0
2,0,0
3,0,0
6,0,0
1,0,0
18,0,0
3,0,0
2,0,0
4,0,0
1,0,0
4,0,0
2,0,0
1,0,0
3,0,0
1,0,0
3,0,0
1,0,0
1,0,0
9,0,0
1,0,0
1,0,0
1,0,0
1,0,0
2,0,0
5,0,0
1,0,0
3,0,0
3,0,0
7,0,0
2,0,0
1,0,0
2,0,0
2,0,0
1,0,0
1,0,0
1,0,0
1,0,0
1,0,0
1,0,0
2,0,0
1,0,0
1,0,0
5,0,0
2,0,0
1,0,0
2,0,0
7,0,0
1,0,0
4,0,0
2,0,0
1,0,0
1,0,0
10,0,0
5,0,0
9,2,0
1,0,0
1,0,0
1,0,0
1,0,0
2,0,0
1,0,0
2,0,0
5,0,0
3,0,0
1,0,0
4,0,0
1,0,0
8,0,0
1,0,0
1,0,0
1,0,0
1,0,0
1,0,0
1,0,0
1,0,0
3,0,0
1,0,0
5,0,0
2,0,0
1,0,0
4,0,0
6,0,0
1,0,0
1,0,0
1,0,0
1,0,0
5,4,0
1,0,0
1,0,0
1,0,0
1,0,0
2,0,0
2,0,0
2,0,0
4,0,0
3,0,0
3,0,0
1,0,0
2,0,0
4,0,0
1,0,0
3,0,0
2,0,0
1,0,0
1,0,0
1,0,0
5,0,0
1,0,0
1,0,0
3,0,0
8,0,0
2,0,0
1,0,0
1,0,0
1,0,0
2,0,0
1,0,0
2,0,0
4,0,0
4,0,0
1,0,0
2,0,0
1,0,0
2,0,0
1,0,0
1,0,0
3,0,0
1,0,0
1,0,0
1,0,0
1,0,0
1,0,0
1,0,0
1,0,0
11,0,0
1,0,0
1,0,0
1,0,0
1,0,0
3,0,0
6,0,0
3,0,0
1,0,0
1,0,0
1,0,0
8,6,0
4,0,0
4,0,0
1,0,0
4,0,0
1,0,0
1,0,0
10,0,0
2,0,0
1,0,0
4,0,0
1,0,0
1,0,0
1,0,0
4,0,0
4,0,0
11,0,0
4,0,0
1,0,0
2,0,0
2,0,0
4,0,0
1,0,0
1,0,0
1,0,0
1,0,0
1,0,0
2,0,0
3,0,0
1,0,0
2,0,0
1,0,0
4,0,0
1,0,0
1,0,0
1,0,0
1,0,0
7,0,0
1,0,0
1,0,0
3,0,0
1,0,0
3,0,0
1,0,0
3,0,0
5,0,0
3,0,0
4,0,0
1,0,0
1,0,0
2,0,0
1,0,0
1,0,0
4,0,0
1,0,0
1,0,0
1,0,0
1,0,0
1,0,0
2,0,0
2,0,0
1,0,0
1,0,0
1,0,0
3,0,0
3,0,0
1,0,0
1,0,0
2,0,0
1,0,0
1,0,0
1,0,0
1,0,0
1,0,0
1,0,0
7,2,0
17,2,0
4,0,0
1,0,0
2,0,0
1,0,0
1,0,0
3,0,0
3,0,0
2,0,0
8,2,0
1,0,0
2,0,0
1,0,0
1,0,0
1,0,0
3,0,0
1,0,0
2,0,0
1,0,0
1,0,0
1,0,0
3,0,0
2,0,0
3,0,0
2,0,0
1,0,0
5,0,0
3,0,0
4,0,0
1,0,0
3,0,0
3,0,0
8,0,0
5,0,0
1,0,0
2,0,0
1,0,0
1,0,0
3,0,0
1,0,0
3,0,0
1,0,0
1,0,0
2,0,0
1,0,0
3,0,0
1,0,0
2,0,0
1,0,0
1,0,0
1,0,0
3,0,0
1,0,0
1,0,0
1,0,0
2,0,0
2,0,0
2,0,0
1,0,0
1,0,0
1,0,0
6,0,0
1,0,0
1,0,0
3,0,0
2,0,0
1,0,0
3,0,0
2,0,0
1,0,0
2,0,0
1,0,0
1,0,0
2,0,0
1,0,0
1,0,0
4,0,0
5,0,0
13,2,0
2,0,0
1,0,0
4,0,0
1,0,0
1,0,0
1,0,0
1,0,0
4,0,0
1,0,0
1,0,0
1,0,0
1,0,0
1,0,0
1,0,0
3,0,0
1,0,0
5,0,0
1,0,0
1,0,0
1,0,0
1,0,0
2,0,0
3,0,0
2,0,0
1,0,0
2,0,0
3,0,0
2,0,0
1,0,0
1,0,0
2,0,0
1,0,0
6,0,0
3,0,0
1,0,0
5,0,0
1,0,0
5,0,0
1,0,0
1,0,0
6,0,0
1,0,0
4,0,0
1,0,0
1,0,0
1,0,0
4,0,0
2,0,0
4,0,0
8,0,0
1,0,0
1,0,0
13,4,0
1,0,0
1,0,0
2,0,0
2,0,0
3,0,0
1,0,0
1,0,0
1,0,0
6,0,0
1,0,0
1,0,0
1,0,0
1,0,0
2,0,0
1,0,0
1,0,0
1,0,0
1,0,0
1,0,0
1,0,0
7,0,0
3,0,0
4,0,0
1,0,0
1,0,0
1,0,0
2,0,0
1,0,0
6,0,0
5,0,0
1,0,0
3,0,0
1,0,0
1,0,0
1,0,0
4,0,0
1,0,0
1,0,0
1,0,0
1,0,0
1,0,0
2,0,0
8,0,0
4,0,0
1,0,0
1,0,0
1,0,0
1,0,0
1,0,0
4,2,0
5,0,0
2,0,0
1,0,0
1,0,0
1,0,0
1,0,0
5,0,0
1,0,0
1,0,0
2,0,0
2,0,0
12,0,0
1,0,0
1,0,0
2,0,0
1,0,0
4,0,0
1,0,0
3,0,0
2,0,0
1,0,0
1,0,0
2,0,0
4,0,0
12,0,0
1,0,0
2,0,0
1,0,0
1,0,0
1,0,0
1,0,0
2,0,0
1,0,0
2,0,0
1,0,0
5,0,0
1,0,0
23,0,0
1,0,0
2,0,0
1,0,0
1,0,0
6,0,0
2,0,0
3,0,0
1,0,0
3,0,0
1,0,0
5,0,0
1,0,0
1,0,0
3,0,0
3,0,0
5,0,0
1,0,0
1,0,0
1,0,0
18,0,0
1,0,0
1,0,0
1,0,0
1,0,0
2,0,0
3,0,0
2,0,0
7,0,0
1,0,0
1,0,0
1,0,0
3,0,0
1,0,0
1,0,0
1,0,0
1,0,0
1,0,0
1,0,0
3,0,0
1,0,0
2,0,0
2,0,0
1,0,0
1,0,0
5,0,0
1,0,0
3,0,0
2,0,0
8,0,0
1,0,0
3,0,0
1,0,0
1,0,0
11,0,0
1,0,0
1,0,0
2,0,0
1,0,0
1,0,0
2,0,0
4,0,0
8,0,0
1,0,0
1,0,0
1,0,0
1,0,0
2,0,0
8,0,0
1,0,0
2,0,0
2,0,0
2,0,0
1,0,0
4,0,0
3,0,0
2,0,0
4,0,0
2,0,0
1,0,0
2,0,0
1,0,0
5,0,0
1,0,0
2,0,0
1,0,0
2,0,0
1,0,0
1,0,0
2,0,0
2,0,0
1,0,0
1,0,0
1,0,0
1,0,0
1,0,0
1,0,0
1,0,0
11,0,0
2,0,0
3,0,0
1,0,0
1,0,0
9,2,0
1,0,0
1,0,0
2,0,0
1,0,0
1,0,0
2,0,0
7,0,0
2,0,0
1,0,0
8,0,0
2,0,0
2,0,0
1,0,0
14,0,0
2,0,0
1,0,0
1,0,0
2,0,0
1,0,0
1,0,0
1,0,0
2,0,0
3,0,0
3,0,0
1,0,0
6,0,0
4,0,0
3,0,0
1,0,0
1,0,0
1,0,0
1,0,0
1,0,0
3,0,0
3,0,0
3,0,0
2,0,0
3,0,0
1,0,0
4,0,0
1,0,0
1,0,0
1,0,0
3,0,0
2,0,0
3,0,0
2,0,0
1,0,0
1,0,0
1,0,0
7,0,0
1,0,0
2,0,0
1,0,0
1,0,0
1,0,0
3,0,0
1,0,0
1,0,0
1,0,0
3,0,0
4,0,0
1,0,0
3,0,0
2,0,0
1,0,0
2,0,0
4,0,0
1,0,0
5,0,0
1,0,0
2,0,0
3,0,0
1,0,0
2,0,0
1,0,0
8,0,0
2,0,0
2,0,0
1,0,0
1,0,0
1,0,0
1,0,0
2,0,0
1,0,0
4,0,0
1,0,0
1,0,0
3,0,0
1,0,0
1,0,0
5,0,0
1,0,0
18,0,0
4,0,0
3,0,0
2,0,0
8,0,0
2,0,0
1,0,0
1,0,0
3,0,0
1,0,0
1,0,0
6,0,0
1,0,0
3,0,0
1,0,0
1,0,0
1,0,0
2,0,0
1,0,0
1,0,0
1,0,0
1,0,0
1,0,0
1,0,0
7,0,0
1,0,0
2,0,0
2,0,0
2,0,0
3,0,0
1,0,0
1,0,0
1,0,0
1,0,0
1,0,0
5,0,0
2,0,0
1,0,0
4,0,0
1,0,0
2,0,0
3,0,0
1,0,0
2,0,0
3,0,0
1,0,0
3,0,0
2,0,0
1,0,0
1,0,0
1,0,0
2,0,0
1,0,0
1,0,0
3,0,0
1,0,0
1,0,0
1,0,0
1,0,0
2,0,0
8,0,0
1,0,0
1,0,0
1,0,0
1,0,0
1,0,0
5,0,0
1,0,0
3,0,0
4,0,0
1,0,0
3,0,0
10,0,0
4,0,0
2,0,0
2,0,0
2,0,0
2,0,0
1,0,0
1,0,0
1,0,0
2,0,0
3,0,0
3,0,0
4,0,0
1,0,0
1,0,0
5,0,0
1,0,0
1,0,0
2,0,0
3,0,0
4,0,0
4,0,0
8,0,0
2,0,0
1,0,0
1,0,0
1,0,0
1,0,0
2,0,0
1,0,0
4,0,0
1,0,0
5,0,0
1,0,0
1,0,0
1,0,0
1,0,0
3,0,0
1,0,0
5,0,0
1,0,0
2,0,0
1,0,0
14,0,0
1,0,0
1,0,0
1,0,0
1,0,0
1,0,0
1,0,0
3,0,0
3,0,0
1,0,0
1,0,0
1,0,0
3,0,0
4,0,0
3,0,0
1,0,0
1,0,0
1,0,0
1,0,0
1,0,0
1,0,0
1,0,0
1,0,0
1,0,0
1,0,0
1,0,0
2,0,0
1,0,0
2,0,0
1,0,0
1,0,0
1,0,0
1,0,0
1,0,0
1,0,0
3,0,0
1,0,0
1,0,0
1,0,0
5,0,0
1,0,0
2,0,0
2,0,0
2,0,0
1,0,0
2,0,0
1,0,0
1,0,0
1,0,0
2,0,0
3,0,0
2,0,0
1,0,0
1,0,0
1,0,0
1,0,0
2,0,0
1,0,0
3,0,0
1,0,0
1,0,0
5,0,0
9,0,0
3,0,0
1,0,0
1,0,0
1,0,0
1,0,0
3,0,0
1,0,0
1,0,0
1,0,0
1,0,0
4,0,0
1,0,0
2,0,0
1,0,0
17,8,3
11,2,0
3,0,0
2,0,0
2,0,0
3,0,0
1,0,0
2,0,0
2,0,0
8,0,0
1,0,0
1,0,0
1,0,0
1,0,0
7,0,0
2,0,0
2,0,0
1,0,0
2,0,0
7,0,0
1,0,0
1,0,0
1,0,0
1,0,0
2,0,0
1,0,0
1,0,0
1,0,0
3,0,0
1,0,0
1,0,0
1,0,0
1,0,0
1,0,0
1,0,0
7,0,0
1,0,0
1,0,0
3,0,0
4,0,0
1,0,0
2,0,0
1,0,0
2,0,0
2,0,0
6,0,0
1,0,0
1,0,0
1,0,0
1,0,0
1,0,0
1,0,0
2,0,0
1,0,0
1,0,0
1,0,0
12,0,0
1,0,0
1,0,0
4,0,0
3,0,0
1,0,0
1,0,0
2,0,0
1,0,0
1,0,0
2,0,0
1,0,0
1,0,0
2,0,0
4,0,0
16,4,0
1,0,0
1,0,0
1,0,0
1,0,0
1,0,0
1,0,0
1,0,0
1,0,0
3,0,0
1,0,0
2,0,0
1,0,0
4,0,0
2,0,0
2,0,0
8,2,0
1,0,0
1,0,0
1,0,0
2,0,0
1,0,0
11,0,0
2,0,0
1,0,0
2,0,0
1,0,0
1,0,0
1,0,0
1,0,0
1,0,0
2,0,0
1,0,0
1,0,0
1,0,0
1,0,0
1,0,0
1,0,0
2,0,0
2,0,0
1,0,0
3,0,0
4,0,0
1,0,0
1,0,0
1,0,0
1,0,0
2,0,0
1,0,0
2,0,0
5,0,0
2,0,0
1,0,0
3,0,0
1,0,0
1,0,0
3,0,0
1,0,0
1,0,0
3,0,0
1,0,0
2,0,0
1,0,0
1,0,0
3,2,0
1,0,0
2,0,0
2,0,0
3,0,0
1,0,0
1,0,0
1,0,0
1,0,0
1,0,0
2,0,0
1,0,0
6,0,0
2,0,0
1,0,0
1,0,0
1,0,0
1,0,0
1,0,0
1,0,0
1,0,0
1,0,0
2,0,0
1,0,0
1,0,0
1,0,0
1,0,0
2,0,0
2,0,0
1,0,0
3,0,0
3,0,0
1,0,0
1,0,0
1,0,0
4,0,0
7,0,0
1,0,0
1,0,0
3,0,0
4,0,0
4,0,0
1,0,0
1,0,0
2,0,0
3,0,0
2,0,0
8,2,0
4,0,0
1,0,0
2,2,0
3,0,0
1,0,0
1,0,0
1,0,0
1,0,0
2,0,0
1,0,0
6,0,0
1,0,0
2,0,0
1,0,0
2,0,0
1,0,0
1,0,0
2,0,0
2,0,0
1,0,0
1,0,0
1,0,0
1,0,0
1,0,0
2,0,0
3,0,0
1,0,0
1,0,0
2,0,0
1,0,0
2,0,0
3,0,0
4,0,0
1,0,0
2,0,0
1,0,0
2,0,0
3,0,0
2,0,0
1,0,0
1,0,0
1,0,0
1,0,0
1,0,0
1,0,0
2,0,0
1,0,0
3,0,0
1,0,0
1,0,0
1,0,0
1,0,0
2,0,0
2,0,0
4,0,0
1,0,0
1,0,0
1,0,0
3,0,0
1,0,0
1,0,0
1,0,0
3,0,0
4,0,0
2,0,0
2,0,0
2,0,0
2,0,0
2,0,0
1,0,0
1,0,0
1,0,0
1,0,0
4,0,0
1,0,0
2,0,0
1,0,0
1,0,0
1,0,0
2,0,0
2,0,0
1,0,0
1,0,0
1,0,0
3,0,0
1,0,0
1,0,0
2,0,0
1,0,0
1,0,0
2,0,0
2,0,0
1,0,0
2,0,0
6,0,0
2,0,0
1,0,0
4,0,0
1,0,0
1,0,0
2,0,0
5,2,0
2,0,0
2,0,0
1,0,0
1,0,0
4,0,0
1,0,0
1,0,0
4,0,0
2,0,0
1,0,0
1,0,0
3,0,0
5,2,0
1,0,0
1,0,0
1,0,0
2,0,0
1,0,0
2,0,0
1,0,0
1,0,0
1,0,0
1,0,0
1,0,0
1,0,0
1,0,0
1,0,0
2,0,0
1,0,0
1,0,0
1,0,0
2,0,0
1,0,0
1,0,0
1,0,0
1,0,0
3,0,0
1,0,0
1,0,0
1,0,0
1,0,0
1,0,0
2,0,0
1,0,0
1,0,0
1,0,0
1,0,0
1,0,0
3,0,0
1,0,0
2,0,0
1,0,0
4,0,0
2,0,0
1,0,0
1,0,0
1,0,0
1,0,0
1,0,0
2,0,0
3,0,0
5,0,0
1,0,0
1,0,0
1,0,0
2,0,0
2,0,0
1,0,0
1,0,0
3,0,0
2,0,0
1,0,0
1,0,0
1,0,0
1,0,0
1,0,0
3,0,0
4,0,0
1,0,0
1,0,0
1,0,0
2,0,0
2,0,0
1,0,0
4,0,0
4,0,0
3,0,0
1,0,0
1,0,0
1,0,0
1,0,0
6,0,0
1,0,0
1,0,0
1,0,0
1,0,0
1,0,0
1,0,0
3,0,0
9,0,0
1,0,0
1,0,0
1,0,0
1,0,0
1,0,0
1,0,0
1,0,0
3,0,0
2,0,0
1,0,0
1,0,0
1,0,0
1,0,0
1,0,0
1,0,0
2,0,0
3,0,0
1,0,0
2,0,0
1,0,0
4,0,0
6,0,0
1,0,0
3,0,0
1,0,0
4,0,0
1,0,0
1,0,0
8,0,0
1,0,0
1,0,0
3,0,0
4,0,0
1,0,0
2,0,0
1,0,0
1,0,0
1,0,0
1,0,0
1,0,0
6,0,0
1,0,0
2,0,0
3,0,0
2,0,0
1,0,0
1,0,0
1,0,0
1,0,0
2,0,0
2,0,0
1,0,0
1,0,0
1,0,0
2,0,0
1,0,0
1,0,0
4,0,0
1,0,0
1,0,0
2,0,0
1,0,0
1,0,0
1,0,0
1,0,0
1,0,0
1,0,0
1,0,0
1,0,0
1,0,0
2,0,0
1,0,0
2,0,0
2,0,0
2,0,0
1,0,0
1,0,0
1,0,0
1,0,0
1,0,0
1,0,0
1,0,0
1,0,0
1,0,0
1,0,0
3,0,0
1,0,0
3,0,0
1,0,0
3,0,0
1,0,0
1,0,0
1,0,0
1,0,0
2,0,0
1,0,0
2,0,0
2,0,0
3,0,0
1,0,0
1,0,0
2,0,0
1,0,0
1,0,0
1,0,0
2,0,0
1,0,0
2,0,0
2,0,0
1,0,0
1,0,0
1,0,0
1,0,0
1,0,0
1,0,0
1,0,0
1,0,0
1,0,0
1,0,0
1,0,0
4,0,0
1,0,0
1,0,0
2,0,0
1,0,0
1,0,0
1,0,0
1,0,0
1,0,0
1,0,0
3,0,0
2,0,0
1,0,0
3,0,0
2,0,0
1,0,0
4,0,0
1,0,0
1,0,0
1,0,0
1,0,0
2,0,0
1,0,0
1,0,0
1,0,0
1,0,0
2,0,0
2,0,0
1,0,0
1,0,0
1,0,0
1,0,0
1,0,0
2,0,0
2,0,0
2,0,0
2,0,0
1,0,0
3,0,0
1,0,0
3,0,0
1,0,0
3,0,0
1,0,0
1,0,0
1,0,0
1,0,0
1,0,0
2,0,0
1,0,0
1,0,0
2,0,0
1,0,0
1,0,0
1,0,0
1,0,0
2,0,0
1,0,0
1,0,0
1,0,0
1,0,0
1,0,0
1,0,0
1,0,0
1,0,0
3,0,0
1,0,0
1,0,0
1,0,0
2,0,0
1,0,0
1,0,0
4,0,0
1,0,0
1,0,0
1,0,0
1,0,0
1,0,0
2,0,0
2,0,0
2,0,0
1,0,0
2,0,0
1,0,0
1,0,0
1,0,0
2,0,0
1,0,0
2,0,0
1,0,0
1,0,0
1,0,0
1,0,0
1,0,0
1,0,0
1,0,0
1,0,0
1,0,0
1,0,0
1,0,0
2,0,0
2,0,0
2,0,0
1,0,0
1,0,0
1,0,0
1,0,0
1,0,0
2,0,0
1,0,0
1,0,0
2,0,0
1,0,0
1,0,0
1,0,0
1,0,0
1,0,0
2,0,0
5,0,0
1,0,0
2,0,0
1,0,0
1,0,0
1,0,0
2,0,0
3,0,0
1,0,0
1,0,0
1,0,0
1,0,0
1,0,0
2,0,0
1,0,0
1,0,0
1,0,0
1,0,0
1,0,0
1,0,0
3,0,0
1,0,0
1,0,0
1,0,0
1,0,0
1,0,0
1,0,0
1,0,0
1,0,0
1,0,0
1,0,0
1,0,0
1,0,0
1,0,0
1,0,0
1,0,0
1,0,0
1,0,0
1,0,0
