"1,0-d","2,0-d","3,0-d","4,0-d"
3,2,0,0
42,162,147,52
49,188,189,76
6,8,0,0
22,112,132,56
1,0,0,0
4,6,3,0
13,46,39,8
50,220,207,76
9,26,33,20
10,28,27,8
6,8,3,0
26,54,30,4
40,122,75,12
34,146,138,52
60,234,276,168
30,106,117,76
31,128,111,20
15,22,3,0
4,4,0,0
19,72,69,28
9,6,0,0
19,72,81,40
3,2,0,0
36,154,207,112
33,80,36,4
41,186,159,24
24,54,27,4
20,64,57,24
9,20,15,4
37,102,60,20
36,144,129,52
43,224,330,248
14,30,12,0
18,28,9,0
53,282,333,144
38,152,114,16
10,32,60,60
50,256,315,132
18,64,75,40
45,104,42,4
2,0,0,0
19,64,72,40
17,22,6,0
2,0,0,0
23,36,12,0
12,26,18,4
2,2,0,0
14,20,3,0
22,90,99,36
23,60,42,8
26,102,99,36
7,8,0,0
7,10,3,0
59,272,249,76
25,68,42,8
2,0,0,0
16,44,45,24
33,142,135,36
27,84,75,32
11,44,51,24
11,44,51,24
42,134,135,88
5,14,9,0
23,100,102,32
15,62,81,64
4,8,3,0
46,140,93,24
13,26,12,0
13,22,12,4
24,100,123,88
11,12,3,0
5,8,3,0
32,200,258,140
8,14,12,4
37,126,111,48
40,94,42,4
25,104,108,40
6,20,18,4
18,40,42,24
25,146,159,64
18,38,15,0
2,2,0,0
8,26,21,4
18,60,42,4
11,44,66,40
65,264,273,120
22,90,69,12
7,4,0,0
14,10,0,0
5,20,30,20
2,0,0,0
15,66,108,88
14,30,24,8
22,92,135,96
1,0,0,0
3,0,0,0
25,128,150,60
18,72,87,44
7,26,33,20
9,24,30,20
9,8,0,0
4,8,3,0
1,0,0,0
20,26,6,0
1,0,0,0
5,6,3,0
19,38,36,20
4,8,3,0
7,14,6,0
12,30,24,8
7,26,30,12
15,46,36,8
17,48,36,12
10,16,6,0
5,6,0,0
25,48,21,4
11,28,30,12
4,6,3,0
24,62,45,12
7,14,9,0
4,4,0,0
6,12,6,0
1,0,0,0
26,112,117,40
11,16,6,0
2,2,0,0
23,92,132,92
8,12,3,0
2,2,0,0
22,64,39,4
10,40,60,40
36,124,66,8
13,46,54,28
6,18,15,4
2,2,0,0
13,22,6,0
5,16,15,4
29,68,39,8
6,10,3,0
6,20,18,4
42,160,114,32
10,40,66,60
10,20,15,4
29,112,114,36
4,12,12,4
7,12,12,4
13,12,3,0
17,34,12,0
8,14,3,0
24,88,75,16
2,2,0,0
7,10,3,0
3,2,0,0
15,32,21,4
19,48,33,8
3,6,3,0
3,6,3,0
1,0,0,0
5,12,6,0
20,144,348,400
1,0,0,0
26,164,369,412
54,282,405,340
23,72,69,28
34,180,189,92
7,22,30,20
18,58,51,24
2,2,0,0
8,22,30,20
14,52,51,16
32,114,93,28
30,82,63,24
38,124,81,8
2,2,0,0
11,22,9,0
11,38,45,24
12,32,21,4
18,62,87,68
11,24,15,4
18,40,24,4
2,2,0,0
9,20,9,0
2,0,0,0
21,50,24,8
9,12,3,0
4,4,0,0
23,58,33,4
20,46,21,0
3,2,0,0
24,82,93,64
9,22,15,0
26,140,219,132
6,8,3,0
18,36,12,0
8,4,0,0
3,6,3,0
13,38,21,4
18,50,27,0
11,32,27,8
29,84,54,16
28,82,48,8
28,98,99,32
7,4,0,0
4,4,0,0
12,26,9,0
19,82,90,24
17,22,3,0
20,76,42,4
22,88,90,44
7,10,3,0
18,32,12,0
12,16,3,0
3,6,3,0
21,52,18,0
13,54,69,36
9,4,0,0
6,14,3,0
15,14,3,0
14,38,54,36
44,300,408,180
9,18,6,0
27,62,30,4
7,14,6,0
38,134,159,108
14,28,18,4
2,2,0,0
8,32,42,24
12,16,6,0
4,2,0,0
20,30,9,0
36,136,93,12
10,6,0,0
25,76,60,12
9,14,6,0
17,34,12,0
5,12,12,4
1,0,0,0
12,30,15,0
3,4,0,0
14,42,18,0
2,2,0,0
18,24,3,0
9,12,3,0
4,12,12,4
7,8,0,0
15,26,9,0
18,82,114,68
16,14,0,0
8,16,12,4
11,22,9,0
18,36,9,0
44,180,189,84
6,8,3,0
6,6,0,0
2,2,0,0
2,2,0,0
8,14,3,0
10,24,9,0
13,24,15,4
3,0,0,0
4,6,3,0
8,22,18,4
11,28,21,4
5,16,15,4
3,2,0,0
6,2,0,0
5,12,6,0
11,14,3,0
10,22,9,0
16,32,21,4
2,2,0,0
5,8,3,0
7,8,3,0
9,20,15,4
13,22,15,4
28,62,15,0
49,166,105,12
15,24,6,0
4,2,0,0
3,6,3,0
2,2,0,0
24,100,138,104
24,52,15,0
13,20,6,0
6,12,3,0
4,4,0,0
10,18,12,4
12,24,6,0
2,2,0,0
31,84,39,4
15,32,27,8
2,2,0,0
13,16,3,0
22,104,111,40
10,24,18,4
13,14,3,0
12,26,15,0
2,2,0,0
11,16,6,0
9,14,3,0
8,14,12,4
2,2,0,0
4,4,0,0
2,2,0,0
19,32,18,4
20,50,27,4
3,6,3,0
2,0,0,0
14,26,6,0
22,40,9,0
8,16,9,0
4,6,3,0
4,8,3,0
4,2,0,0
13,42,33,8
10,14,3,0
2,2,0,0
21,74,54,8
3,6,3,0
8,12,3,0
15,30,18,4
13,20,6,0
11,26,9,0
4,12,12,4
6,14,6,0
9,18,9,0
1,0,0,0
11,20,12,4
1,0,0,0
2,2,0,0
2,2,0,0
4,12,12,4
5,12,12,4
23,60,45,20
29,54,30,4
16,44,30,4
23,74,81,40
5,20,30,20
23,32,6,0
15,50,45,12
1,0,0,0
10,34,36,20
7,26,33,20
3,6,3,0
2,2,0,0
8,14,6,0
5,20,30,20
11,24,12,0
3,6,3,0
8,22,30,20
23,80,87,44
2,2,0,0
6,14,6,0
20,22,0,0
16,2,0,0
13,20,9,0
3,6,3,0
4,0,0,0
21,54,39,4
24,44,24,4
10,26,18,4
8,12,3,0
24,30,0,0
8,12,3,0
8,18,15,4
17,52,21,0
3,6,3,0
8,20,15,4
14,34,12,0
31,146,363,608
4,12,12,4
4,6,3,0
5,12,12,4
20,60,39,4
15,38,18,0
8,16,6,0
6,30,60,60
8,10,0,0
8,24,30,20
5,12,6,0
3,6,3,0
25,72,93,80
2,2,0,0
15,36,21,4
14,14,6,0
43,240,267,112
18,48,30,4
5,10,3,0
9,18,9,0
12,38,21,4
14,24,6,0
23,94,90,20
6,6,3,0
17,42,21,0
6,12,3,0
7,12,3,0
17,74,108,76
16,28,9,0
7,16,9,0
25,66,39,4
9,14,3,0
23,40,24,4
3,2,0,0
9,20,12,4
1,0,0,0
3,4,0,0
23,48,27,4
10,20,6,0
12,24,15,4
25,66,51,12
3,0,0,0
4,2,0,0
37,78,33,4
11,20,12,4
2,2,0,0
22,72,63,20
6,14,12,4
8,10,3,0
7,10,3,0
18,40,12,0
6,12,3,0
17,46,39,20
2,2,0,0
3,6,3,0
9,14,6,0
1,0,0,0
16,38,27,8
33,100,105,72
34,136,147,80
11,48,81,68
21,40,27,8
12,26,9,0
28,96,78,20
9,4,0,0
13,32,18,4
5,12,6,0
12,34,18,4
4,4,0,0
11,20,15,4
13,20,3,0
12,20,12,4
43,120,78,24
2,2,0,0
14,32,12,0
4,12,12,4
25,58,45,24
17,44,21,0
2,2,0,0
2,2,0,0
13,26,6,0
5,8,3,0
22,82,69,20
3,2,0,0
18,28,9,0
3,2,0,0
1,0,0,0
3,2,0,0
35,74,48,8
11,28,18,4
5,8,3,0
6,12,3,0
9,12,3,0
16,24,9,0
4,4,0,0
12,22,15,4
2,2,0,0
2,2,0,0
14,46,42,12
6,10,3,0
2,2,0,0
5,4,0,0
6,12,3,0
4,4,0,0
30,62,24,0
14,36,18,0
4,6,3,0
3,4,0,0
17,26,3,0
3,6,3,0
7,10,3,0
1,0,0,0
3,6,3,0
14,30,12,0
12,28,24,8
13,16,6,0
3,2,0,0
7,10,6,0
10,16,6,0
3,6,3,0
10,12,3,0
25,26,3,0
2,2,0,0
8,14,6,0
2,2,0,0
14,28,9,0
4,10,6,0
3,2,0,0
8,22,18,4
10,16,6,0
2,2,0,0
10,10,0,0
10,24,12,0
2,2,0,0
2,2,0,0
2,2,0,0
9,8,0,0
15,38,15,0
16,36,18,0
9,10,3,0
2,2,0,0
22,48,21,0
10,22,9,0
9,16,6,0
4,6,0,0
21,60,54,16
7,4,0,0
12,22,9,0
2,2,0,0
4,8,3,0
4,8,3,0
10,20,9,0
8,20,15,4
28,64,21,0
21,28,15,4
6,8,3,0
9,14,3,0
39,154,111,20
5,8,0,0
30,134,201,156
6,8,3,0
5,10,3,0
2,2,0,0
4,8,3,0
6,4,0,0
13,28,12,0
11,22,9,0
7,14,6,0
9,14,3,0
3,6,3,0
6,14,6,0
2,2,0,0
3,6,3,0
5,12,6,0
16,24,15,4
3,6,3,0
5,8,3,0
9,16,3,0
1,0,0,0
4,12,12,4
1,0,0,0
6,20,18,4
1,0,0,0
28,118,132,68
2,2,0,0
21,96,150,148
3,2,0,0
4,4,0,0
1,0,0,0
10,24,12,4
13,20,6,0
20,62,48,8
27,50,27,4
2,2,0,0
29,112,111,40
2,2,0,0
20,50,24,0
2,0,0,0
1,0,0,0
23,94,81,16
15,38,24,8
6,8,3,0
8,20,21,8
4,12,12,4
5,18,21,8
13,18,6,0
14,24,6,0
6,8,3,0
4,12,12,4
3,6,3,0
6,20,21,8
3,2,0,0
39,206,255,80
20,70,99,64
2,2,0,0
7,26,33,20
7,34,57,40
16,102,168,96
37,236,537,716
13,64,90,48
43,264,561,720
8,40,66,44
2,2,0,0
2,2,0,0
5,12,12,4
4,2,0,0
27,154,270,204
9,20,15,4
12,54,81,48
3,0,0,0
38,124,153,88
5,10,3,0
2,2,0,0
21,72,87,64
6,14,6,0
4,10,6,0
7,16,9,0
16,58,48,8
18,26,9,0
5,8,3,0
8,10,3,0
9,16,6,0
1,0,0,0
13,50,57,20
28,84,66,20
2,0,0,0
14,28,15,4
7,12,12,4
25,72,60,20
6,2,0,0
4,12,12,4
4,10,6,0
5,10,6,0
18,78,105,52
26,122,147,92
23,88,96,48
3,6,3,0
32,194,360,324
5,12,12,4
9,22,9,0
4,12,12,4
5,16,15,4
17,66,111,96
10,40,60,40
13,54,69,40
9,32,33,12
9,20,9,0
8,18,6,0
4,12,12,4
10,38,39,12
5,20,30,20
2,2,0,0
11,40,48,24
12,26,3,0
16,52,45,24
15,62,72,32
9,42,63,40
18,48,36,8
6,30,60,60
6,30,60,60
10,38,63,60
6,30,60,60
7,32,60,60
2,2,0,0
3,6,3,0
5,8,3,0
3,6,3,0
2,2,0,0
6,30,60,60
13,30,21,4
1,0,0,0
15,46,39,20
16,58,99,100
21,38,15,0
16,42,30,4
23,74,30,0
4,6,3,0
3,4,0,0
15,54,99,92
16,22,6,0
3,6,3,0
3,6,3,0
3,2,0,0
15,30,21,4
11,22,15,4
9,14,6,0
3,6,3,0
5,16,15,4
24,84,81,36
4,0,0,0
16,44,42,12
5,12,6,0
16,20,3,0
10,40,42,12
7,22,24,8
7,18,15,4
3,6,3,0
3,6,3,0
5,12,6,0
3,6,3,0
3,6,3,0
30,96,84,28
13,30,18,4
5,12,6,0
3,6,3,0
21,56,54,24
17,72,81,32
12,20,15,4
4,12,12,4
9,30,36,20
4,12,12,4
16,32,9,0
10,26,15,4
19,74,90,48
7,12,6,0
15,38,42,24
5,6,3,0
10,40,48,24
1,0,0,0
9,10,3,0
13,26,9,0
11,12,3,0
12,50,54,28
21,56,51,24
8,18,9,0
19,74,93,52
1,0,0,0
4,8,3,0
18,54,45,12
8,10,3,0
8,6,0,0
16,16,0,0
11,20,15,4
2,2,0,0
5,8,3,0
3,2,0,0
24,52,30,4
12,8,0,0
1,0,0,0
6,8,0,0
19,56,60,32
14,24,30,20
8,18,15,4
2,2,0,0
35,104,111,80
7,8,3,0
18,30,9,0
7,14,6,0
10,8,0,0
5,20,30,20
15,58,93,80
1,0,0,0
10,30,36,20
1,0,0,0
7,10,0,0
8,14,0,0
2,2,0,0
15,48,45,20
9,22,30,20
2,2,0,0
9,8,3,0
18,54,57,28
5,10,3,0
16,38,21,4
15,30,15,4
4,2,0,0
1,0,0,0
4,2,0,0
2,2,0,0
13,20,9,0
28,128,189,140
3,6,3,0
11,38,42,16
9,24,24,8
6,16,15,4
12,56,69,32
8,20,9,0
9,12,6,0
2,2,0,0
5,6,3,0
9,18,9,0
7,10,3,0
18,60,51,12
3,6,3,0
4,0,0,0
5,14,12,4
9,20,15,4
3,6,3,0
7,16,12,4
3,2,0,0
2,2,0,0
4,12,12,4
5,14,12,4
7,30,60,60
8,18,9,0
6,30,60,60
6,10,3,0
15,54,51,12
9,26,30,20
16,52,69,60
16,54,42,8
7,14,6,0
12,36,27,4
16,52,45,8
8,20,9,0
6,22,30,20
8,28,24,4
22,56,51,16
17,50,36,4
12,56,75,36
2,2,0,0
7,20,18,4
14,28,12,0
11,22,9,0
10,40,51,28
6,20,21,8
38,122,78,16
19,70,72,32
25,72,48,8
25,90,84,36
8,16,6,0
13,62,93,68
3,2,0,0
2,2,0,0
6,30,60,60
3,2,0,0
16,56,78,64
19,40,33,20
2,2,0,0
11,22,6,0
4,6,3,0
12,26,30,20
6,24,33,20
13,42,45,20
28,94,69,24
10,16,3,0
14,46,48,24
2,2,0,0
7,6,0,0
10,26,21,4
4,2,0,0
6,2,0,0
1,0,0,0
7,6,0,0
15,34,18,4
4,6,3,0
6,8,3,0
2,2,0,0
3,4,0,0
18,44,48,36
2,2,0,0
10,28,27,8
3,6,3,0
7,20,21,8
5,12,12,4
6,18,21,8
3,6,3,0
19,44,33,8
5,16,15,4
12,16,0,0
1,0,0,0
39,92,75,32
9,12,3,0
1,0,0,0
2,2,0,0
18,48,51,24
19,40,21,4
6,14,12,4
8,16,6,0
2,2,0,0
19,64,75,40
8,18,15,4
2,0,0,0
3,2,0,0
15,32,21,4
2,0,0,0
7,12,3,0
15,30,9,0
19,40,9,0
22,38,9,0
7,24,30,20
20,34,15,4
6,12,3,0
9,10,0,0
2,0,0,0
3,4,0,0
6,10,0,0
19,40,24,4
3,2,0,0
19,76,108,76
24,74,66,28
34,138,153,92
14,34,30,20
4,4,0,0
16,28,6,0
8,10,3,0
2,2,0,0
4,6,0,0
4,4,0,0
38,140,135,44
6,12,12,4
3,6,3,0
4,8,3,0
16,42,42,20
5,8,3,0
14,62,81,40
5,12,12,4
14,62,81,40
14,18,0,0
15,40,33,12
7,16,12,4
15,30,9,0
9,20,12,0
6,12,6,0
36,150,153,52
4,12,12,4
33,122,114,36
16,38,12,0
10,40,57,32
10,22,9,0
3,6,3,0
6,14,12,4
15,50,45,12
4,12,12,4
24,46,18,0
9,30,36,20
6,24,30,12
7,12,3,0
1,0,0,0
7,16,15,4
56,156,99,20
17,72,102,80
7,30,39,16
12,24,9,0
4,12,12,4
6,4,0,0
5,14,12,4
3,6,3,0
7,8,3,0
7,16,12,4
8,6,3,0
3,6,3,0
6,6,0,0
10,10,0,0
3,4,0,0
10,22,15,4
1,0,0,0
6,8,3,0
3,6,3,0
3,4,0,0
3,2,0,0
13,20,3,0
14,18,6,0
15,76,117,76
11,18,6,0
14,26,9,0
25,44,12,0
23,90,108,52
15,24,6,0
18,54,36,8
1,0,0,0
36,126,108,36
4,10,6,0
8,32,39,16
6,26,39,24
15,42,18,0
16,68,81,40
4,8,3,0
9,34,48,28
10,12,3,0
17,46,51,20
18,38,36,20
11,20,6,0
13,26,15,4
12,30,18,4
10,34,60,60
10,20,6,0
5,10,3,0
18,92,105,44
11,20,3,0
16,38,21,0
8,20,15,4
3,6,3,0
5,6,3,0
14,22,0,0
5,6,0,0
6,8,3,0
11,14,3,0
18,54,24,0
14,42,33,8
6,8,0,0
5,8,3,0
15,14,3,0
1,0,0,0
3,6,3,0
18,30,9,0
1,0,0,0
7,12,6,0
1,0,0,0
1,0,0,0
3,6,3,0
10,28,18,4
8,18,12,4
14,22,6,0
3,6,3,0
2,2,0,0
13,22,6,0
2,2,0,0
13,32,24,8
2,2,0,0
7,8,3,0
15,24,9,0
9,20,6,0
11,34,24,0
5,6,3,0
3,6,3,0
3,6,3,0
10,20,0,0
17,24,6,0
1,0,0,0
6,10,3,0
1,0,0,0
1,0,0,0
25,78,78,60
9,20,15,4
15,46,39,12
3,6,3,0
2,2,0,0
9,24,15,0
7,16,12,4
3,2,0,0
8,16,9,0
28,76,33,8
10,30,33,20
7,24,30,12
2,2,0,0
34,122,78,20
10,28,15,4
10,20,6,0
21,34,21,8
5,6,0,0
7,18,15,4
4,6,0,0
7,10,3,0
4,8,3,0
3,6,3,0
1,0,0,0
3,6,3,0
7,12,3,0
7,8,0,0
2,2,0,0
6,16,9,0
12,32,21,4
7,10,3,0
3,6,3,0
5,12,12,4
2,2,0,0
3,6,3,0
8,22,12,0
11,16,6,0
22,58,39,8
8,4,0,0
4,8,3,0
3,6,3,0
5,4,0,0
6,14,6,0
5,12,6,0
1,0,0,0
3,6,3,0
2,2,0,0
4,6,3,0
2,2,0,0
1,0,0,0
1,0,0,0
16,34,36,20
5,8,3,0
8,10,3,0
11,22,9,0
38,414,3450,19400
1,0,0,0
4,2,0,0
8,4,0,0
2,2,0,0
2,2,0,0
5,4,0,0
12,14,6,0
6,4,0,0
12,30,33,20
1,0,0,0
18,24,6,0
14,26,18,4
5,8,3,0
2,2,0,0
10,30,33,20
14,36,30,8
11,50,90,80
5,8,3,0
22,76,105,84
11,34,36,20
20,42,9,0
14,28,6,0
13,10,0,0
32,96,45,4
4,4,0,0
42,178,384,616
10,12,0,0
19,60,39,8
4,4,0,0
29,104,108,32
9,30,24,4
5,8,3,0
9,4,0,0
15,32,27,8
17,38,18,0
4,6,3,0
4,12,12,4
10,10,3,0
10,22,6,0
18,46,36,8
8,10,0,0
4,2,0,0
3,2,0,0
9,22,15,4
8,30,42,24
1,0,0,0
6,8,3,0
5,10,3,0
13,22,6,0
9,20,12,4
1,0,0,0
17,48,27,4
9,14,6,0
5,4,0,0
2,2,0,0
12,32,39,24
2,0,0,0
17,32,15,4
8,16,9,0
36,144,198,152
13,22,6,0
2,2,0,0
20,56,45,20
23,28,9,0
13,46,51,24
9,26,21,4
3,6,3,0
10,16,6,0
2,2,0,0
7,14,6,0
6,8,3,0
15,34,21,4
4,6,3,0
6,8,3,0
5,20,30,20
2,2,0,0
10,16,12,4
3,6,3,0
5,8,3,0
3,2,0,0
20,68,54,16
6,30,60,60
2,2,0,0
9,28,30,20
5,20,30,20
7,8,3,0
6,20,30,20
7,26,33,20
1,0,0,0
4,12,12,4
9,28,33,20
6,30,60,60
18,68,72,32
7,8,3,0
3,6,3,0
6,30,60,60
2,2,0,0
12,24,15,4
13,46,42,12
5,14,12,4
3,6,3,0
6,10,3,0
2,2,0,0
4,12,12,4
7,18,15,4
3,4,0,0
3,2,0,0
12,22,12,4
5,10,3,0
19,54,48,16
4,12,12,4
14,48,33,4
10,32,30,20
11,42,57,36
14,76,129,88
32,144,156,80
5,6,0,0
5,16,15,4
5,16,15,4
22,36,9,0
7,14,12,4
23,48,15,0
5,6,3,0
8,16,9,0
3,6,3,0
14,40,39,24
19,48,30,8
17,62,63,20
8,10,3,0
2,2,0,0
32,104,117,84
6,10,3,0
8,14,6,0
9,34,63,60
12,40,63,60
2,2,0,0
6,6,3,0
26,40,21,4
13,34,30,8
3,6,3,0
13,52,72,60
3,4,0,0
20,68,87,68
7,34,63,60
3,6,3,0
6,12,6,0
3,6,3,0
3,4,0,0
7,8,3,0
10,44,72,64
22,48,27,4
32,136,180,116
7,22,18,4
13,18,3,0
2,2,0,0
9,22,12,0
18,78,105,56
27,102,129,72
9,14,6,0
10,26,30,20
9,22,12,0
14,48,39,12
39,222,378,292
2,2,0,0
20,112,225,216
3,6,3,0
20,130,249,216
13,18,3,0
13,54,90,80
6,30,60,60
6,30,60,60
9,30,60,60
17,26,9,0
6,2,0,0
6,20,18,4
19,110,249,344
20,110,249,344
7,10,3,0
17,52,42,8
24,78,51,8
4,2,0,0
2,2,0,0
3,2,0,0
2,2,0,0
5,6,0,0
23,44,18,0
4,4,0,0
38,98,87,32
10,14,6,0
1,0,0,0
6,8,0,0
12,22,6,0
1,0,0,0
16,30,18,4
7,12,6,0
4,2,0,0
12,16,3,0
2,2,0,0
1,0,0,0
6,20,30,20
8,24,30,20
2,2,0,0
4,2,0,0
5,12,6,0
3,2,0,0
19,86,147,128
1,0,0,0
18,46,39,20
23,130,225,200
5,6,3,0
13,38,30,8
1,0,0,0
7,6,0,0
1,0,0,0
2,2,0,0
8,8,3,0
21,70,78,36
12,20,15,4
12,34,33,12
3,4,0,0
18,48,39,12
10,18,15,4
5,4,0,0
6,4,0,0
19,38,6,0
5,10,3,0
10,30,33,12
32,92,60,16
5,8,3,0
16,28,12,4
27,168,405,632
9,18,6,0
7,12,3,0
6,12,0,0
9,14,3,0
15,42,30,8
44,1010,13704,126196
21,38,15,4
2,2,0,0
3,6,3,0
4,4,0,0
9,16,6,0
6,10,3,0
4,6,3,0
3,6,3,0
8,16,9,0
4,0,0,0
8,24,24,8
1,0,0,0
8,10,3,0
5,18,21,8
5,8,3,0
7,18,15,4
5,8,3,0
7,26,27,8
34,90,48,4
5,16,15,4
37,938,13485,125860
5,2,0,0
8,20,15,4
23,74,60,24
2,2,0,0
16,26,9,0
42,134,93,24
8,14,6,0
11,28,15,0
5,4,0,0
1,0,0,0
15,34,21,4
4,4,0,0
7,12,3,0
1,0,0,0
12,42,66,60
20,38,18,0
13,32,27,8
5,18,21,8
13,22,6,0
14,36,30,8
2,2,0,0
12,30,18,0
14,30,24,8
8,8,3,0
10,28,18,4
9,30,27,8
8,14,12,4
10,20,6,0
13,34,21,4
4,12,12,4
9,18,12,4
4,12,12,4
6,2,0,0
14,38,24,4
10,10,0,0
5,6,0,0
3,2,0,0
7,14,6,0
3,4,0,0
5,6,0,0
1,0,0,0
4,8,3,0
34,134,132,36
18,100,279,512
10,8,0,0
8,24,12,0
9,16,6,0
13,24,15,4
20,38,21,4
2,2,0,0
26,48,24,4
1,0,0,0
28,44,15,4
4,8,3,0
10,26,18,4
13,56,90,76
17,36,21,4
5,8,3,0
3,6,3,0
4,6,3,0
10,24,15,4
2,2,0,0
11,18,6,0
3,4,0,0
2,2,0,0
16,38,18,0
7,12,6,0
7,12,12,4
4,12,12,4
5,16,15,4
9,28,33,20
9,72,252,504
19,62,114,140
3,6,3,0
5,20,30,20
5,12,6,0
9,72,252,504
24,122,204,176
12,26,12,0
24,36,18,4
3,6,3,0
4,12,12,4
6,18,15,4
10,76,255,504
2,2,0,0
18,120,333,572
3,6,3,0
35,70,45,12
3,6,3,0
5,10,3,0
8,10,3,0
6,4,0,0
9,14,12,4
51,304,489,368
3,6,3,0
7,16,9,0
14,36,27,8
18,64,51,12
7,12,6,0
22,46,24,4
10,12,3,0
2,0,0,0
2,2,0,0
17,78,66,12
2,2,0,0
2,2,0,0
1,0,0,0
4,2,0,0
1,0,0,0
2,2,0,0
2,2,0,0
3,4,0,0
1,0,0,0
20,56,57,28
8,4,0,0
24,104,168,168
32,68,21,0
22,62,75,64
10,14,6,0
9,28,27,8
7,18,12,0
10,16,3,0
2,2,0,0
13,12,3,0
15,28,9,0
6,10,0,0
7,12,3,0
17,30,6,0
15,32,15,0
13,38,24,0
6,8,0,0
5,6,3,0
11,16,6,0
16,32,12,0
40,122,123,56
7,20,12,0
3,4,0,0
17,48,48,24
2,2,0,0
12,24,30,20
8,18,9,0
15,60,99,76
5,8,3,0
4,10,6,0
16,20,3,0
12,18,15,4
3,6,3,0
5,16,15,4
6,14,12,4
1,0,0,0
10,2,0,0
9,4,0,0
2,2,0,0
4,12,12,4
1,0,0,0
5,16,15,4
4,4,0,0
3,6,3,0
12,24,15,4
17,36,33,8
11,36,48,28
10,44,63,36
8,28,36,16
17,78,114,68
3,6,3,0
8,22,30,20
3,4,0,0
7,10,0,0
3,6,3,0
5,2,0,0
17,62,72,32
2,2,0,0
24,38,15,0
7,8,3,0
11,20,9,0
26,108,204,288
19,30,12,0
26,76,69,28
13,26,18,4
2,2,0,0
8,8,0,0
12,32,21,4
3,2,0,0
3,2,0,0
1,0,0,0
17,36,27,8
7,8,3,0
5,8,3,0
5,8,3,0
14,54,51,12
14,26,9,0
1,0,0,0
13,44,42,12
9,14,3,0
6,8,3,0
8,14,3,0
2,2,0,0
9,12,3,0
1,0,0,0
11,34,36,12
2,2,0,0
20,68,66,20
1,0,0,0
4,12,12,4
11,18,3,0
4,6,3,0
2,0,0,0
15,62,66,20
5,8,3,0
4,12,12,4
27,68,30,4
9,18,6,0
4,12,12,4
13,12,0,0
2,2,0,0
8,28,27,8
8,28,27,8
3,6,3,0
7,2,0,0
53,144,99,32
3,2,0,0
4,4,0,0
10,22,18,4
10,26,24,8
5,8,3,0
8,12,6,0
31,112,102,28
2,2,0,0
27,98,69,12
30,156,219,148
2,0,0,0
14,30,15,0
8,14,3,0
10,28,18,4
10,28,18,4
1,0,0,0
23,54,27,4
16,50,36,8
2,2,0,0
15,36,21,4
1,0,0,0
6,16,12,4
1,0,0,0
5,14,12,4
2,2,0,0
9,24,18,4
5,16,15,4
7,22,18,4
5,8,0,0
10,10,3,0
8,18,12,4
5,6,3,0
26,70,45,12
21,60,57,16
5,16,15,4
26,126,168,108
1,0,0,0
3,6,3,0
5,8,3,0
5,16,15,4
8,24,18,4
2,2,0,0
3,6,3,0
6,16,6,0
2,2,0,0
5,16,15,4
3,6,3,0
19,50,36,12
12,22,6,0
18,48,27,4
6,14,9,0
6,20,18,4
19,74,78,20
12,24,18,4
12,22,3,0
1,0,0,0
6,2,0,0
5,6,0,0
2,0,0,0
1,0,0,0
5,6,0,0
2,2,0,0
3,2,0,0
8,14,6,0
5,12,12,4
2,2,0,0
7,12,3,0
16,20,6,0
3,4,0,0
1,0,0,0
1,0,0,0
1,0,0,0
1,0,0,0
7,8,0,0
8,16,12,4
6,14,12,4
5,12,6,0
9,20,9,0
13,56,72,36
2,2,0,0
13,28,21,4
4,12,12,4
12,32,27,8
21,108,150,104
8,22,18,4
8,16,6,0
8,32,60,60
9,36,60,60
17,80,129,100
8,14,3,0
2,2,0,0
3,2,0,0
1,0,0,0
2,2,0,0
5,2,0,0
16,20,3,0
14,40,42,24
9,18,9,0
4,2,0,0
1,0,0,0
2,0,0,0
14,34,36,20
4,6,3,0
7,36,69,64
19,54,69,60
19,62,90,72
5,6,3,0
6,8,0,0
8,14,6,0
2,2,0,0
2,2,0,0
2,2,0,0
4,12,12,4
8,20,6,0
8,16,12,4
9,18,12,4
29,80,69,16
4,12,12,4
5,6,3,0
3,2,0,0
2,2,0,0
2,2,0,0
3,6,3,0
5,6,0,0
3,6,3,0
6,12,12,4
2,2,0,0
4,6,3,0
4,12,12,4
14,42,33,8
3,2,0,0
5,4,0,0
2,2,0,0
11,22,6,0
4,8,3,0
6,14,12,4
12,28,9,0
17,96,189,180
2,2,0,0
15,82,150,132
40,310,663,640
13,62,75,24
17,102,186,148
15,76,123,92
16,68,123,124
16,58,81,64
3,2,0,0
27,146,282,252
17,78,144,132
28,66,27,0
37,174,249,188
8,16,6,0
5,12,6,0
23,114,195,160
9,26,15,4
6,10,3,0
12,50,78,64
16,54,57,28
21,78,114,88
4,6,3,0
16,44,39,20
18,54,84,76
22,94,126,84
6,14,12,4
5,20,30,20
7,12,6,0
13,26,15,4
16,68,111,88
6,4,0,0
18,50,33,20
11,26,18,4
3,6,3,0
7,32,60,60
18,52,54,28
13,60,96,80
13,42,36,20
16,52,69,60
10,36,63,60
7,8,3,0
7,22,18,4
3,6,3,0
18,34,33,20
7,34,63,60
12,14,3,0
27,76,57,20
5,8,3,0
10,42,66,60
7,34,63,60
15,46,30,4
9,6,0,0
9,14,3,0
3,6,3,0
7,18,15,4
9,22,18,4
3,0,0,0
4,12,12,4
6,6,3,0
12,38,45,24
9,44,105,140
6,14,12,4
2,2,0,0
2,2,0,0
3,4,0,0
6,14,12,4
15,24,12,4
4,12,12,4
2,2,0,0
21,44,27,4
5,8,3,0
3,4,0,0
7,20,15,4
18,46,30,4
5,8,3,0
17,20,6,0
7,2,0,0
5,6,3,0
11,24,9,0
5,12,6,0
8,14,6,0
3,6,3,0
4,4,0,0
7,4,0,0
2,2,0,0
3,2,0,0
2,2,0,0
22,54,69,60
10,26,18,4
4,6,3,0
31,72,81,64
5,8,3,0
18,68,105,84
29,72,36,0
8,18,9,0
5,6,3,0
2,2,0,0
6,30,60,60
6,0,0,0
6,30,60,60
6,30,60,60
6,30,60,60
4,2,0,0
9,20,6,0
5,8,3,0
3,6,3,0
1,0,0,0
2,2,0,0
1,0,0,0
2,2,0,0
14,22,9,0
3,4,0,0
3,6,3,0
12,24,9,0
4,2,0,0
3,0,0,0
9,12,3,0
11,20,9,0
5,12,6,0
4,12,12,4
10,28,15,4
10,28,30,20
4,10,6,0
3,6,3,0
7,6,0,0
1,0,0,0
9,46,84,76
14,58,93,80
6,30,60,60
18,58,72,60
4,6,3,0
2,0,0,0
3,6,3,0
4,10,6,0
7,22,30,20
1,0,0,0
3,2,0,0
2,2,0,0
6,6,0,0
34,114,78,8
8,4,0,0
19,58,60,28
8,26,21,4
11,40,63,60
6,30,60,60
3,6,3,0
4,8,3,0
13,32,18,4
8,18,12,4
5,4,0,0
8,22,15,4
13,22,9,0
7,14,6,0
1,0,0,0
5,12,12,4
7,6,0,0
2,2,0,0
11,14,3,0
5,8,3,0
7,22,30,20
6,8,3,0
4,6,0,0
3,6,3,0
5,10,3,0
9,16,6,0
9,14,6,0
4,10,6,0
10,30,21,4
5,12,12,4
5,6,3,0
7,16,9,0
4,4,0,0
8,6,0,0
7,18,9,0
8,20,12,0
2,2,0,0
5,4,0,0
25,72,87,64
5,8,3,0
5,8,3,0
8,20,12,4
17,56,108,140
17,26,6,0
4,2,0,0
11,28,12,0
7,14,6,0
2,2,0,0
28,106,105,28
51,198,180,44
6,10,3,0
14,24,9,0
8,10,3,0
4,6,3,0
10,36,42,16
8,20,12,4
7,8,0,0
19,44,27,4
3,2,0,0
11,12,3,0
14,18,3,0
3,6,3,0
5,6,3,0
3,4,0,0
7,10,3,0
3,6,3,0
1,0,0,0
5,6,0,0
11,10,0,0
3,2,0,0
3,2,0,0
5,8,3,0
11,28,15,0
3,4,0,0
9,10,3,0
4,6,3,0
18,72,78,36
7,6,0,0
6,12,6,0
4,6,3,0
40,168,153,40
6,6,0,0
9,20,12,4
45,232,330,208
16,30,6,0
3,6,3,0
5,20,30,20
4,4,0,0
10,30,24,4
10,8,0,0
6,18,15,4
2,2,0,0
2,2,0,0
1,0,0,0
25,56,33,8
5,6,0,0
5,2,0,0
10,34,27,4
22,42,24,4
22,52,30,4
11,16,6,0
1,0,0,0
3,6,3,0
5,8,3,0
5,6,3,0
1,0,0,0
2,2,0,0
1,0,0,0
7,4,0,0
6,14,6,0
7,16,12,4
16,28,12,4
5,8,3,0
11,22,12,4
24,60,33,8
3,4,0,0
2,0,0,0
15,32,15,0
11,30,24,8
2,0,0,0
4,4,0,0
5,8,3,0
3,6,3,0
3,0,0,0
5,4,0,0
4,12,12,4
10,32,42,24
23,72,66,28
6,12,12,4
22,56,42,12
5,6,3,0
12,42,36,12
12,26,12,0
4,12,12,4
5,6,3,0
20,40,18,4
9,18,6,0
1,0,0,0
2,0,0,0
3,0,0,0
2,2,0,0
3,2,0,0
13,44,66,60
4,6,0,0
3,6,3,0
7,28,48,36
2,2,0,0
11,38,30,4
3,2,0,0
7,18,12,4
12,44,63,40
9,18,3,0
10,16,6,0
5,8,3,0
3,2,0,0
13,22,9,0
7,4,0,0
7,6,0,0
12,34,27,8
3,6,3,0
3,6,3,0
2,2,0,0
7,16,6,0
10,20,9,0
4,12,12,4
11,18,6,0
5,12,6,0
6,4,0,0
1,0,0,0
3,6,3,0
5,12,6,0
6,4,0,0
21,42,36,12
3,6,3,0
6,10,3,0
19,26,6,0
2,2,0,0
2,2,0,0
1,0,0,0
20,380,3420,19380
20,380,3420,19380
20,380,3420,19380
20,380,3420,19380
22,382,3420,19380
6,10,3,0
3,4,0,0
2,2,0,0
20,380,3420,19380
20,380,3420,19380
20,380,3420,19380
3,4,0,0
3,0,0,0
20,380,3420,19380
20,380,3420,19380
20,380,3420,19380
9,12,3,0
20,380,3420,19380
20,380,3420,19380
7,14,6,0
10,16,6,0
20,380,3420,19380
20,380,3420,19380
20,380,3420,19380
20,380,3420,19380
20,380,3420,19380
8,18,15,4
20,380,3420,19380
20,380,3420,19380
2,2,0,0
3,4,0,0
4,2,0,0
3,6,3,0
11,20,6,0
5,16,15,4
13,38,27,4
2,2,0,0
3,6,3,0
8,28,24,4
3,6,3,0
2,2,0,0
11,34,30,8
12,50,60,28
2,2,0,0
3,6,3,0
14,56,75,44
2,2,0,0
15,44,39,20
5,20,30,20
5,8,3,0
15,26,12,0
25,94,111,72
7,8,3,0
3,6,3,0
1,0,0,0
9,2,0,0
13,26,9,0
2,2,0,0
27,38,9,0
2,2,0,0
12,12,0,0
2,2,0,0
2,2,0,0
6,14,3,0
6,12,3,0
2,2,0,0
7,10,3,0
2,2,0,0
3,2,0,0
3,0,0,0
13,28,15,4
9,12,3,0
7,16,12,4
6,20,30,20
2,0,0,0
1,0,0,0
1,0,0,0
3,2,0,0
13,32,18,4
10,24,9,0
1,0,0,0
3,4,0,0
3,6,3,0
12,30,21,4
2,2,0,0
5,4,0,0
2,2,0,0
2,2,0,0
4,6,3,0
4,2,0,0
2,2,0,0
5,4,0,0
1,0,0,0
3,2,0,0
4,8,3,0
5,12,12,4
1,0,0,0
3,4,0,0
1,0,0,0
10,10,3,0
10,12,3,0
26,64,36,8
2,2,0,0
1,0,0,0
3,6,3,0
21,66,51,16
9,24,18,4
3,6,3,0
4,12,12,4
6,6,3,0
4,12,12,4
4,12,12,4
6,12,12,4
4,12,12,4
10,14,6,0
4,6,3,0
3,2,0,0
8,16,6,0
2,2,0,0
1,0,0,0
5,12,12,4
6,8,3,0
11,14,0,0
34,84,54,12
6,8,3,0
30,120,132,76
16,70,90,48
1,0,0,0
3,6,3,0
7,30,42,24
15,70,99,56
4,4,0,0
4,10,6,0
19,110,216,208
4,10,6,0
6,20,30,20
18,74,102,64
13,70,114,72
9,10,6,0
10,48,69,40
10,34,42,24
3,2,0,0
9,42,105,140
6,20,18,4
4,12,12,4
10,60,132,152
8,34,45,24
10,48,108,140
2,2,0,0
11,54,75,36
6,14,12,4
14,60,75,32
2,2,0,0
2,2,0,0
2,2,0,0
3,2,0,0
5,4,0,0
6,12,6,0
5,4,0,0
2,2,0,0
7,16,9,0
12,44,39,8
13,48,42,8
4,6,3,0
11,30,21,4
3,2,0,0
3,4,0,0
8,12,3,0
5,8,3,0
6,8,3,0
1,0,0,0
3,6,3,0
6,10,3,0
7,8,3,0
1,0,0,0
5,4,0,0
2,0,0,0
7,8,3,0
2,2,0,0
35,342,2466,12244
2,2,0,0
11,8,3,0
2,2,0,0
2,2,0,0
3,0,0,0
5,8,3,0
3,6,3,0
10,24,18,4
27,122,90,16
8,14,6,0
1,0,0,0
10,10,3,0
13,30,18,4
24,54,33,4
10,22,9,0
27,50,12,0
4,4,0,0
4,10,6,0
10,44,105,140
3,6,3,0
4,10,6,0
3,6,3,0
11,48,108,140
19,22,3,0
2,2,0,0
4,2,0,0
3,2,0,0
24,52,66,60
2,0,0,0
3,2,0,0
3,2,0,0
13,20,6,0
6,8,3,0
9,18,12,4
1,0,0,0
5,8,3,0
6,8,3,0
4,6,0,0
9,30,33,12
27,68,36,8
1,0,0,0
1,0,0,0
6,18,12,0
2,2,0,0
4,6,0,0
5,14,9,0
1,0,0,0
2,2,0,0
9,10,0,0
8,20,9,0
2,2,0,0
4,6,0,0
1,0,0,0
3,4,0,0
3,4,0,0
3,6,3,0
12,24,30,20
8,28,27,8
4,4,0,0
8,14,6,0
6,30,60,60
6,12,6,0
10,36,30,8
8,26,24,8
3,6,3,0
3,6,3,0
3,6,3,0
3,6,3,0
2,2,0,0
27,108,126,76
8,18,9,0
8,16,12,4
3,6,3,0
6,6,0,0
5,8,3,0
6,8,0,0
10,20,6,0
3,2,0,0
2,2,0,0
2,2,0,0
2,0,0,0
2,2,0,0
9,16,6,0
5,2,0,0
2,2,0,0
3,0,0,0
6,14,12,4
3,2,0,0
9,18,6,0
2,2,0,0
10,16,6,0
1,0,0,0
12,6,0,0
1,0,0,0
17,22,3,0
15,38,30,8
11,28,24,8
3,6,3,0
5,12,6,0
9,12,3,0
1,0,0,0
12,14,6,0
9,14,6,0
1,0,0,0
17,34,15,0
2,2,0,0
4,8,3,0
6,8,3,0
9,18,15,4
3,6,3,0
1,0,0,0
1,0,0,0
10,22,18,4
3,6,3,0
10,18,6,0
6,30,60,60
8,40,72,64
6,30,60,60
3,6,3,0
3,6,3,0
3,6,3,0
3,6,3,0
4,2,0,0
1,0,0,0
3,0,0,0
8,6,3,0
1,0,0,0
1,0,0,0
4,6,3,0
5,12,12,4
4,12,12,4
4,12,12,4
11,24,18,4
16,36,36,20
2,0,0,0
2,0,0,0
3,6,3,0
8,16,12,4
2,2,0,0
9,24,18,4
15,10,0,0
2,2,0,0
2,2,0,0
15,30,15,4
28,52,30,8
1,0,0,0
11,26,24,8
13,38,39,20
10,20,6,0
6,18,15,4
5,6,3,0
8,18,12,4
19,40,21,4
4,12,12,4
5,2,0,0
10,24,24,8
14,20,6,0
4,8,3,0
7,18,9,0
5,4,0,0
2,2,0,0
1,0,0,0
6,10,3,0
2,2,0,0
4,4,0,0
5,4,0,0
3,2,0,0
3,6,3,0
3,2,0,0
3,4,0,0
2,2,0,0
8,26,24,8
7,18,15,4
13,26,15,4
2,2,0,0
3,4,0,0
3,2,0,0
11,18,9,0
5,10,6,0
2,2,0,0
2,2,0,0
1,0,0,0
2,0,0,0
12,38,30,8
9,18,12,4
2,2,0,0
17,14,3,0
4,12,12,4
2,2,0,0
9,24,18,4
3,6,3,0
1,0,0,0
3,2,0,0
3,6,3,0
4,4,0,0
10,10,3,0
10,10,0,0
3,4,0,0
4,8,3,0
3,4,0,0
3,4,0,0
2,2,0,0
4,4,0,0
5,6,0,0
4,6,0,0
2,0,0,0
2,2,0,0
2,2,0,0
4,4,0,0
7,6,0,0
2,2,0,0
2,2,0,0
2,2,0,0
13,12,0,0
6,8,3,0
3,6,3,0
5,12,6,0
5,18,21,8
10,20,9,0
1,0,0,0
5,12,12,4
5,18,21,8
5,16,15,4
10,24,9,0
3,6,3,0
3,6,3,0
13,60,99,72
14,88,183,172
3,2,0,0
7,2,0,0
15,28,12,0
6,6,3,0
1,0,0,0
4,8,3,0
2,2,0,0
8,18,12,4
3,0,0,0
9,40,66,44
8,12,3,0
14,52,72,44
5,20,30,20
10,42,66,44
4,12,12,4
5,20,30,20
9,42,66,44
11,44,66,44
7,20,21,8
9,30,27,8
6,24,33,20
8,24,24,8
8,28,27,8
6,24,33,20
18,52,42,20
3,2,0,0
2,2,0,0
3,2,0,0
7,14,12,4
6,10,3,0
4,4,0,0
7,2,0,0
5,12,12,4
11,38,42,24
5,10,3,0
10,32,39,24
8,16,12,4
5,8,3,0
6,14,12,4
3,6,3,0
3,6,3,0
5,20,30,20
19,74,84,36
2,0,0,0
11,18,6,0
22,88,84,40
7,12,12,4
6,10,0,0
5,10,3,0
10,40,48,24
7,30,42,24
22,76,45,4
8,34,51,36
1,0,0,0
19,42,15,0
1,0,0,0
9,8,3,0
12,14,3,0
1,0,0,0
10,22,30,20
1,0,0,0
16,36,42,24
4,0,0,0
3,6,3,0
13,24,9,0
4,10,6,0
4,0,0,0
3,6,3,0
3,6,3,0
1,0,0,0
6,10,3,0
2,2,0,0
10,42,60,40
3,4,0,0
3,2,0,0
1,0,0,0
5,2,0,0
1,0,0,0
12,62,171,280
1,0,0,0
5,6,3,0
1,0,0,0
1,0,0,0
14,26,18,4
1,0,0,0
15,42,33,8
2,2,0,0
2,2,0,0
2,2,0,0
1,0,0,0
12,14,3,0
8,16,12,4
5,4,0,0
5,4,0,0
7,8,0,0
2,2,0,0
4,2,0,0
2,0,0,0
17,32,6,0
1,0,0,0
2,2,0,0
3,2,0,0
1,0,0,0
2,2,0,0
3,0,0,0
2,2,0,0
4,2,0,0
2,2,0,0
2,2,0,0
1,0,0,0
7,10,3,0
5,4,0,0
2,2,0,0
3,6,3,0
7,8,3,0
13,20,12,4
5,6,0,0
13,30,30,20
4,4,0,0
5,4,0,0
2,2,0,0
3,6,3,0
15,24,9,0
9,12,3,0
1,0,0,0
3,6,3,0
2,2,0,0
2,2,0,0
5,8,3,0
3,4,0,0
1,0,0,0
4,2,0,0
3,2,0,0
11,42,105,140
12,54,117,144
8,42,105,140
7,42,105,140
9,44,105,140
1,0,0,0
23,68,54,24
7,18,15,4
2,2,0,0
6,22,30,20
5,20,30,20
3,6,3,0
8,32,42,24
7,8,0,0
7,16,6,0
3,2,0,0
4,8,3,0
10,18,6,0
11,22,9,0
2,2,0,0
8,6,3,0
2,2,0,0
3,2,0,0
5,10,3,0
11,38,42,24
3,6,3,0
1,0,0,0
13,78,162,172
22,108,183,168
3,6,3,0
2,2,0,0
5,4,0,0
1,0,0,0
3,6,3,0
4,4,0,0
2,2,0,0
2,2,0,0
2,2,0,0
6,10,0,0
11,16,6,0
3,6,3,0
4,6,0,0
9,8,3,0
4,8,3,0
8,16,12,4
11,24,18,4
4,12,12,4
3,2,0,0
9,10,3,0
11,18,9,0
3,6,3,0
1,0,0,0
2,2,0,0
1,0,0,0
5,10,6,0
9,22,6,0
13,32,15,0
5,8,3,0
10,20,6,0
4,12,12,4
4,6,0,0
1,0,0,0
1,0,0,0
7,6,0,0
9,34,51,36
8,30,48,36
17,40,51,36
7,28,48,36
3,2,0,0
5,8,3,0
2,2,0,0
1,0,0,0
2,2,0,0
1,0,0,0
3,6,3,0
7,10,3,0
4,4,0,0
16,30,12,0
3,6,3,0
4,8,3,0
2,2,0,0
9,8,0,0
7,16,9,0
4,6,0,0
3,4,0,0
6,14,12,4
4,4,0,0
6,10,3,0
4,10,6,0
6,10,3,0
6,12,6,0
1,0,0,0
1,0,0,0
3,6,3,0
6,12,6,0
15,18,3,0
2,2,0,0
4,8,3,0
3,6,3,0
3,6,3,0
4,4,0,0
6,8,3,0
4,6,3,0
3,2,0,0
3,2,0,0
2,2,0,0
6,8,3,0
2,0,0,0
3,6,3,0
2,0,0,0
8,10,3,0
5,4,0,0
6,6,0,0
9,18,6,0
5,0,0,0
3,6,3,0
2,2,0,0
7,20,21,8
8,38,57,32
10,42,57,32
17,42,18,0
14,44,33,8
6,26,39,24
6,16,9,0
5,8,3,0
3,6,3,0
2,2,0,0
11,24,15,4
5,14,9,0
14,50,75,64
5,6,0,0
6,10,3,0
21,62,45,8
3,6,3,0
2,2,0,0
11,18,6,0
12,22,9,0
4,12,12,4
2,2,0,0
2,0,0,0
1,0,0,0
16,56,48,12
7,12,3,0
6,20,21,8
9,54,123,148
10,22,15,4
4,8,3,0
12,30,21,4
1,0,0,0
2,2,0,0
18,90,228,340
2,2,0,0
1,0,0,0
2,0,0,0
10,4,0,0
10,24,12,0
3,6,3,0
2,2,0,0
7,20,12,0
5,12,6,0
3,6,3,0
14,40,24,4
4,8,3,0
8,22,18,4
2,2,0,0
6,4,0,0
22,50,39,4
7,18,15,4
8,20,12,0
15,38,24,4
3,6,3,0
3,6,3,0
6,10,3,0
7,22,18,4
11,18,9,0
2,2,0,0
3,6,3,0
3,6,3,0
3,6,3,0
10,20,9,0
7,14,12,4
4,10,6,0
4,6,3,0
9,16,9,0
6,10,6,0
5,10,6,0
12,12,3,0
15,24,6,0
11,14,3,0
16,28,9,0
1,0,0,0
6,2,0,0
1,0,0,0
15,16,3,0
3,2,0,0
2,2,0,0
2,2,0,0
2,2,0,0
7,6,0,0
2,0,0,0
13,44,45,16
2,2,0,0
3,2,0,0
11,12,0,0
1,0,0,0
1,0,0,0
6,14,12,4
3,6,3,0
4,4,0,0
1,0,0,0
1,0,0,0
1,0,0,0
1,0,0,0
22,42,27,4
1,0,0,0
12,14,3,0
11,20,6,0
3,6,3,0
10,16,3,0
2,2,0,0
2,2,0,0
13,10,0,0
12,42,54,28
5,20,30,20
4,12,12,4
3,2,0,0
18,62,63,28
2,2,0,0
7,20,30,20
14,46,54,28
16,34,30,8
1,0,0,0
13,14,0,0
3,4,0,0
2,2,0,0
4,6,3,0
3,6,3,0
3,6,3,0
1,0,0,0
11,28,18,4
16,32,12,0
1,0,0,0
1,0,0,0
18,58,48,12
16,42,24,4
17,50,33,8
7,14,12,4
6,8,3,0
5,10,3,0
5,18,21,8
4,12,12,4
5,16,15,4
3,6,3,0
9,28,24,8
7,14,12,4
7,20,18,4
12,28,21,4
20,46,30,4
2,2,0,0
6,8,3,0
7,14,12,4
6,12,3,0
3,6,3,0
7,12,3,0
3,2,0,0
8,16,12,4
4,12,12,4
2,2,0,0
6,22,24,8
4,12,12,4
2,2,0,0
1,0,0,0
5,6,0,0
7,16,12,4
5,6,3,0
6,30,60,60
19,70,141,180
10,38,63,60
6,30,60,60
8,16,6,0
6,30,60,60
7,18,12,4
12,14,3,0
1,0,0,0
12,8,0,0
1,0,0,0
10,20,12,4
7,32,60,60
3,2,0,0
2,0,0,0
7,8,3,0
5,6,3,0
1,0,0,0
1,0,0,0
7,14,3,0
1,0,0,0
1,0,0,0
2,2,0,0
1,0,0,0
3,2,0,0
10,10,0,0
1,0,0,0
2,2,0,0
3,0,0,0
1,0,0,0
7,4,0,0
1,0,0,0
2,0,0,0
4,0,0,0
8,14,12,4
1,0,0,0
2,0,0,0
3,2,0,0
15,34,21,4
4,4,0,0
1,0,0,0
14,30,18,4
1,0,0,0
1,0,0,0
8,12,6,0
3,2,0,0
2,2,0,0
1,0,0,0
3,4,0,0
2,2,0,0
14,36,24,8
8,18,6,0
3,2,0,0
13,68,174,280
2,2,0,0
2,2,0,0
2,2,0,0
16,32,9,0
11,8,0,0
1,0,0,0
1,0,0,0
2,0,0,0
1,0,0,0
9,10,3,0
2,2,0,0
3,6,3,0
6,10,3,0
2,2,0,0
1,0,0,0
1,0,0,0
1,0,0,0
6,18,15,4
10,24,12,0
5,8,0,0
2,2,0,0
3,6,3,0
3,6,3,0
8,4,0,0
2,0,0,0
5,4,0,0
7,32,48,28
18,74,78,36
1,0,0,0
7,12,3,0
16,64,75,36
1,0,0,0
9,42,60,32
1,0,0,0
2,2,0,0
2,2,0,0
6,4,0,0
1,0,0,0
2,2,0,0
1,0,0,0
4,6,3,0
5,12,12,4
3,2,0,0
2,2,0,0
7,26,33,20
1,0,0,0
2,2,0,0
3,6,3,0
10,24,18,4
3,6,3,0
1,0,0,0
5,10,3,0
4,4,0,0
6,6,0,0
1,0,0,0
6,30,60,60
22,126,228,188
22,92,105,72
2,2,0,0
12,50,72,60
6,6,0,0
1,0,0,0
7,8,3,0
3,4,0,0
1,0,0,0
4,8,3,0
23,28,3,0
3,6,3,0
7,10,3,0
6,2,0,0
5,2,0,0
9,10,0,0
14,12,0,0
1,0,0,0
1,0,0,0
3,2,0,0
3,2,0,0
5,6,0,0
4,2,0,0
14,20,3,0
6,10,3,0
2,2,0,0
7,12,3,0
2,2,0,0
3,6,3,0
1,0,0,0
10,8,0,0
2,2,0,0
4,6,3,0
3,6,3,0
22,80,183,284
2,2,0,0
10,14,3,0
8,18,15,4
8,20,15,4
11,34,24,4
2,0,0,0
3,6,3,0
19,88,201,300
8,56,168,280
14,12,3,0
5,4,0,0
8,56,168,280
3,4,0,0
7,10,3,0
3,4,0,0
3,4,0,0
4,4,0,0
8,56,168,280
8,56,168,280
3,6,3,0
10,16,6,0
1,0,0,0
6,8,0,0
11,28,21,4
3,4,0,0
5,6,0,0
2,2,0,0
6,12,6,0
1,0,0,0
2,2,0,0
5,8,3,0
1,0,0,0
3,2,0,0
1,0,0,0
3,6,3,0
3,6,3,0
1,0,0,0
1,0,0,0
19,32,9,0
8,14,12,4
1,0,0,0
8,16,6,0
2,2,0,0
6,8,3,0
2,2,0,0
1,0,0,0
11,16,3,0
3,6,3,0
1,0,0,0
1,0,0,0
6,14,6,0
9,6,0,0
1,0,0,0
29,88,51,8
2,2,0,0
9,16,12,4
2,2,0,0
22,92,102,40
1,0,0,0
2,2,0,0
6,26,39,24
1,0,0,0
10,14,6,0
1,0,0,0
3,6,3,0
18,48,45,24
7,22,18,4
2,0,0,0
2,0,0,0
5,10,3,0
17,18,3,0
27,64,48,12
6,4,0,0
4,8,3,0
4,10,6,0
9,18,6,0
3,6,3,0
3,6,3,0
6,20,30,20
2,2,0,0
1,0,0,0
11,24,9,0
2,2,0,0
1,0,0,0
5,8,3,0
16,36,15,0
2,2,0,0
2,2,0,0
10,10,3,0
14,42,60,60
3,4,0,0
6,30,60,60
2,2,0,0
8,32,60,60
6,30,60,60
7,34,63,60
7,14,3,0
3,4,0,0
9,40,66,60
2,2,0,0
2,2,0,0
3,2,0,0
2,2,0,0
13,10,0,0
3,2,0,0
2,2,0,0
2,2,0,0
5,4,0,0
2,2,0,0
1,0,0,0
11,28,24,8
2,2,0,0
10,28,30,20
1,0,0,0
4,4,0,0
6,14,12,4
4,12,12,4
2,2,0,0
3,6,3,0
4,10,6,0
15,18,3,0
4,8,3,0
5,10,3,0
1,0,0,0
2,2,0,0
2,2,0,0
1,0,0,0
2,2,0,0
4,8,3,0
4,4,0,0
2,2,0,0
6,12,6,0
2,2,0,0
8,22,12,0
7,22,15,0
9,28,33,20
11,18,9,0
3,6,3,0
4,8,3,0
8,24,15,0
2,2,0,0
2,2,0,0
5,4,0,0
1,0,0,0
5,10,3,0
6,2,0,0
9,38,60,40
25,124,165,76
11,26,24,8
12,50,57,20
25,116,147,68
5,20,30,20
1,0,0,0
6,2,0,0
2,2,0,0
3,2,0,0
15,36,18,0
3,2,0,0
7,10,3,0
9,16,6,0
3,6,3,0
10,16,3,0
7,10,3,0
2,2,0,0
9,24,12,0
10,12,3,0
7,10,3,0
3,6,3,0
5,2,0,0
8,4,0,0
6,14,12,4
3,4,0,0
8,14,6,0
12,26,18,4
4,10,6,0
2,2,0,0
3,6,3,0
7,14,6,0
3,2,0,0
2,2,0,0
6,6,0,0
2,2,0,0
2,2,0,0
5,12,6,0
3,6,3,0
4,6,3,0
6,10,3,0
16,42,42,16
5,14,12,4
3,4,0,0
1,0,0,0
7,18,12,4
4,12,12,4
6,12,6,0
5,16,15,4
1,0,0,0
3,6,3,0
4,6,0,0
14,40,39,20
4,6,3,0
11,32,36,20
11,48,78,64
5,2,0,0
3,2,0,0
1,0,0,0
1,0,0,0
2,2,0,0
3,2,0,0
12,6,0,0
1,0,0,0
1,0,0,0
4,2,0,0
4,4,0,0
12,20,15,4
4,6,0,0
8,28,27,8
5,18,21,8
9,32,30,8
7,20,12,0
3,0,0,0
5,6,0,0
6,6,0,0
1,0,0,0
1,0,0,0
3,4,0,0
2,2,0,0
2,2,0,0
3,2,0,0
8,46,99,104
16,86,171,168
1,0,0,0
5,6,3,0
7,12,6,0
3,6,3,0
2,2,0,0
10,16,6,0
23,34,33,20
12,64,111,88
5,12,12,4
6,16,15,4
10,38,42,16
3,6,3,0
5,8,3,0
4,2,0,0
5,6,3,0
5,6,3,0
4,6,0,0
7,8,0,0
4,6,0,0
19,58,57,24
11,26,15,4
5,12,3,0
12,64,108,76
3,6,3,0
7,34,57,40
3,6,3,0
7,28,48,36
7,26,27,8
13,72,120,80
15,46,30,4
8,28,30,20
12,32,21,4
5,10,3,0
7,26,33,20
4,6,0,0
4,4,0,0
5,18,21,8
35,212,369,300
9,28,33,20
4,12,12,4
3,6,3,0
9,12,3,0
9,16,3,0
2,2,0,0
2,2,0,0
3,6,3,0
10,14,6,0
4,12,12,4
9,24,18,4
2,2,0,0
10,8,0,0
2,2,0,0
12,34,18,0
13,34,18,0
11,30,21,4
12,30,18,4
2,2,0,0
2,2,0,0
1,0,0,0
1,0,0,0
6,16,15,4
5,16,15,4
4,4,0,0
2,2,0,0
2,2,0,0
9,30,36,20
5,20,30,20
5,20,30,20
3,6,3,0
6,20,30,20
1,0,0,0
15,26,6,0
5,20,30,20
9,20,15,4
6,16,9,0
9,18,9,0
9,22,9,0
9,22,12,0
7,8,3,0
2,2,0,0
9,20,21,8
8,32,42,24
6,24,30,12
5,14,12,4
12,36,30,8
8,32,42,24
3,6,3,0
4,12,12,4
5,20,30,20
3,6,3,0
5,20,30,20
1,0,0,0
3,6,3,0
5,20,30,20
3,6,3,0
3,6,3,0
10,16,6,0
1,0,0,0
5,2,0,0
7,10,3,0
3,6,3,0
1,0,0,0
8,14,3,0
7,14,12,4
8,12,3,0
3,4,0,0
2,2,0,0
4,8,3,0
2,0,0,0
4,4,0,0
5,6,0,0
2,2,0,0
9,10,3,0
13,20,3,0
6,12,12,4
6,16,12,4
9,24,18,4
2,2,0,0
7,20,15,4
6,10,3,0
5,4,0,0
7,16,12,4
3,6,3,0
8,18,15,4
4,12,12,4
8,12,3,0
8,14,12,4
3,6,3,0
7,20,15,4
9,20,15,4
1,0,0,0
1,0,0,0
2,2,0,0
2,2,0,0
2,2,0,0
5,6,0,0
10,16,3,0
2,2,0,0
2,2,0,0
2,2,0,0
10,8,0,0
1,0,0,0
7,0,0,0
1,0,0,0
1,0,0,0
5,4,0,0
2,2,0,0
1,0,0,0
2,2,0,0
2,2,0,0
1,0,0,0
5,12,12,4
5,8,3,0
4,6,3,0
21,54,45,12
6,8,3,0
5,14,12,4
6,22,24,8
6,12,6,0
4,12,12,4
12,34,36,20
2,2,0,0
1,0,0,0
4,12,12,4
4,4,0,0
10,20,6,0
9,24,15,4
1,0,0,0
7,22,18,4
5,2,0,0
5,10,3,0
3,6,3,0
5,8,3,0
17,68,42,4
1,0,0,0
10,30,21,4
6,30,60,60
5,20,30,20
28,94,111,72
19,84,75,20
4,12,12,4
3,6,3,0
7,14,6,0
7,14,12,4
29,156,252,196
4,12,12,4
6,30,60,60
11,68,147,148
3,2,0,0
12,16,3,0
6,14,12,4
6,16,12,4
14,32,9,0
6,18,15,4
10,36,36,12
13,28,18,4
5,6,3,0
4,12,12,4
2,0,0,0
17,68,78,36
7,18,15,4
3,6,3,0
14,30,12,0
3,6,3,0
2,2,0,0
4,10,6,0
3,4,0,0
5,10,6,0
5,8,3,0
3,2,0,0
4,2,0,0
4,6,3,0
2,2,0,0
3,6,3,0
3,6,3,0
5,6,0,0
1,0,0,0
2,2,0,0
3,6,3,0
3,6,3,0
2,2,0,0
2,2,0,0
2,2,0,0
3,6,3,0
3,4,0,0
5,8,3,0
3,6,3,0
4,8,3,0
2,2,0,0
19,56,42,12
1,0,0,0
4,8,3,0
3,6,3,0
8,14,6,0
4,8,3,0
1,0,0,0
1,0,0,0
2,0,0,0
1,0,0,0
9,24,30,20
2,2,0,0
2,2,0,0
8,24,30,20
6,22,30,20
8,26,33,20
12,24,15,4
6,18,15,4
14,40,27,4
4,12,12,4
4,12,12,4
2,2,0,0
4,2,0,0
33,56,12,0
7,14,6,0
3,2,0,0
4,6,3,0
2,0,0,0
3,0,0,0
1,0,0,0
6,10,3,0
6,8,3,0
6,22,24,8
21,308,2448,12240
3,6,3,0
14,28,6,0
8,16,6,0
4,8,3,0
4,6,3,0
7,10,3,0
6,8,0,0
10,26,30,20
4,4,0,0
3,2,0,0
5,8,3,0
2,2,0,0
3,2,0,0
7,16,12,4
2,2,0,0
2,2,0,0
5,8,3,0
2,2,0,0
2,2,0,0
1,0,0,0
2,0,0,0
8,24,24,8
1,0,0,0
2,2,0,0
3,2,0,0
8,42,105,140
7,42,105,140
2,2,0,0
7,42,105,140
1,0,0,0
7,42,105,140
7,42,105,140
7,42,105,140
7,42,105,140
2,2,0,0
3,6,3,0
3,6,3,0
38,156,189,104
6,30,60,60
3,6,3,0
19,72,78,36
1,0,0,0
3,4,0,0
10,28,33,20
6,30,60,60
6,30,60,60
3,6,3,0
3,6,3,0
5,14,9,0
24,76,93,64
3,6,3,0
3,6,3,0
4,10,6,0
4,2,0,0
30,120,153,96
8,28,27,8
2,2,0,0
3,6,3,0
6,10,6,0
3,6,3,0
2,2,0,0
11,20,15,4
10,32,24,4
15,46,36,8
1,0,0,0
2,2,0,0
10,38,42,20
20,74,90,40
22,50,30,8
2,2,0,0
4,10,6,0
13,44,36,8
3,4,0,0
12,22,3,0
11,26,9,0
16,28,15,4
6,10,0,0
2,2,0,0
8,22,18,4
5,16,15,4
12,32,21,4
3,4,0,0
12,68,150,184
12,30,18,4
7,6,0,0
5,6,3,0
3,2,0,0
1,0,0,0
2,2,0,0
9,10,0,0
2,2,0,0
3,2,0,0
1,0,0,0
5,4,0,0
3,4,0,0
3,6,3,0
10,14,6,0
1,0,0,0
7,12,3,0
26,82,144,156
7,40,90,100
5,20,30,20
15,88,180,180
8,8,0,0
13,34,60,60
15,28,9,0
1,0,0,0
3,6,3,0
20,56,42,8
14,86,180,180
9,18,12,4
6,12,6,0
8,40,90,100
2,2,0,0
6,6,0,0
1,0,0,0
17,34,12,0
8,14,6,0
12,30,15,0
4,4,0,0
6,30,60,60
11,62,138,156
5,6,3,0
3,4,0,0
3,6,3,0
4,8,3,0
2,2,0,0
3,4,0,0
4,6,0,0
14,18,3,0
1,0,0,0
4,6,3,0
5,16,15,4
2,2,0,0
3,6,3,0
8,16,3,0
10,14,6,0
10,12,3,0
6,6,0,0
2,2,0,0
1,0,0,0
1,0,0,0
4,4,0,0
4,4,0,0
8,14,3,0
2,2,0,0
15,36,24,4
3,2,0,0
10,20,9,0
9,20,15,4
3,6,3,0
2,2,0,0
2,2,0,0
1,0,0,0
2,2,0,0
1,0,0,0
15,30,15,0
2,2,0,0
2,2,0,0
4,2,0,0
2,2,0,0
6,8,3,0
3,6,3,0
13,68,141,180
1,0,0,0
4,2,0,0
1,0,0,0
1,0,0,0
2,2,0,0
5,20,30,20
4,4,0,0
5,20,30,20
7,26,33,20
22,78,102,64
4,4,0,0
1,0,0,0
5,20,30,20
1,0,0,0
1,0,0,0
6,12,6,0
3,6,3,0
3,6,3,0
8,12,6,0
3,6,3,0
4,6,3,0
4,6,3,0
4,2,0,0
2,2,0,0
5,8,3,0
2,2,0,0
3,2,0,0
3,6,3,0
4,12,12,4
4,12,12,4
3,6,3,0
4,12,12,4
3,6,3,0
5,20,30,20
9,20,9,0
4,8,3,0
8,30,36,20
6,26,39,24
4,8,3,0
19,42,27,8
2,2,0,0
7,10,3,0
1,0,0,0
7,18,15,4
7,22,30,20
10,28,21,4
2,2,0,0
8,24,30,20
5,14,12,4
10,40,45,16
1,0,0,0
2,0,0,0
2,2,0,0
15,44,36,20
3,6,3,0
3,6,3,0
7,2,0,0
2,2,0,0
1,0,0,0
9,30,33,20
5,8,3,0
2,2,0,0
7,4,0,0
2,0,0,0
1,0,0,0
2,2,0,0
1,0,0,0
1,0,0,0
18,20,6,0
3,2,0,0
13,22,9,0
3,6,3,0
1,0,0,0
3,6,3,0
2,2,0,0
4,6,3,0
2,2,0,0
2,0,0,0
4,6,3,0
10,6,0,0
3,6,3,0
2,2,0,0
1,0,0,0
3,2,0,0
2,0,0,0
10,10,3,0
1,0,0,0
2,2,0,0
3,0,0,0
1,0,0,0
2,2,0,0
4,2,0,0
1,0,0,0
1,0,0,0
9,10,3,0
6,14,9,0
4,2,0,0
5,14,9,0
5,20,30,20
6,12,12,4
7,22,30,20
5,20,30,20
6,16,15,4
8,22,24,8
4,12,12,4
6,22,24,8
5,20,30,20
22,80,87,36
5,12,12,4
6,8,3,0
3,6,3,0
1,0,0,0
6,16,9,0
1,0,0,0
5,8,0,0
10,34,27,4
3,6,3,0
6,14,12,4
21,30,15,4
4,6,3,0
3,6,3,0
1,0,0,0
1,0,0,0
1,0,0,0
1,0,0,0
9,24,18,4
6,14,12,4
2,2,0,0
4,12,12,4
6,16,12,4
4,12,12,4
3,6,3,0
4,6,3,0
4,8,3,0
3,6,3,0
16,26,9,0
9,24,15,4
15,30,15,4
5,20,30,20
1,0,0,0
6,12,6,0
8,20,12,4
9,26,18,4
4,6,0,0
6,6,3,0
7,14,12,4
9,14,3,0
5,10,3,0
11,14,6,0
14,10,0,0
2,2,0,0
5,6,0,0
2,2,0,0
1,0,0,0
2,2,0,0
6,10,3,0
1,0,0,0
14,14,0,0
2,2,0,0
4,4,0,0
1,0,0,0
1,0,0,0
1,0,0,0
1,0,0,0
1,0,0,0
6,6,0,0
1,0,0,0
4,6,3,0
6,6,0,0
4,0,0,0
2,2,0,0
3,4,0,0
2,2,0,0
2,2,0,0
6,16,9,0
3,6,3,0
3,6,3,0
3,6,3,0
5,12,6,0
4,6,3,0
7,18,9,0
6,6,0,0
1,0,0,0
2,2,0,0
5,16,15,4
6,16,15,4
3,4,0,0
6,6,0,0
2,2,0,0
4,0,0,0
6,12,3,0
4,4,0,0
3,6,3,0
3,6,3,0
1,0,0,0
3,0,0,0
15,52,63,40
6,6,0,0
2,2,0,0
2,2,0,0
10,20,15,4
1,0,0,0
3,4,0,0
9,36,45,24
3,2,0,0
2,2,0,0
2,0,0,0
2,2,0,0
3,0,0,0
7,8,0,0
1,0,0,0
7,10,0,0
3,6,3,0
13,42,33,8
11,26,30,20
1,0,0,0
2,0,0,0
2,2,0,0
3,6,3,0
1,0,0,0
10,20,6,0
2,2,0,0
17,16,0,0
2,2,0,0
5,14,12,4
18,306,2448,12240
19,306,2448,12240
18,306,2448,12240
18,306,2448,12240
3,6,3,0
18,306,2448,12240
18,306,2448,12240
23,322,2460,12244
18,306,2448,12240
18,306,2448,12240
18,306,2448,12240
6,16,12,4
18,306,2448,12240
18,306,2448,12240
17,46,39,24
19,306,2448,12240
19,306,2448,12240
18,306,2448,12240
19,306,2448,12240
18,306,2448,12240
1,0,0,0
3,2,0,0
12,16,3,0
3,6,3,0
3,6,3,0
6,18,15,4
4,8,3,0
3,4,0,0
4,2,0,0
2,2,0,0
6,14,12,4
1,0,0,0
9,10,0,0
8,2,0,0
8,12,3,0
1,0,0,0
2,2,0,0
5,12,12,4
8,20,18,4
2,2,0,0
4,4,0,0
9,20,15,4
9,12,6,0
1,0,0,0
4,8,3,0
4,8,3,0
5,6,3,0
11,24,9,0
8,18,6,0
5,2,0,0
5,12,6,0
3,6,3,0
6,12,6,0
2,2,0,0
2,0,0,0
4,6,3,0
1,0,0,0
5,8,3,0
15,34,42,24
1,0,0,0
2,0,0,0
2,2,0,0
2,2,0,0
1,0,0,0
3,4,0,0
2,0,0,0
4,12,12,4
4,12,12,4
5,6,3,0
4,6,3,0
3,2,0,0
4,2,0,0
3,6,3,0
2,2,0,0
3,2,0,0
6,14,12,4
4,12,12,4
1,0,0,0
8,34,42,16
7,28,33,12
8,14,12,4
7,20,15,4
13,36,42,16
10,36,36,12
2,2,0,0
2,0,0,0
1,0,0,0
7,14,6,0
1,0,0,0
13,36,27,4
3,6,3,0
5,8,3,0
3,6,3,0
1,0,0,0
9,16,6,0
2,2,0,0
10,18,6,0
12,10,3,0
5,16,15,4
5,14,9,0
4,12,12,4
8,16,9,0
9,22,18,4
7,16,9,0
6,18,21,8
9,18,6,0
5,10,3,0
7,6,0,0
2,2,0,0
5,14,9,0
3,6,3,0
2,2,0,0
9,18,6,0
4,0,0,0
8,30,42,24
8,8,3,0
5,12,6,0
1,0,0,0
2,2,0,0
6,10,6,0
3,2,0,0
3,0,0,0
4,12,12,4
5,12,12,4
4,2,0,0
19,24,3,0
14,18,3,0
5,6,0,0
3,4,0,0
2,0,0,0
1,0,0,0
3,6,3,0
7,6,3,0
4,12,12,4
9,14,6,0
2,2,0,0
4,12,12,4
1,0,0,0
8,10,3,0
4,2,0,0
3,6,3,0
4,6,3,0
1,0,0,0
1,0,0,0
2,0,0,0
3,2,0,0
4,6,3,0
8,14,6,0
1,0,0,0
1,0,0,0
2,2,0,0
1,0,0,0
1,0,0,0
7,12,6,0
1,0,0,0
2,0,0,0
4,4,0,0
2,2,0,0
3,4,0,0
1,0,0,0
3,6,3,0
2,0,0,0
2,2,0,0
6,8,3,0
2,2,0,0
2,0,0,0
4,6,3,0
2,2,0,0
1,0,0,0
4,8,3,0
4,8,3,0
10,28,24,8
1,0,0,0
1,0,0,0
3,4,0,0
3,4,0,0
2,2,0,0
2,2,0,0
4,2,0,0
6,16,12,4
7,18,12,4
2,0,0,0
6,10,3,0
4,8,3,0
2,2,0,0
4,4,0,0
3,4,0,0
2,2,0,0
4,6,3,0
6,14,12,4
4,12,12,4
7,14,12,4
2,0,0,0
6,2,0,0
1,0,0,0
3,6,3,0
3,2,0,0
4,12,12,4
10,28,24,8
8,6,0,0
4,6,3,0
6,14,12,4
1,0,0,0
4,6,3,0
2,2,0,0
2,2,0,0
2,2,0,0
1,0,0,0
2,2,0,0
3,0,0,0
7,8,3,0
1,0,0,0
5,0,0,0
5,6,0,0
1,0,0,0
1,0,0,0
3,2,0,0
2,2,0,0
3,2,0,0
1,0,0,0
2,2,0,0
5,12,6,0
2,0,0,0
2,0,0,0
2,2,0,0
6,4,0,0
2,2,0,0
1,0,0,0
1,0,0,0
9,24,12,0
3,6,3,0
5,6,3,0
2,2,0,0
8,10,0,0
3,2,0,0
2,2,0,0
3,6,3,0
1,0,0,0
2,2,0,0
3,6,3,0
3,6,3,0
4,6,3,0
1,0,0,0
1,0,0,0
1,0,0,0
2,2,0,0
6,6,0,0
12,28,12,0
2,2,0,0
1,0,0,0
7,8,3,0
2,0,0,0
6,8,3,0
11,38,42,24
14,44,45,24
3,2,0,0
9,26,33,20
35,112,75,28
10,42,66,44
2,2,0,0
3,2,0,0
4,8,3,0
5,6,0,0
2,0,0,0
3,6,3,0
2,2,0,0
4,2,0,0
16,78,105,52
2,2,0,0
4,6,3,0
7,34,57,40
7,14,6,0
7,22,24,8
16,68,174,280
14,62,81,44
8,26,21,4
1,0,0,0
3,2,0,0
2,2,0,0
2,2,0,0
1,0,0,0
2,2,0,0
2,2,0,0
1,0,0,0
2,0,0,0
7,4,0,0
1,0,0,0
1,0,0,0
2,2,0,0
17,34,15,0
6,8,3,0
7,4,0,0
3,0,0,0
3,6,3,0
4,6,3,0
3,6,3,0
7,8,0,0
2,2,0,0
2,2,0,0
4,4,0,0
2,2,0,0
1,0,0,0
9,56,168,280
1,0,0,0
1,0,0,0
4,6,3,0
14,68,174,280
8,20,9,0
2,2,0,0
10,22,9,0
5,12,6,0
5,6,0,0
10,30,24,4
3,4,0,0
3,6,3,0
5,8,3,0
2,2,0,0
2,2,0,0
2,2,0,0
1,0,0,0
4,4,0,0
3,6,3,0
2,2,0,0
2,2,0,0
6,10,3,0
21,30,12,0
3,6,3,0
1,0,0,0
3,4,0,0
4,0,0,0
3,2,0,0
11,12,3,0
18,64,66,28
1,0,0,0
1,0,0,0
6,6,0,0
2,2,0,0
4,6,3,0
4,8,3,0
9,22,12,0
3,6,3,0
2,2,0,0
1,0,0,0
2,2,0,0
2,2,0,0
3,2,0,0
1,0,0,0
2,2,0,0
1,0,0,0
1,0,0,0
2,2,0,0
4,4,0,0
2,2,0,0
2,2,0,0
2,2,0,0
1,0,0,0
4,8,3,0
2,2,0,0
3,6,3,0
3,6,3,0
5,6,0,0
1,0,0,0
5,8,3,0
4,2,0,0
10,10,0,0
7,8,3,0
2,2,0,0
1,0,0,0
3,6,3,0
4,6,3,0
2,2,0,0
1,0,0,0
3,2,0,0
4,2,0,0
3,6,3,0
3,6,3,0
13,24,6,0
3,6,3,0
2,2,0,0
4,10,6,0
1,0,0,0
6,8,3,0
2,2,0,0
6,12,3,0
1,0,0,0
2,2,0,0
2,2,0,0
9,36,63,60
8,56,168,280
8,56,168,280
6,30,60,60
8,56,168,280
6,30,60,60
8,56,168,280
8,56,168,280
2,2,0,0
8,32,60,60
8,56,168,280
7,32,60,60
5,4,0,0
2,2,0,0
5,2,0,0
1,0,0,0
1,0,0,0
1,0,0,0
17,78,153,168
2,2,0,0
12,72,153,168
17,78,156,168
7,42,105,140
12,60,132,160
7,42,105,140
1,0,0,0
1,0,0,0
15,36,18,0
3,2,0,0
5,4,0,0
3,2,0,0
2,2,0,0
2,0,0,0
1,0,0,0
3,2,0,0
1,0,0,0
3,0,0,0
1,0,0,0
3,4,0,0
5,10,3,0
1,0,0,0
1,0,0,0
6,8,3,0
2,2,0,0
4,8,3,0
3,6,3,0
3,6,3,0
1,0,0,0
2,2,0,0
1,0,0,0
1,0,0,0
6,2,0,0
1,0,0,0
4,6,3,0
3,4,0,0
5,4,0,0
1,0,0,0
1,0,0,0
6,30,60,60
6,30,60,60
1,0,0,0
6,30,60,60
3,4,0,0
6,30,60,60
6,30,60,60
3,2,0,0
1,0,0,0
7,8,3,0
3,6,3,0
18,88,228,340
1,0,0,0
4,4,0,0
5,4,0,0
2,2,0,0
1,0,0,0
2,2,0,0
5,18,21,8
10,58,126,148
5,12,12,4
4,12,12,4
6,24,33,20
4,10,6,0
1,0,0,0
1,0,0,0
9,26,18,4
3,6,3,0
3,6,3,0
4,12,12,4
3,4,0,0
4,8,3,0
6,6,0,0
2,2,0,0
3,6,3,0
3,6,3,0
10,16,6,0
15,16,9,0
2,2,0,0
8,14,6,0
6,18,15,4
9,22,30,20
1,0,0,0
8,6,0,0
1,0,0,0
3,6,3,0
2,2,0,0
2,2,0,0
1,0,0,0
16,22,6,0
2,2,0,0
4,8,3,0
6,10,3,0
12,22,9,0
3,6,3,0
14,26,9,0
5,2,0,0
1,0,0,0
6,6,0,0
3,6,3,0
3,6,3,0
4,6,3,0
3,6,3,0
3,6,3,0
5,8,3,0
3,6,3,0
3,6,3,0
9,18,9,0
6,12,6,0
2,2,0,0
3,6,3,0
4,6,3,0
4,8,3,0
3,6,3,0
5,8,3,0
6,12,6,0
12,32,21,4
2,2,0,0
8,28,24,4
13,30,12,0
9,28,21,4
1,0,0,0
5,4,0,0
3,2,0,0
10,14,6,0
2,2,0,0
1,0,0,0
1,0,0,0
2,2,0,0
4,2,0,0
1,0,0,0
2,2,0,0
3,2,0,0
2,2,0,0
4,2,0,0
2,2,0,0
2,2,0,0
1,0,0,0
2,2,0,0
2,2,0,0
4,12,12,4
7,20,18,4
6,12,6,0
3,6,3,0
3,6,3,0
3,6,3,0
8,22,15,4
6,20,18,4
2,2,0,0
8,8,0,0
2,2,0,0
1,0,0,0
2,2,0,0
4,8,3,0
3,2,0,0
6,12,6,0
1,0,0,0
2,2,0,0
2,2,0,0
2,2,0,0
3,2,0,0
1,0,0,0
2,2,0,0
1,0,0,0
7,6,0,0
2,2,0,0
1,0,0,0
6,16,12,4
3,6,3,0
6,22,24,8
3,6,3,0
2,2,0,0
2,2,0,0
1,0,0,0
4,6,3,0
1,0,0,0
12,16,9,0
7,10,3,0
2,2,0,0
4,2,0,0
3,6,3,0
5,12,6,0
13,36,18,0
12,24,9,0
4,10,6,0
6,6,3,0
2,2,0,0
5,10,3,0
1,0,0,0
3,6,3,0
3,4,0,0
10,20,12,4
9,20,12,4
3,4,0,0
5,6,0,0
1,0,0,0
2,2,0,0
2,2,0,0
3,2,0,0
6,24,30,12
4,8,3,0
4,12,12,4
4,12,12,4
3,6,3,0
3,6,3,0
4,8,3,0
2,2,0,0
4,4,0,0
2,2,0,0
1,0,0,0
8,12,3,0
3,4,0,0
1,0,0,0
2,0,0,0
1,0,0,0
2,2,0,0
2,2,0,0
2,2,0,0
7,18,15,4
4,12,12,4
1,0,0,0
9,16,3,0
3,6,3,0
13,34,21,4
1,0,0,0
2,2,0,0
2,2,0,0
1,0,0,0
2,0,0,0
3,2,0,0
1,0,0,0
6,8,0,0
33,930,13485,125860
31,930,13485,125860
31,930,13485,125860
31,930,13485,125860
32,932,13485,125860
34,936,13488,125860
31,930,13485,125860
31,930,13485,125860
31,930,13485,125860
31,930,13485,125860
31,930,13485,125860
1,0,0,0
31,930,13485,125860
31,930,13485,125860
31,930,13485,125860
31,930,13485,125860
31,930,13485,125860
31,930,13485,125860
31,930,13485,125860
31,930,13485,125860
31,930,13485,125860
31,930,13485,125860
31,930,13485,125860
31,930,13485,125860
31,930,13485,125860
32,932,13485,125860
33,932,13485,125860
31,930,13485,125860
31,930,13485,125860
31,930,13485,125860
8,12,12,4
31,930,13485,125860
1,0,0,0
7,26,27,8
3,0,0,0
6,16,12,4
3,2,0,0
1,0,0,0
1,0,0,0
3,4,0,0
1,0,0,0
2,2,0,0
2,2,0,0
5,4,0,0
2,2,0,0
1,0,0,0
1,0,0,0
9,22,30,20
1,0,0,0
4,12,12,4
1,0,0,0
2,2,0,0
4,12,12,4
1,0,0,0
1,0,0,0
2,2,0,0
2,2,0,0
2,0,0,0
2,0,0,0
2,2,0,0
2,2,0,0
3,2,0,0
9,36,60,60
15,58,78,64
6,30,60,60
6,30,60,60
6,30,60,60
7,8,0,0
1,0,0,0
13,28,18,4
3,4,0,0
4,4,0,0
2,2,0,0
2,2,0,0
5,2,0,0
13,24,15,4
7,8,3,0
3,2,0,0
1,0,0,0
2,2,0,0
3,2,0,0
4,2,0,0
1,0,0,0
4,12,12,4
8,24,24,8
7,24,24,8
18,34,12,0
3,6,3,0
9,16,6,0
4,2,0,0
3,6,3,0
3,6,3,0
1,0,0,0
1,0,0,0
1,0,0,0
2,2,0,0
9,14,3,0
4,6,3,0
4,6,3,0
1,0,0,0
4,4,0,0
1,0,0,0
4,12,12,4
18,56,51,16
4,12,12,4
12,38,36,12
9,12,3,0
4,12,12,4
3,6,3,0
6,22,24,8
4,4,0,0
10,30,21,4
3,6,3,0
11,38,36,12
2,2,0,0
2,2,0,0
4,2,0,0
9,26,24,8
2,2,0,0
4,12,12,4
3,6,3,0
16,38,60,60
14,22,6,0
2,2,0,0
1,0,0,0
2,2,0,0
4,4,0,0
5,4,0,0
1,0,0,0
1,0,0,0
1,0,0,0
1,0,0,0
8,10,3,0
5,2,0,0
3,6,3,0
2,2,0,0
16,64,69,28
5,12,6,0
2,2,0,0
1,0,0,0
3,6,3,0
3,2,0,0
3,6,3,0
3,4,0,0
4,2,0,0
3,6,3,0
1,0,0,0
2,2,0,0
2,2,0,0
1,0,0,0
2,2,0,0
2,2,0,0
1,0,0,0
1,0,0,0
11,34,27,8
9,8,0,0
3,6,3,0
2,0,0,0
5,4,0,0
8,24,18,4
5,8,3,0
6,8,3,0
3,6,3,0
1,0,0,0
2,0,0,0
1,0,0,0
1,0,0,0
9,8,0,0
1,0,0,0
3,4,0,0
2,2,0,0
2,2,0,0
5,2,0,0
6,8,0,0
9,8,0,0
9,34,60,60
7,8,3,0
13,38,60,60
3,6,3,0
6,12,6,0
17,32,12,0
3,4,0,0
15,34,15,0
6,10,3,0
5,12,6,0
1,0,0,0
4,6,3,0
6,12,6,0
2,2,0,0
1,0,0,0
5,2,0,0
1,0,0,0
2,2,0,0
1,0,0,0
7,8,3,0
5,10,3,0
3,2,0,0
1,0,0,0
6,8,3,0
8,14,6,0
6,14,9,0
3,4,0,0
1,0,0,0
16,28,12,0
5,6,3,0
9,18,6,0
4,8,3,0
5,4,0,0
1,0,0,0
10,28,15,4
4,4,0,0
1,0,0,0
4,10,6,0
3,6,3,0
3,6,3,0
1,0,0,0
2,0,0,0
1,0,0,0
9,24,18,4
3,4,0,0
2,2,0,0
2,2,0,0
5,14,9,0
3,6,3,0
12,22,9,0
5,14,12,4
7,8,3,0
5,12,12,4
2,2,0,0
1,0,0,0
9,14,6,0
1,0,0,0
7,6,0,0
4,6,3,0
4,6,3,0
2,0,0,0
2,2,0,0
2,2,0,0
3,6,3,0
2,2,0,0
6,8,3,0
1,0,0,0
3,6,3,0
9,4,0,0
3,6,3,0
3,6,3,0
2,2,0,0
3,2,0,0
2,2,0,0
1,0,0,0
1,0,0,0
2,2,0,0
9,4,0,0
1,0,0,0
5,12,6,0
1,0,0,0
3,6,3,0
2,2,0,0
3,6,3,0
3,6,3,0
3,6,3,0
1,0,0,0
3,6,3,0
2,2,0,0
3,6,3,0
3,2,0,0
3,0,0,0
2,0,0,0
1,0,0,0
13,26,15,4
2,2,0,0
3,2,0,0
1,0,0,0
2,2,0,0
5,4,0,0
2,2,0,0
3,2,0,0
1,0,0,0
11,56,96,80
1,0,0,0
6,24,33,20
14,56,93,80
25,58,48,24
2,2,0,0
7,24,33,20
6,6,3,0
3,6,3,0
1,0,0,0
1,0,0,0
1,0,0,0
3,6,3,0
15,22,15,4
3,2,0,0
1,0,0,0
10,6,0,0
2,2,0,0
2,2,0,0
5,6,0,0
2,2,0,0
2,2,0,0
4,4,0,0
2,0,0,0
1,0,0,0
1,0,0,0
3,2,0,0
2,0,0,0
3,2,0,0
4,6,0,0
9,10,3,0
2,2,0,0
3,6,3,0
4,6,0,0
2,2,0,0
8,14,6,0
2,2,0,0
5,12,6,0
3,6,3,0
6,14,6,0
3,2,0,0
1,0,0,0
2,2,0,0
3,6,3,0
3,6,3,0
9,12,12,4
1,0,0,0
2,2,0,0
10,10,3,0
15,42,27,4
2,2,0,0
3,4,0,0
9,16,12,4
1,0,0,0
3,6,3,0
3,6,3,0
3,6,3,0
3,6,3,0
1,0,0,0
4,6,3,0
3,6,3,0
3,6,3,0
4,12,12,4
6,18,15,4
3,2,0,0
1,0,0,0
1,0,0,0
1,0,0,0
2,2,0,0
2,2,0,0
2,2,0,0
3,6,3,0
1,0,0,0
3,6,3,0
1,0,0,0
10,18,12,4
3,2,0,0
1,0,0,0
6,16,15,4
11,20,6,0
6,10,3,0
9,22,15,4
6,16,15,4
1,0,0,0
9,16,3,0
4,2,0,0
4,6,3,0
13,28,15,4
4,6,0,0
2,2,0,0
2,2,0,0
2,0,0,0
2,2,0,0
2,2,0,0
2,2,0,0
3,6,3,0
4,8,3,0
10,26,18,4
8,22,18,4
5,8,3,0
3,6,3,0
1,0,0,0
6,8,3,0
3,6,3,0
2,2,0,0
3,6,3,0
3,6,3,0
2,2,0,0
3,6,3,0
3,6,3,0
3,6,3,0
4,6,3,0
1,0,0,0
2,2,0,0
8,16,6,0
3,6,3,0
3,2,0,0
4,2,0,0
1,0,0,0
1,0,0,0
7,14,12,4
1,0,0,0
2,2,0,0
1,0,0,0
1,0,0,0
1,0,0,0
1,0,0,0
2,0,0,0
4,2,0,0
3,4,0,0
2,2,0,0
3,6,3,0
6,14,6,0
2,2,0,0
2,2,0,0
2,2,0,0
8,14,12,4
9,12,3,0
4,12,12,4
7,12,12,4
5,8,3,0
1,0,0,0
1,0,0,0
5,4,0,0
1,0,0,0
2,2,0,0
1,0,0,0
9,14,3,0
1,0,0,0
2,2,0,0
9,26,30,12
9,10,3,0
1,0,0,0
4,6,0,0
1,0,0,0
3,6,3,0
1,0,0,0
1,0,0,0
1,0,0,0
3,2,0,0
1,0,0,0
6,22,30,20
4,12,12,4
4,12,12,4
4,12,12,4
3,6,3,0
4,12,12,4
11,52,69,32
2,2,0,0
8,40,66,44
10,48,72,44
2,2,0,0
8,34,51,36
9,38,54,36
6,28,48,36
6,28,48,36
6,28,48,36
2,2,0,0
7,30,42,24
5,20,30,20
14,48,57,28
1,0,0,0
3,2,0,0
2,2,0,0
1,0,0,0
3,6,3,0
1,0,0,0
2,2,0,0
2,2,0,0
10,24,9,0
2,2,0,0
1,0,0,0
3,6,3,0
7,18,15,4
2,2,0,0
8,2,0,0
6,14,12,4
15,24,12,4
25,508,5313,35420
7,20,12,0
7,10,3,0
2,2,0,0
4,8,3,0
2,2,0,0
2,2,0,0
2,2,0,0
2,2,0,0
1,0,0,0
1,0,0,0
1,0,0,0
4,2,0,0
2,2,0,0
5,4,0,0
1,0,0,0
2,2,0,0
4,8,3,0
9,12,0,0
5,20,30,20
2,2,0,0
2,2,0,0
5,6,0,0
5,20,30,20
3,6,3,0
2,2,0,0
1,0,0,0
1,0,0,0
2,2,0,0
3,4,0,0
3,2,0,0
4,10,6,0
3,2,0,0
3,2,0,0
2,2,0,0
3,2,0,0
1,0,0,0
4,12,12,4
10,26,18,4
14,56,63,28
5,16,15,4
8,34,45,24
3,6,3,0
4,6,3,0
4,8,3,0
3,6,3,0
3,6,3,0
5,20,30,20
8,34,45,24
5,20,30,20
9,32,42,24
3,6,3,0
3,6,3,0
4,8,3,0
4,8,3,0
2,2,0,0
3,2,0,0
2,2,0,0
2,2,0,0
4,4,0,0
3,2,0,0
1,0,0,0
2,2,0,0
3,2,0,0
1,0,0,0
3,2,0,0
4,6,0,0
5,6,0,0
1,0,0,0
7,8,0,0
2,2,0,0
2,2,0,0
7,10,3,0
4,6,3,0
2,2,0,0
1,0,0,0
11,16,3,0
12,28,21,8
3,2,0,0
1,0,0,0
5,14,12,4
5,2,0,0
1,0,0,0
2,0,0,0
1,0,0,0
1,0,0,0
2,2,0,0
3,4,0,0
5,10,3,0
4,8,3,0
2,0,0,0
3,6,3,0
4,6,0,0
2,2,0,0
2,0,0,0
6,4,0,0
1,0,0,0
3,6,3,0
3,6,3,0
4,6,3,0
1,0,0,0
4,2,0,0
4,2,0,0
2,2,0,0
4,6,3,0
3,2,0,0
2,2,0,0
4,8,3,0
2,2,0,0
2,2,0,0
2,2,0,0
1,0,0,0
2,2,0,0
2,2,0,0
7,20,15,4
8,28,27,8
4,12,12,4
4,12,12,4
6,12,3,0
1,0,0,0
4,2,0,0
11,16,3,0
5,16,15,4
8,24,24,8
1,0,0,0
4,6,3,0
2,2,0,0
2,2,0,0
7,16,12,4
2,2,0,0
9,24,30,20
2,2,0,0
1,0,0,0
3,6,3,0
6,4,0,0
2,2,0,0
6,4,0,0
2,2,0,0
4,0,0,0
2,2,0,0
1,0,0,0
4,0,0,0
5,4,0,0
2,2,0,0
2,0,0,0
3,4,0,0
2,2,0,0
1,0,0,0
4,6,3,0
1,0,0,0
1,0,0,0
10,26,21,4
7,14,6,0
3,6,3,0
5,8,3,0
5,8,3,0
1,0,0,0
6,12,12,4
4,12,12,4
1,0,0,0
2,0,0,0
1,0,0,0
2,2,0,0
2,2,0,0
1,0,0,0
3,4,0,0
4,4,0,0
1,0,0,0
7,8,3,0
11,22,15,4
4,4,0,0
2,2,0,0
2,0,0,0
3,2,0,0
1,0,0,0
1,0,0,0
1,0,0,0
2,2,0,0
2,2,0,0
2,2,0,0
2,2,0,0
8,8,3,0
10,28,33,20
5,20,30,20
3,2,0,0
3,6,3,0
7,22,30,20
6,10,3,0
5,4,0,0
6,20,30,20
4,6,3,0
1,0,0,0
2,0,0,0
1,0,0,0
1,0,0,0
11,20,6,0
3,6,3,0
3,2,0,0
4,8,3,0
5,4,0,0
7,14,3,0
6,10,3,0
3,6,3,0
2,2,0,0
7,8,0,0
5,6,0,0
3,2,0,0
2,2,0,0
1,0,0,0
3,6,3,0
2,2,0,0
8,12,3,0
5,12,6,0
3,2,0,0
3,4,0,0
10,36,33,8
6,2,0,0
3,2,0,0
8,18,6,0
10,18,3,0
1,0,0,0
1,0,0,0
9,56,168,280
3,6,3,0
4,8,3,0
5,10,3,0
8,8,0,0
2,2,0,0
1,0,0,0
1,0,0,0
1,0,0,0
3,0,0,0
1,0,0,0
1,0,0,0
3,2,0,0
1,0,0,0
1,0,0,0
1,0,0,0
1,0,0,0
8,14,3,0
19,82,180,280
2,2,0,0
10,74,216,336
8,56,168,280
3,6,3,0
13,80,219,336
3,6,3,0
10,20,9,0
8,56,168,280
10,74,216,336
10,74,216,336
3,4,0,0
1,0,0,0
2,2,0,0
2,2,0,0
1,0,0,0
1,0,0,0
4,4,0,0
1,0,0,0
9,10,3,0
4,4,0,0
3,2,0,0
7,20,9,0
1,0,0,0
2,2,0,0
2,2,0,0
3,2,0,0
2,2,0,0
2,2,0,0
1,0,0,0
7,22,30,20
11,30,33,20
1,0,0,0
10,26,30,20
5,20,30,20
8,22,30,20
3,6,3,0
5,8,3,0
3,6,3,0
6,12,6,0
3,6,3,0
3,6,3,0
2,0,0,0
3,4,0,0
1,0,0,0
3,2,0,0
1,0,0,0
3,6,3,0
3,6,3,0
2,2,0,0
2,2,0,0
3,2,0,0
3,0,0,0
2,2,0,0
2,2,0,0
4,8,3,0
3,6,3,0
2,2,0,0
2,2,0,0
2,2,0,0
1,0,0,0
1,0,0,0
1,0,0,0
3,2,0,0
3,4,0,0
3,4,0,0
1,0,0,0
1,0,0,0
2,2,0,0
1,0,0,0
1,0,0,0
2,2,0,0
2,2,0,0
1,0,0,0
5,12,6,0
5,8,3,0
4,8,3,0
6,14,6,0
3,6,3,0
2,2,0,0
2,2,0,0
3,4,0,0
2,2,0,0
1,0,0,0
2,2,0,0
1,0,0,0
1,0,0,0
4,0,0,0
5,10,3,0
7,2,0,0
2,2,0,0
3,4,0,0
1,0,0,0
3,6,3,0
5,8,3,0
6,8,3,0
5,2,0,0
5,20,30,20
2,0,0,0
6,20,30,20
2,2,0,0
10,22,15,4
11,38,30,4
4,12,12,4
10,30,24,4
4,10,6,0
1,0,0,0
9,16,6,0
4,2,0,0
11,16,6,0
1,0,0,0
5,14,9,0
1,0,0,0
2,2,0,0
9,22,9,0
3,6,3,0
2,2,0,0
3,6,3,0
2,2,0,0
3,6,3,0
3,6,3,0
4,6,3,0
2,2,0,0
3,6,3,0
5,10,3,0
3,6,3,0
8,18,6,0
7,18,9,0
7,18,9,0
3,6,3,0
5,10,3,0
5,12,6,0
1,0,0,0
9,10,3,0
6,6,0,0
2,2,0,0
5,10,6,0
3,6,3,0
3,2,0,0
3,6,3,0
1,0,0,0
7,26,33,20
3,6,3,0
3,6,3,0
3,6,3,0
3,6,3,0
2,2,0,0
2,2,0,0
7,8,3,0
2,2,0,0
1,0,0,0
4,4,0,0
1,0,0,0
10,26,30,20
6,2,0,0
1,0,0,0
7,24,30,20
1,0,0,0
2,2,0,0
6,14,6,0
3,6,3,0
4,8,3,0
2,2,0,0
2,2,0,0
2,2,0,0
2,2,0,0
11,26,9,0
3,6,3,0
1,0,0,0
1,0,0,0
4,8,3,0
3,6,3,0
4,2,0,0
1,0,0,0
1,0,0,0
2,2,0,0
4,4,0,0
3,2,0,0
2,2,0,0
2,2,0,0
2,2,0,0
3,2,0,0
1,0,0,0
2,2,0,0
1,0,0,0
1,0,0,0
5,8,3,0
2,0,0,0
2,2,0,0
3,2,0,0
3,6,3,0
6,8,3,0
1,0,0,0
1,0,0,0
8,20,9,0
3,4,0,0
5,10,3,0
3,6,3,0
2,2,0,0
2,2,0,0
5,14,12,4
1,0,0,0
1,0,0,0
6,2,0,0
4,6,0,0
5,6,0,0
4,2,0,0
2,2,0,0
1,0,0,0
2,0,0,0
5,8,3,0
1,0,0,0
6,0,0,0
4,6,3,0
3,6,3,0
1,0,0,0
2,2,0,0
2,2,0,0
4,4,0,0
7,2,0,0
4,4,0,0
12,16,6,0
1,0,0,0
2,2,0,0
8,28,33,20
8,28,48,36
2,2,0,0
8,12,3,0
2,2,0,0
2,2,0,0
2,2,0,0
1,0,0,0
4,12,12,4
4,12,12,4
4,12,12,4
2,2,0,0
3,2,0,0
3,0,0,0
1,0,0,0
1,0,0,0
3,4,0,0
2,2,0,0
1,0,0,0
5,10,6,0
1,0,0,0
2,2,0,0
5,4,0,0
2,2,0,0
2,2,0,0
2,2,0,0
6,8,3,0
3,6,3,0
10,48,108,140
6,8,3,0
8,6,0,0
2,2,0,0
1,0,0,0
3,6,3,0
3,6,3,0
2,2,0,0
3,6,3,0
8,14,12,4
2,2,0,0
6,10,3,0
9,30,27,8
10,22,15,4
5,20,30,20
5,20,30,20
4,10,6,0
5,20,30,20
8,10,3,0
3,4,0,0
2,2,0,0
2,2,0,0
5,12,6,0
10,28,15,0
1,0,0,0
2,2,0,0
4,4,0,0
10,22,9,0
1,0,0,0
4,4,0,0
12,22,3,0
3,4,0,0
1,0,0,0
4,0,0,0
1,0,0,0
4,6,3,0
3,6,3,0
3,6,3,0
3,6,3,0
3,6,3,0
1,0,0,0
3,6,3,0
3,0,0,0
1,0,0,0
1,0,0,0
2,0,0,0
8,16,6,0
2,2,0,0
16,36,9,0
4,4,0,0
2,2,0,0
5,10,6,0
1,0,0,0
4,6,3,0
5,18,21,8
1,0,0,0
5,18,21,8
7,4,0,0
1,0,0,0
4,8,3,0
6,8,3,0
2,2,0,0
6,12,6,0
3,6,3,0
3,6,3,0
4,8,3,0
5,12,6,0
4,8,3,0
5,12,6,0
3,6,3,0
3,6,3,0
3,6,3,0
3,6,3,0
2,2,0,0
2,2,0,0
3,4,0,0
5,10,3,0
3,4,0,0
7,12,3,0
4,4,0,0
5,8,3,0
5,10,3,0
2,2,0,0
2,0,0,0
1,0,0,0
1,0,0,0
6,18,15,4
3,2,0,0
10,22,15,4
5,8,3,0
1,0,0,0
1,0,0,0
3,2,0,0
3,4,0,0
1,0,0,0
2,2,0,0
1,0,0,0
3,2,0,0
1,0,0,0
6,4,0,0
10,22,9,0
6,16,9,0
3,6,3,0
4,8,3,0
1,0,0,0
8,20,9,0
3,6,3,0
2,2,0,0
3,4,0,0
2,2,0,0
3,2,0,0
2,2,0,0
2,2,0,0
1,0,0,0
2,2,0,0
2,2,0,0
3,6,3,0
2,2,0,0
2,2,0,0
4,6,3,0
3,6,3,0
3,6,3,0
1,0,0,0
15,28,6,0
2,2,0,0
2,2,0,0
2,2,0,0
2,2,0,0
2,2,0,0
2,2,0,0
3,6,3,0
2,2,0,0
10,30,33,20
12,26,15,4
4,12,12,4
4,12,12,4
3,2,0,0
4,12,12,4
1,0,0,0
1,0,0,0
1,0,0,0
3,0,0,0
1,0,0,0
2,2,0,0
2,2,0,0
2,2,0,0
1,0,0,0
2,2,0,0
3,6,3,0
1,0,0,0
2,2,0,0
3,6,3,0
1,0,0,0
2,2,0,0
7,16,6,0
2,2,0,0
2,2,0,0
2,2,0,0
3,2,0,0
1,0,0,0
10,14,3,0
2,2,0,0
1,0,0,0
1,0,0,0
2,2,0,0
3,4,0,0
2,0,0,0
2,2,0,0
4,6,3,0
3,6,3,0
1,0,0,0
3,6,3,0
12,30,33,20
2,2,0,0
3,6,3,0
3,6,3,0
3,6,3,0
7,2,0,0
3,0,0,0
1,0,0,0
1,0,0,0
3,4,0,0
7,4,0,0
2,2,0,0
1,0,0,0
21,72,54,12
2,2,0,0
7,12,6,0
3,6,3,0
2,2,0,0
3,6,3,0
2,2,0,0
2,2,0,0
2,2,0,0
2,2,0,0
1,0,0,0
5,12,6,0
3,6,3,0
1,0,0,0
5,12,6,0
3,0,0,0
2,0,0,0
4,0,0,0
2,0,0,0
2,2,0,0
2,2,0,0
3,4,0,0
3,2,0,0
4,12,12,4
1,0,0,0
8,18,9,0
2,2,0,0
3,2,0,0
1,0,0,0
3,6,3,0
3,4,0,0
2,2,0,0
3,4,0,0
1,0,0,0
2,2,0,0
4,10,6,0
5,14,9,0
1,0,0,0
3,6,3,0
4,2,0,0
2,2,0,0
3,4,0,0
2,0,0,0
3,4,0,0
2,2,0,0
1,0,0,0
2,2,0,0
3,2,0,0
1,0,0,0
4,2,0,0
5,8,3,0
3,2,0,0
2,2,0,0
1,0,0,0
2,2,0,0
2,2,0,0
3,4,0,0
6,10,3,0
2,2,0,0
3,6,3,0
6,12,6,0
4,6,3,0
3,4,0,0
4,4,0,0
2,2,0,0
1,0,0,0
1,0,0,0
1,0,0,0
1,0,0,0
5,4,0,0
1,0,0,0
1,0,0,0
2,2,0,0
2,0,0,0
9,54,135,180
1,0,0,0
9,10,0,0
6,12,6,0
1,0,0,0
6,14,12,4
7,18,15,4
12,26,18,4
2,2,0,0
2,2,0,0
8,26,33,20
1,0,0,0
2,2,0,0
2,2,0,0
6,2,0,0
2,2,0,0
4,6,0,0
4,4,0,0
9,18,12,4
2,0,0,0
4,6,3,0
12,32,9,0
6,8,0,0
7,12,3,0
2,2,0,0
7,18,15,4
5,14,12,4
10,32,24,4
1,0,0,0
2,2,0,0
1,0,0,0
5,12,12,4
15,30,12,0
4,12,12,4
3,2,0,0
9,10,3,0
2,2,0,0
3,2,0,0
2,2,0,0
3,4,0,0
3,4,0,0
1,0,0,0
2,0,0,0
1,0,0,0
2,2,0,0
2,2,0,0
2,2,0,0
2,2,0,0
1,0,0,0
3,6,3,0
3,6,3,0
12,44,45,12
12,26,9,0
3,6,3,0
3,2,0,0
12,40,39,12
6,22,24,8
5,16,15,4
8,34,39,12
4,12,12,4
5,16,15,4
4,12,12,4
12,22,12,0
12,18,6,0
5,8,3,0
2,2,0,0
6,14,6,0
9,14,3,0
2,2,0,0
1,0,0,0
6,12,6,0
3,6,3,0
2,0,0,0
1,0,0,0
1,0,0,0
1,0,0,0
2,2,0,0
3,6,3,0
1,0,0,0
1,0,0,0
1,0,0,0
3,4,0,0
2,2,0,0
1,0,0,0
1,0,0,0
2,0,0,0
8,24,24,8
6,22,24,8
4,12,12,4
4,12,12,4
6,8,3,0
2,2,0,0
2,2,0,0
4,2,0,0
7,18,12,0
5,12,6,0
8,20,12,0
3,6,3,0
3,6,3,0
1,0,0,0
2,2,0,0
2,2,0,0
2,2,0,0
4,8,3,0
4,8,3,0
1,0,0,0
2,2,0,0
2,2,0,0
2,2,0,0
1,0,0,0
1,0,0,0
8,14,6,0
5,10,3,0
1,0,0,0
2,0,0,0
2,2,0,0
1,0,0,0
6,16,12,4
5,16,15,4
2,2,0,0
8,18,12,4
2,2,0,0
2,2,0,0
2,0,0,0
1,0,0,0
2,2,0,0
2,2,0,0
1,0,0,0
9,18,9,0
4,2,0,0
2,2,0,0
1,0,0,0
3,2,0,0
2,2,0,0
8,20,15,4
5,12,12,4
3,6,3,0
11,34,36,20
8,26,24,8
7,16,12,4
7,26,33,20
4,12,12,4
5,6,0,0
1,0,0,0
2,2,0,0
4,4,0,0
4,2,0,0
7,8,0,0
17,30,9,0
1,0,0,0
1,0,0,0
2,0,0,0
7,12,12,4
4,12,12,4
4,12,12,4
1,0,0,0
4,12,12,4
4,12,12,4
3,2,0,0
4,4,0,0
2,2,0,0
7,2,0,0
3,2,0,0
3,6,3,0
1,0,0,0
1,0,0,0
8,32,60,60
8,32,60,60
6,30,60,60
6,30,60,60
7,30,60,60
9,36,63,60
2,2,0,0
2,2,0,0
3,2,0,0
4,8,3,0
4,10,6,0
2,2,0,0
1,0,0,0
1,0,0,0
4,12,12,4
4,12,12,4
1,0,0,0
1,0,0,0
2,2,0,0
1,0,0,0
5,18,21,8
5,18,21,8
2,2,0,0
3,4,0,0
2,2,0,0
2,2,0,0
6,30,60,60
8,32,60,60
2,2,0,0
6,30,60,60
7,32,60,60
1,0,0,0
5,0,0,0
10,24,24,8
1,0,0,0
1,0,0,0
1,0,0,0
1,0,0,0
2,0,0,0
2,2,0,0
12,18,6,0
4,6,3,0
3,6,3,0
1,0,0,0
2,2,0,0
1,0,0,0
4,6,3,0
3,4,0,0
7,14,6,0
9,14,3,0
3,6,3,0
3,2,0,0
2,2,0,0
2,0,0,0
1,0,0,0
4,4,0,0
4,12,12,4
4,12,12,4
4,12,12,4
4,12,12,4
4,12,12,4
3,6,3,0
6,6,3,0
10,28,18,4
10,28,18,4
6,12,6,0
1,0,0,0
2,2,0,0
1,0,0,0
24,56,33,4
1,0,0,0
2,2,0,0
3,6,3,0
2,2,0,0
5,16,15,4
2,2,0,0
8,24,18,4
7,22,18,4
1,0,0,0
4,10,6,0
3,6,3,0
3,6,3,0
3,6,3,0
1,0,0,0
8,6,0,0
2,2,0,0
1,0,0,0
5,6,0,0
2,2,0,0
2,2,0,0
1,0,0,0
2,2,0,0
1,0,0,0
8,16,6,0
1,0,0,0
2,2,0,0
12,36,24,4
6,6,3,0
2,2,0,0
1,0,0,0
5,6,0,0
3,0,0,0
2,0,0,0
2,2,0,0
2,2,0,0
1,0,0,0
6,16,12,4
2,2,0,0
8,26,27,8
5,16,15,4
4,4,0,0
4,8,0,0
3,6,3,0
1,0,0,0
4,8,0,0
3,2,0,0
10,16,6,0
1,0,0,0
1,0,0,0
2,2,0,0
2,2,0,0
1,0,0,0
1,0,0,0
1,0,0,0
13,28,18,4
1,0,0,0
3,6,3,0
3,6,3,0
7,12,3,0
3,6,3,0
5,10,3,0
2,2,0,0
2,2,0,0
3,6,3,0
7,12,3,0
5,8,3,0
3,6,3,0
5,8,3,0
1,0,0,0
3,0,0,0
1,0,0,0
1,0,0,0
8,6,0,0
6,14,12,4
2,2,0,0
9,14,12,4
7,18,15,4
14,30,15,4
4,12,12,4
2,2,0,0
2,2,0,0
6,4,0,0
13,32,27,8
2,2,0,0
3,6,3,0
10,20,9,0
6,10,3,0
3,6,3,0
4,2,0,0
13,8,0,0
1,0,0,0
2,2,0,0
2,2,0,0
2,0,0,0
2,2,0,0
2,2,0,0
7,14,12,4
3,2,0,0
2,2,0,0
2,2,0,0
2,2,0,0
1,0,0,0
4,6,3,0
3,6,3,0
3,6,3,0
4,6,3,0
2,0,0,0
2,0,0,0
4,12,12,4
10,20,9,0
4,12,12,4
3,6,3,0
2,0,0,0
1,0,0,0
2,2,0,0
2,2,0,0
1,0,0,0
2,2,0,0
3,6,3,0
1,0,0,0
5,4,0,0
1,0,0,0
2,2,0,0
2,2,0,0
2,2,0,0
2,2,0,0
3,2,0,0
2,2,0,0
2,2,0,0
3,0,0,0
1,0,0,0
2,0,0,0
1,0,0,0
7,16,6,0
1,0,0,0
1,0,0,0
5,8,3,0
1,0,0,0
4,4,0,0
1,0,0,0
1,0,0,0
1,0,0,0
2,2,0,0
2,2,0,0
1,0,0,0
2,2,0,0
1,0,0,0
3,2,0,0
7,4,0,0
1,0,0,0
2,2,0,0
2,2,0,0
1,0,0,0
1,0,0,0
6,10,3,0
2,2,0,0
2,2,0,0
7,18,9,0
5,8,3,0
1,0,0,0
2,2,0,0
2,2,0,0
1,0,0,0
1,0,0,0
3,6,3,0
5,16,15,4
3,6,3,0
3,6,3,0
3,6,3,0
5,2,0,0
2,2,0,0
9,18,12,4
2,2,0,0
2,2,0,0
1,0,0,0
1,0,0,0
1,0,0,0
3,2,0,0
2,2,0,0
2,2,0,0
2,2,0,0
8,14,6,0
4,0,0,0
5,2,0,0
1,0,0,0
2,0,0,0
3,0,0,0
3,0,0,0
1,0,0,0
1,0,0,0
2,2,0,0
1,0,0,0
3,6,3,0
8,30,42,24
4,10,6,0
4,4,0,0
3,4,0,0
1,0,0,0
1,0,0,0
1,0,0,0
1,0,0,0
4,10,6,0
3,0,0,0
3,6,3,0
1,0,0,0
7,8,3,0
4,4,0,0
4,6,3,0
5,8,3,0
4,6,3,0
3,6,3,0
3,2,0,0
2,0,0,0
2,2,0,0
1,0,0,0
8,14,6,0
1,0,0,0
1,0,0,0
2,2,0,0
3,6,3,0
5,12,6,0
3,6,3,0
2,2,0,0
3,6,3,0
3,6,3,0
5,6,3,0
1,0,0,0
3,6,3,0
3,6,3,0
6,12,6,0
2,2,0,0
3,2,0,0
2,2,0,0
2,2,0,0
2,2,0,0
5,16,15,4
3,6,3,0
7,14,12,4
2,2,0,0
1,0,0,0
1,0,0,0
1,0,0,0
1,0,0,0
1,0,0,0
1,0,0,0
2,2,0,0
4,12,12,4
4,12,12,4
4,12,12,4
4,12,12,4
1,0,0,0
1,0,0,0
3,6,3,0
3,6,3,0
7,8,3,0
5,8,3,0
3,6,3,0
2,2,0,0
2,2,0,0
2,2,0,0
2,2,0,0
2,2,0,0
4,6,3,0
3,2,0,0
3,6,3,0
2,2,0,0
9,36,36,8
6,18,15,4
1,0,0,0
2,2,0,0
2,2,0,0
1,0,0,0
1,0,0,0
3,6,3,0
3,6,3,0
2,2,0,0
4,8,3,0
2,2,0,0
1,0,0,0
2,0,0,0
1,0,0,0
18,32,18,4
5,8,3,0
1,0,0,0
2,2,0,0
2,2,0,0
5,2,0,0
1,0,0,0
5,4,0,0
1,0,0,0
7,8,3,0
1,0,0,0
2,2,0,0
2,2,0,0
2,2,0,0
7,10,0,0
2,2,0,0
2,2,0,0
4,2,0,0
3,2,0,0
1,0,0,0
3,6,3,0
3,6,3,0
4,12,12,4
4,12,12,4
2,2,0,0
2,2,0,0
1,0,0,0
1,0,0,0
3,2,0,0
2,2,0,0
6,14,12,4
1,0,0,0
3,6,3,0
10,34,36,12
2,2,0,0
6,10,3,0
2,2,0,0
3,2,0,0
2,2,0,0
1,0,0,0
1,0,0,0
1,0,0,0
3,2,0,0
6,6,0,0
1,0,0,0
4,2,0,0
1,0,0,0
5,8,3,0
3,2,0,0
4,8,3,0
7,10,3,0
1,0,0,0
1,0,0,0
3,6,3,0
3,6,3,0
2,2,0,0
1,0,0,0
4,2,0,0
2,2,0,0
3,4,0,0
2,2,0,0
2,2,0,0
2,2,0,0
1,0,0,0
2,2,0,0
1,0,0,0
3,2,0,0
1,0,0,0
2,2,0,0
2,2,0,0
8,56,168,280
8,56,168,280
8,56,168,280
8,56,168,280
8,56,168,280
8,56,168,280
8,56,168,280
6,8,3,0
3,6,3,0
4,6,3,0
2,2,0,0
4,2,0,0
2,2,0,0
2,2,0,0
2,2,0,0
5,8,3,0
3,6,3,0
3,6,3,0
2,2,0,0
2,2,0,0
5,8,3,0
1,0,0,0
12,26,18,4
4,12,12,4
13,28,18,4
1,0,0,0
1,0,0,0
3,4,0,0
2,2,0,0
3,4,0,0
9,44,105,140
7,42,105,140
8,52,135,180
8,52,135,180
1,0,0,0
1,0,0,0
7,6,0,0
2,2,0,0
1,0,0,0
6,14,6,0
2,2,0,0
5,12,6,0
2,2,0,0
6,14,12,4
2,2,0,0
1,0,0,0
4,4,0,0
1,0,0,0
1,0,0,0
4,4,0,0
1,0,0,0
1,0,0,0
2,2,0,0
1,0,0,0
6,2,0,0
1,0,0,0
1,0,0,0
2,2,0,0
1,0,0,0
2,2,0,0
3,6,3,0
2,2,0,0
2,2,0,0
1,0,0,0
3,6,3,0
4,10,6,0
1,0,0,0
5,12,6,0
2,2,0,0
7,16,6,0
3,6,3,0
2,2,0,0
2,2,0,0
2,2,0,0
2,2,0,0
1,0,0,0
1,0,0,0
1,0,0,0
1,0,0,0
1,0,0,0
2,0,0,0
3,2,0,0
4,4,0,0
2,0,0,0
1,0,0,0
3,4,0,0
3,2,0,0
1,0,0,0
5,12,12,4
6,12,12,4
1,0,0,0
12,48,69,44
1,0,0,0
2,2,0,0
7,12,3,0
3,6,3,0
2,2,0,0
7,12,3,0
2,2,0,0
2,2,0,0
2,2,0,0
3,2,0,0
3,4,0,0
6,2,0,0
4,0,0,0
4,6,3,0
1,0,0,0
3,6,3,0
1,0,0,0
3,2,0,0
3,2,0,0
5,6,3,0
3,2,0,0
2,2,0,0
8,10,3,0
5,4,0,0
1,0,0,0
1,0,0,0
1,0,0,0
6,6,0,0
3,6,3,0
2,2,0,0
3,6,3,0
7,8,3,0
2,2,0,0
1,0,0,0
1,0,0,0
1,0,0,0
2,0,0,0
1,0,0,0
2,0,0,0
4,12,12,4
8,20,15,4
5,14,12,4
5,16,15,4
9,30,21,4
2,2,0,0
3,4,0,0
2,2,0,0
7,18,9,0
5,8,3,0
3,6,3,0
3,6,3,0
2,0,0,0
2,2,0,0
3,6,3,0
1,0,0,0
11,24,9,0
1,0,0,0
3,6,3,0
3,2,0,0
2,2,0,0
2,2,0,0
1,0,0,0
1,0,0,0
1,0,0,0
1,0,0,0
3,2,0,0
2,2,0,0
3,6,3,0
1,0,0,0
1,0,0,0
1,0,0,0
2,2,0,0
2,2,0,0
1,0,0,0
8,8,0,0
4,0,0,0
4,4,0,0
2,2,0,0
2,2,0,0
2,2,0,0
2,2,0,0
2,2,0,0
1,0,0,0
5,20,30,20
5,20,30,20
7,30,42,24
6,20,30,20
1,0,0,0
5,8,3,0
12,12,0,0
6,6,0,0
8,18,15,4
4,12,12,4
2,2,0,0
7,20,12,0
5,8,3,0
6,12,6,0
4,6,3,0
4,8,3,0
3,2,0,0
9,22,12,0
3,4,0,0
9,16,3,0
2,2,0,0
3,6,3,0
3,6,3,0
3,6,3,0
1,0,0,0
5,6,3,0
3,6,3,0
3,6,3,0
3,6,3,0
3,6,3,0
5,12,6,0
3,6,3,0
3,6,3,0
3,6,3,0
13,38,27,4
1,0,0,0
1,0,0,0
3,6,3,0
5,14,12,4
12,40,45,24
9,34,51,36
3,6,3,0
3,6,3,0
4,6,3,0
3,2,0,0
1,0,0,0
2,0,0,0
2,2,0,0
2,2,0,0
3,4,0,0
2,2,0,0
2,2,0,0
3,6,3,0
3,6,3,0
2,0,0,0
1,0,0,0
1,0,0,0
2,0,0,0
2,2,0,0
1,0,0,0
1,0,0,0
2,2,0,0
1,0,0,0
1,0,0,0
2,2,0,0
2,2,0,0
2,2,0,0
2,2,0,0
1,0,0,0
5,6,0,0
2,2,0,0
3,4,0,0
2,2,0,0
4,6,0,0
3,4,0,0
4,4,0,0
3,4,0,0
2,2,0,0
2,2,0,0
2,2,0,0
5,12,12,4
3,4,0,0
2,2,0,0
1,0,0,0
1,0,0,0
1,0,0,0
1,0,0,0
1,0,0,0
5,10,3,0
6,14,6,0
5,14,9,0
8,18,9,0
4,10,6,0
7,20,12,0
13,30,15,0
3,6,3,0
2,0,0,0
3,6,3,0
5,8,3,0
3,6,3,0
3,6,3,0
4,6,3,0
3,6,3,0
5,10,3,0
3,6,3,0
1,0,0,0
2,0,0,0
1,0,0,0
4,2,0,0
3,4,0,0
1,0,0,0
7,22,24,8
2,2,0,0
10,18,9,0
5,8,3,0
7,22,21,8
4,12,12,4
4,12,12,4
4,12,12,4
4,12,12,4
4,12,12,4
4,12,12,4
4,0,0,0
4,4,0,0
2,2,0,0
4,6,3,0
3,6,3,0
3,6,3,0
2,2,0,0
3,2,0,0
2,2,0,0
4,2,0,0
2,2,0,0
1,0,0,0
3,2,0,0
1,0,0,0
2,2,0,0
2,2,0,0
2,2,0,0
2,2,0,0
4,4,0,0
2,2,0,0
5,14,12,4
6,12,12,4
7,18,12,4
5,12,12,4
3,6,3,0
2,2,0,0
1,0,0,0
3,4,0,0
1,0,0,0
4,8,3,0
4,8,3,0
2,2,0,0
4,4,0,0
8,12,3,0
4,4,0,0
3,6,3,0
2,2,0,0
1,0,0,0
5,8,3,0
4,8,3,0
4,6,3,0
3,6,3,0
3,2,0,0
1,0,0,0
2,2,0,0
5,8,3,0
4,8,3,0
2,2,0,0
1,0,0,0
2,2,0,0
1,0,0,0
1,0,0,0
2,2,0,0
4,6,3,0
2,0,0,0
1,0,0,0
2,2,0,0
2,2,0,0
3,2,0,0
2,2,0,0
2,2,0,0
1,0,0,0
3,2,0,0
2,2,0,0
4,8,3,0
2,2,0,0
2,2,0,0
13,32,15,0
2,2,0,0
3,6,3,0
3,6,3,0
3,6,3,0
3,6,3,0
3,6,3,0
2,0,0,0
3,2,0,0
1,0,0,0
2,2,0,0
2,2,0,0
3,2,0,0
2,2,0,0
3,6,3,0
4,8,3,0
3,6,3,0
2,2,0,0
2,0,0,0
5,6,3,0
3,6,3,0
2,2,0,0
4,6,3,0
3,6,3,0
3,6,3,0
5,8,3,0
6,14,12,4
2,2,0,0
8,20,12,0
4,12,12,4
11,34,42,24
4,12,12,4
3,6,3,0
3,6,3,0
1,0,0,0
1,0,0,0
1,0,0,0
2,2,0,0
3,4,0,0
1,0,0,0
1,0,0,0
6,16,9,0
6,12,6,0
2,2,0,0
2,2,0,0
1,0,0,0
4,2,0,0
2,2,0,0
2,2,0,0
13,12,0,0
5,8,0,0
3,6,3,0
1,0,0,0
2,2,0,0
4,4,0,0
1,0,0,0
3,2,0,0
2,2,0,0
1,0,0,0
1,0,0,0
2,0,0,0
1,0,0,0
1,0,0,0
2,0,0,0
1,0,0,0
1,0,0,0
2,2,0,0
1,0,0,0
2,2,0,0
2,2,0,0
6,10,3,0
7,6,0,0
1,0,0,0
2,2,0,0
2,2,0,0
2,0,0,0
1,0,0,0
2,2,0,0
1,0,0,0
2,2,0,0
3,0,0,0
2,0,0,0
3,2,0,0
1,0,0,0
2,2,0,0
2,2,0,0
2,0,0,0
1,0,0,0
1,0,0,0
5,20,30,20
2,2,0,0
9,34,42,24
2,2,0,0
5,8,3,0
6,24,33,20
3,6,3,0
1,0,0,0
1,0,0,0
1,0,0,0
2,2,0,0
1,0,0,0
4,4,0,0
2,2,0,0
6,12,3,0
3,6,3,0
3,6,3,0
1,0,0,0
3,6,3,0
16,36,15,0
3,6,3,0
3,6,3,0
5,14,9,0
2,2,0,0
1,0,0,0
1,0,0,0
3,4,0,0
8,14,12,4
2,0,0,0
7,18,15,4
3,6,3,0
1,0,0,0
10,16,6,0
6,16,12,4
3,2,0,0
7,22,18,4
2,2,0,0
7,2,0,0
6,16,12,4
2,2,0,0
1,0,0,0
1,0,0,0
2,2,0,0
3,6,3,0
2,2,0,0
3,2,0,0
6,14,12,4
2,2,0,0
2,2,0,0
1,0,0,0
1,0,0,0
4,8,3,0
6,18,15,4
8,8,0,0
1,0,0,0
1,0,0,0
2,0,0,0
1,0,0,0
5,0,0,0
4,2,0,0
2,2,0,0
1,0,0,0
1,0,0,0
2,2,0,0
1,0,0,0
3,2,0,0
2,2,0,0
2,2,0,0
2,0,0,0
2,2,0,0
2,0,0,0
4,2,0,0
2,2,0,0
1,0,0,0
1,0,0,0
1,0,0,0
2,2,0,0
2,2,0,0
1,0,0,0
1,0,0,0
1,0,0,0
4,12,12,4
2,0,0,0
3,6,3,0
4,8,3,0
1,0,0,0
2,2,0,0
2,0,0,0
1,0,0,0
3,6,3,0
3,6,3,0
3,6,3,0
3,6,3,0
2,2,0,0
2,2,0,0
4,4,0,0
2,2,0,0
2,2,0,0
2,2,0,0
2,2,0,0
3,4,0,0
1,0,0,0
1,0,0,0
2,2,0,0
2,2,0,0
1,0,0,0
2,2,0,0
4,4,0,0
2,0,0,0
2,2,0,0
6,16,12,4
2,2,0,0
4,12,12,4
4,12,12,4
1,0,0,0
1,0,0,0
1,0,0,0
9,18,9,0
5,8,3,0
1,0,0,0
15,32,15,0
5,8,3,0
3,6,3,0
1,0,0,0
1,0,0,0
1,0,0,0
2,2,0,0
2,2,0,0
1,0,0,0
5,2,0,0
1,0,0,0
8,10,3,0
2,2,0,0
3,4,0,0
2,2,0,0
2,2,0,0
1,0,0,0
1,0,0,0
5,6,0,0
2,2,0,0
2,2,0,0
2,0,0,0
1,0,0,0
1,0,0,0
3,2,0,0
2,2,0,0
1,0,0,0
2,2,0,0
1,0,0,0
3,6,3,0
7,8,3,0
5,14,9,0
3,6,3,0
1,0,0,0
1,0,0,0
3,2,0,0
2,2,0,0
1,0,0,0
3,6,3,0
6,12,6,0
2,2,0,0
5,8,3,0
3,2,0,0
2,2,0,0
2,2,0,0
1,0,0,0
1,0,0,0
3,2,0,0
5,20,30,20
5,20,30,20
3,2,0,0
1,0,0,0
2,2,0,0
2,2,0,0
1,0,0,0
2,2,0,0
4,4,0,0
2,2,0,0
5,8,3,0
2,2,0,0
1,0,0,0
1,0,0,0
1,0,0,0
2,2,0,0
1,0,0,0
3,2,0,0
2,2,0,0
2,2,0,0
1,0,0,0
4,2,0,0
4,12,12,4
4,12,12,4
2,0,0,0
1,0,0,0
1,0,0,0
1,0,0,0
4,2,0,0
3,6,3,0
2,2,0,0
5,2,0,0
1,0,0,0
2,2,0,0
1,0,0,0
1,0,0,0
1,0,0,0
1,0,0,0
5,10,3,0
6,18,15,4
4,10,6,0
6,16,9,0
3,6,3,0
4,10,6,0
4,10,6,0
3,6,3,0
4,6,3,0
3,6,3,0
2,2,0,0
6,12,6,0
2,2,0,0
2,2,0,0
4,8,3,0
2,2,0,0
3,6,3,0
1,0,0,0
2,2,0,0
4,4,0,0
1,0,0,0
2,0,0,0
1,0,0,0
2,2,0,0
2,2,0,0
1,0,0,0
1,0,0,0
1,0,0,0
4,2,0,0
1,0,0,0
1,0,0,0
1,0,0,0
1,0,0,0
4,2,0,0
2,2,0,0
2,2,0,0
2,0,0,0
3,6,3,0
1,0,0,0
2,2,0,0
2,2,0,0
1,0,0,0
8,14,6,0
6,14,6,0
4,6,3,0
1,0,0,0
3,6,3,0
3,6,3,0
3,6,3,0
2,0,0,0
2,0,0,0
1,0,0,0
5,4,0,0
4,6,3,0
4,8,3,0
4,8,3,0
1,0,0,0
1,0,0,0
1,0,0,0
1,0,0,0
1,0,0,0
5,6,0,0
4,8,3,0
3,0,0,0
3,4,0,0
5,8,3,0
1,0,0,0
2,0,0,0
2,0,0,0
1,0,0,0
1,0,0,0
3,6,3,0
5,8,3,0
1,0,0,0
1,0,0,0
3,6,3,0
10,28,24,8
2,2,0,0
3,4,0,0
2,2,0,0
1,0,0,0
2,2,0,0
4,4,0,0
4,4,0,0
4,10,6,0
2,2,0,0
5,8,3,0
3,6,3,0
4,6,3,0
7,22,30,20
2,2,0,0
5,20,30,20
5,20,30,20
5,20,30,20
3,4,0,0
1,0,0,0
2,2,0,0
2,2,0,0
2,2,0,0
2,0,0,0
4,6,3,0
4,2,0,0
2,2,0,0
1,0,0,0
9,56,168,280
8,56,168,280
9,56,168,280
8,56,168,280
8,56,168,280
8,56,168,280
8,56,168,280
1,0,0,0
2,0,0,0
2,2,0,0
2,2,0,0
5,6,0,0
2,2,0,0
3,2,0,0
2,2,0,0
1,0,0,0
2,2,0,0
4,2,0,0
2,2,0,0
1,0,0,0
1,0,0,0
1,0,0,0
2,2,0,0
2,2,0,0
2,2,0,0
2,2,0,0
1,0,0,0
3,2,0,0
1,0,0,0
2,2,0,0
3,2,0,0
7,14,6,0
1,0,0,0
1,0,0,0
1,0,0,0
1,0,0,0
1,0,0,0
1,0,0,0
3,6,3,0
3,6,3,0
3,6,3,0
5,2,0,0
4,8,3,0
2,2,0,0
2,2,0,0
4,4,0,0
2,2,0,0
1,0,0,0
1,0,0,0
3,2,0,0
2,2,0,0
5,10,3,0
1,0,0,0
5,4,0,0
2,2,0,0
1,0,0,0
1,0,0,0
3,4,0,0
2,2,0,0
1,0,0,0
4,8,3,0
2,2,0,0
2,2,0,0
2,2,0,0
2,2,0,0
2,2,0,0
1,0,0,0
1,0,0,0
2,0,0,0
1,0,0,0
1,0,0,0
1,0,0,0
2,2,0,0
2,0,0,0
1,0,0,0
2,2,0,0
2,2,0,0
2,2,0,0
2,2,0,0
7,12,3,0
4,8,3,0
3,6,3,0
3,6,3,0
2,2,0,0
3,4,0,0
2,2,0,0
2,2,0,0
5,4,0,0
3,4,0,0
4,4,0,0
1,0,0,0
4,4,0,0
5,2,0,0
1,0,0,0
2,2,0,0
4,6,3,0
3,6,3,0
3,6,3,0
3,6,3,0
1,0,0,0
4,12,12,4
8,32,36,12
4,12,12,4
11,38,39,12
5,18,21,8
7,8,3,0
4,12,12,4
5,10,3,0
5,8,3,0
3,6,3,0
3,6,3,0
2,2,0,0
3,2,0,0
3,2,0,0
1,0,0,0
1,0,0,0
2,2,0,0
1,0,0,0
2,2,0,0
1,0,0,0
3,2,0,0
3,2,0,0
2,0,0,0
8,2,0,0
1,0,0,0
1,0,0,0
3,0,0,0
1,0,0,0
1,0,0,0
1,0,0,0
1,0,0,0
1,0,0,0
3,2,0,0
1,0,0,0
1,0,0,0
4,4,0,0
1,0,0,0
4,2,0,0
1,0,0,0
2,2,0,0
2,2,0,0
2,2,0,0
3,2,0,0
5,6,3,0
1,0,0,0
2,2,0,0
2,2,0,0
2,0,0,0
3,6,3,0
4,4,0,0
4,6,3,0
11,54,117,144
1,0,0,0
4,2,0,0
4,2,0,0
1,0,0,0
1,0,0,0
3,6,3,0
3,6,3,0
3,6,3,0
4,6,3,0
1,0,0,0
2,0,0,0
6,4,0,0
2,2,0,0
1,0,0,0
6,18,15,4
2,2,0,0
5,10,6,0
1,0,0,0
2,2,0,0
4,4,0,0
2,2,0,0
2,2,0,0
2,2,0,0
2,2,0,0
2,2,0,0
8,32,42,24
5,20,30,20
5,20,30,20
4,12,12,4
10,34,42,24
4,12,12,4
4,12,12,4
5,20,30,20
2,2,0,0
2,2,0,0
2,2,0,0
2,2,0,0
2,2,0,0
2,2,0,0
2,2,0,0
1,0,0,0
2,2,0,0
1,0,0,0
4,6,3,0
1,0,0,0
3,6,3,0
2,2,0,0
3,6,3,0
1,0,0,0
1,0,0,0
3,6,3,0
3,6,3,0
5,6,3,0
1,0,0,0
3,6,3,0
1,0,0,0
7,16,9,0
2,2,0,0
2,2,0,0
1,0,0,0
2,2,0,0
2,2,0,0
2,2,0,0
3,6,3,0
3,6,3,0
3,6,3,0
3,6,3,0
1,0,0,0
1,0,0,0
1,0,0,0
1,0,0,0
10,32,24,4
4,8,3,0
1,0,0,0
1,0,0,0
1,0,0,0
2,2,0,0
2,2,0,0
2,2,0,0
3,2,0,0
1,0,0,0
6,4,0,0
1,0,0,0
6,10,3,0
3,6,3,0
4,8,3,0
2,2,0,0
1,0,0,0
1,0,0,0
1,0,0,0
1,0,0,0
2,2,0,0
4,8,3,0
7,14,6,0
3,6,3,0
3,6,3,0
3,6,3,0
3,6,3,0
3,6,3,0
4,2,0,0
4,10,6,0
5,8,3,0
6,10,3,0
2,2,0,0
4,8,3,0
4,10,6,0
6,16,15,4
2,2,0,0
5,16,15,4
4,12,12,4
3,6,3,0
1,0,0,0
1,0,0,0
1,0,0,0
2,2,0,0
2,2,0,0
4,8,3,0
2,2,0,0
1,0,0,0
4,8,3,0
2,2,0,0
1,0,0,0
1,0,0,0
1,0,0,0
1,0,0,0
1,0,0,0
2,2,0,0
2,2,0,0
3,2,0,0
1,0,0,0
1,0,0,0
2,0,0,0
4,0,0,0
8,56,168,280
8,56,168,280
9,56,168,280
8,56,168,280
8,56,168,280
8,56,168,280
8,56,168,280
8,56,168,280
8,56,168,280
2,0,0,0
1,0,0,0
4,12,12,4
4,12,12,4
4,12,12,4
4,12,12,4
4,12,12,4
1,0,0,0
1,0,0,0
2,2,0,0
2,2,0,0
2,2,0,0
2,2,0,0
1,0,0,0
1,0,0,0
1,0,0,0
1,0,0,0
2,0,0,0
2,2,0,0
2,2,0,0
1,0,0,0
1,0,0,0
3,6,3,0
2,2,0,0
3,6,3,0
2,2,0,0
1,0,0,0
1,0,0,0
1,0,0,0
1,0,0,0
3,6,3,0
1,0,0,0
6,8,3,0
5,8,3,0
3,2,0,0
5,6,0,0
1,0,0,0
3,4,0,0
3,6,3,0
1,0,0,0
4,6,3,0
2,2,0,0
2,2,0,0
3,0,0,0
4,2,0,0
4,4,0,0
2,2,0,0
1,0,0,0
1,0,0,0
3,4,0,0
10,20,6,0
1,0,0,0
1,0,0,0
1,0,0,0
2,2,0,0
2,2,0,0
2,2,0,0
10,12,3,0
4,6,0,0
2,2,0,0
3,6,3,0
1,0,0,0
1,0,0,0
3,6,3,0
3,6,3,0
1,0,0,0
4,4,0,0
1,0,0,0
4,2,0,0
2,2,0,0
2,2,0,0
2,0,0,0
1,0,0,0
7,6,0,0
2,2,0,0
2,2,0,0
3,4,0,0
2,2,0,0
2,2,0,0
7,8,3,0
1,0,0,0
1,0,0,0
4,4,0,0
2,2,0,0
1,0,0,0
5,10,3,0
1,0,0,0
5,8,3,0
2,2,0,0
3,2,0,0
1,0,0,0
1,0,0,0
6,16,9,0
4,10,6,0
1,0,0,0
5,14,12,4
3,0,0,0
1,0,0,0
1,0,0,0
2,0,0,0
1,0,0,0
1,0,0,0
3,6,3,0
2,2,0,0
3,2,0,0
4,6,0,0
5,6,3,0
2,2,0,0
3,6,3,0
1,0,0,0
1,0,0,0
4,4,0,0
3,6,3,0
3,6,3,0
4,8,3,0
3,6,3,0
4,10,6,0
3,2,0,0
1,0,0,0
2,2,0,0
2,0,0,0
4,6,3,0
1,0,0,0
3,6,3,0
1,0,0,0
5,12,12,4
4,6,3,0
2,0,0,0
1,0,0,0
1,0,0,0
4,12,12,4
4,12,12,4
2,2,0,0
3,2,0,0
3,6,3,0
3,6,3,0
2,2,0,0
2,2,0,0
2,2,0,0
2,2,0,0
2,2,0,0
2,2,0,0
2,2,0,0
2,2,0,0
3,6,3,0
3,6,3,0
2,2,0,0
3,0,0,0
1,0,0,0
1,0,0,0
1,0,0,0
1,0,0,0
2,2,0,0
2,2,0,0
10,28,33,20
3,6,3,0
8,26,33,20
1,0,0,0
6,20,30,20
5,20,30,20
5,20,30,20
5,12,6,0
4,12,12,4
3,6,3,0
1,0,0,0
6,8,3,0
1,0,0,0
2,2,0,0
2,2,0,0
2,2,0,0
2,2,0,0
2,2,0,0
3,2,0,0
1,0,0,0
2,2,0,0
1,0,0,0
5,2,0,0
5,20,30,20
5,20,30,20
2,2,0,0
5,20,30,20
6,12,6,0
5,12,6,0
3,6,3,0
3,6,3,0
3,6,3,0
3,6,3,0
1,0,0,0
2,2,0,0
2,2,0,0
1,0,0,0
1,0,0,0
1,0,0,0
2,2,0,0
4,4,0,0
2,2,0,0
7,22,30,20
1,0,0,0
7,14,6,0
1,0,0,0
5,12,6,0
5,8,3,0
4,6,0,0
3,4,0,0
2,2,0,0
2,2,0,0
1,0,0,0
1,0,0,0
1,0,0,0
1,0,0,0
2,2,0,0
2,2,0,0
1,0,0,0
3,6,3,0
2,2,0,0
2,2,0,0
1,0,0,0
1,0,0,0
1,0,0,0
3,2,0,0
1,0,0,0
1,0,0,0
1,0,0,0
1,0,0,0
1,0,0,0
1,0,0,0
4,6,3,0
3,6,3,0
3,6,3,0
6,8,3,0
1,0,0,0
1,0,0,0
3,0,0,0
1,0,0,0
1,0,0,0
1,0,0,0
3,6,3,0
2,2,0,0
1,0,0,0
3,6,3,0
5,14,12,4
4,12,12,4
6,18,15,4
7,18,15,4
3,6,3,0
3,6,3,0
4,12,12,4
4,12,12,4
1,0,0,0
4,12,12,4
4,12,12,4
1,0,0,0
5,6,0,0
2,2,0,0
3,2,0,0
4,8,3,0
3,6,3,0
3,6,3,0
2,2,0,0
3,4,0,0
2,2,0,0
2,2,0,0
3,0,0,0
1,0,0,0
1,0,0,0
2,2,0,0
1,0,0,0
2,2,0,0
2,2,0,0
4,4,0,0
5,4,0,0
2,2,0,0
2,2,0,0
6,30,60,60
3,4,0,0
1,0,0,0
1,0,0,0
1,0,0,0
2,0,0,0
2,0,0,0
7,4,0,0
2,2,0,0
1,0,0,0
1,0,0,0
5,2,0,0
1,0,0,0
3,2,0,0
1,0,0,0
2,2,0,0
1,0,0,0
2,2,0,0
2,2,0,0
3,6,3,0
4,4,0,0
3,6,3,0
1,0,0,0
3,2,0,0
1,0,0,0
3,2,0,0
1,0,0,0
1,0,0,0
1,0,0,0
2,2,0,0
3,6,3,0
3,6,3,0
2,0,0,0
3,6,3,0
5,2,0,0
1,0,0,0
5,12,12,4
4,12,12,4
4,12,12,4
4,12,12,4
1,0,0,0
1,0,0,0
1,0,0,0
5,20,30,20
13,40,45,24
6,20,30,20
5,20,30,20
1,0,0,0
2,2,0,0
2,2,0,0
9,14,12,4
4,12,12,4
2,2,0,0
2,2,0,0
1,0,0,0
3,4,0,0
2,2,0,0
2,2,0,0
5,6,0,0
2,2,0,0
2,2,0,0
1,0,0,0
2,0,0,0
1,0,0,0
1,0,0,0
4,6,3,0
1,0,0,0
2,2,0,0
2,2,0,0
3,4,0,0
2,2,0,0
3,2,0,0
5,8,3,0
1,0,0,0
1,0,0,0
3,6,3,0
3,2,0,0
1,0,0,0
1,0,0,0
1,0,0,0
3,2,0,0
2,2,0,0
4,4,0,0
1,0,0,0
3,2,0,0
2,2,0,0
2,0,0,0
1,0,0,0
1,0,0,0
3,2,0,0
5,20,30,20
7,26,33,20
8,28,33,20
4,4,0,0
5,20,30,20
8,40,66,44
8,22,18,4
5,16,15,4
3,6,3,0
4,12,12,4
1,0,0,0
2,0,0,0
1,0,0,0
1,0,0,0
5,4,0,0
1,0,0,0
2,0,0,0
1,0,0,0
1,0,0,0
1,0,0,0
4,10,6,0
6,16,9,0
4,8,3,0
4,10,6,0
2,2,0,0
1,0,0,0
2,2,0,0
2,2,0,0
3,2,0,0
3,2,0,0
2,2,0,0
2,2,0,0
1,0,0,0
1,0,0,0
1,0,0,0
1,0,0,0
1,0,0,0
2,2,0,0
2,2,0,0
5,6,0,0
4,4,0,0
2,2,0,0
2,2,0,0
2,2,0,0
2,2,0,0
1,0,0,0
1,0,0,0
1,0,0,0
1,0,0,0
2,2,0,0
2,2,0,0
2,2,0,0
2,2,0,0
2,2,0,0
2,2,0,0
2,2,0,0
2,2,0,0
2,2,0,0
5,6,0,0
2,2,0,0
2,2,0,0
4,4,0,0
1,0,0,0
3,4,0,0
2,2,0,0
1,0,0,0
1,0,0,0
1,0,0,0
1,0,0,0
2,0,0,0
1,0,0,0
2,0,0,0
4,6,3,0
3,6,3,0
3,6,3,0
3,6,3,0
3,6,3,0
2,2,0,0
4,12,12,4
1,0,0,0
3,6,3,0
7,18,15,4
4,12,12,4
5,8,3,0
5,14,12,4
2,2,0,0
2,2,0,0
2,2,0,0
3,6,3,0
3,6,3,0
2,2,0,0
2,2,0,0
11,10,3,0
2,2,0,0
1,0,0,0
1,0,0,0
1,0,0,0
3,6,3,0
3,6,3,0
3,6,3,0
2,2,0,0
2,2,0,0
1,0,0,0
1,0,0,0
4,2,0,0
1,0,0,0
1,0,0,0
1,0,0,0
1,0,0,0
3,2,0,0
3,4,0,0
2,2,0,0
2,2,0,0
2,2,0,0
1,0,0,0
2,2,0,0
1,0,0,0
1,0,0,0
1,0,0,0
3,2,0,0
1,0,0,0
1,0,0,0
1,0,0,0
5,8,3,0
3,6,3,0
4,8,3,0
3,0,0,0
1,0,0,0
2,2,0,0
2,2,0,0
2,2,0,0
2,2,0,0
3,2,0,0
2,2,0,0
2,2,0,0
7,32,60,60
6,30,60,60
11,46,105,140
2,2,0,0
1,0,0,0
1,0,0,0
2,2,0,0
3,4,0,0
4,6,0,0
1,0,0,0
1,0,0,0
1,0,0,0
1,0,0,0
1,0,0,0
1,0,0,0
1,0,0,0
1,0,0,0
2,2,0,0
2,2,0,0
1,0,0,0
1,0,0,0
1,0,0,0
2,2,0,0
2,2,0,0
5,12,6,0
4,8,3,0
4,8,3,0
4,6,3,0
3,6,3,0
3,6,3,0
1,0,0,0
1,0,0,0
3,6,3,0
2,2,0,0
3,6,3,0
3,6,3,0
5,8,3,0
2,2,0,0
3,6,3,0
3,0,0,0
1,0,0,0
17,44,105,140
2,2,0,0
1,0,0,0
2,2,0,0
1,0,0,0
4,4,0,0
2,2,0,0
2,2,0,0
2,2,0,0
2,2,0,0
4,12,12,4
5,12,12,4
4,12,12,4
2,2,0,0
1,0,0,0
3,2,0,0
1,0,0,0
2,2,0,0
2,2,0,0
2,0,0,0
1,0,0,0
2,2,0,0
3,2,0,0
2,2,0,0
6,8,3,0
4,6,0,0
5,6,0,0
2,2,0,0
2,2,0,0
2,2,0,0
1,0,0,0
4,4,0,0
2,2,0,0
2,2,0,0
3,6,3,0
3,6,3,0
6,4,0,0
2,2,0,0
11,12,3,0
1,0,0,0
1,0,0,0
1,0,0,0
4,12,12,4
2,2,0,0
2,2,0,0
2,2,0,0
3,2,0,0
4,12,12,4
4,12,12,4
4,12,12,4
13,44,33,4
3,6,3,0
4,10,6,0
3,6,3,0
2,2,0,0
3,6,3,0
6,20,30,20
5,20,30,20
1,0,0,0
1,0,0,0
1,0,0,0
2,0,0,0
1,0,0,0
2,2,0,0
2,0,0,0
2,2,0,0
3,2,0,0
1,0,0,0
1,0,0,0
7,8,0,0
3,6,3,0
4,8,3,0
3,6,3,0
2,2,0,0
3,2,0,0
1,0,0,0
3,6,3,0
1,0,0,0
2,2,0,0
1,0,0,0
2,2,0,0
2,2,0,0
2,2,0,0
1,0,0,0
1,0,0,0
1,0,0,0
3,0,0,0
1,0,0,0
1,0,0,0
6,20,30,20
10,40,48,24
4,12,12,4
5,20,30,20
5,12,12,4
5,20,30,20
9,36,45,24
1,0,0,0
4,10,6,0
4,10,6,0
2,2,0,0
1,0,0,0
7,18,15,4
4,12,12,4
4,12,12,4
7,22,24,8
4,12,12,4
6,22,24,8
4,12,12,4
1,0,0,0
4,8,3,0
1,0,0,0
2,0,0,0
1,0,0,0
1,0,0,0
3,6,3,0
3,6,3,0
2,0,0,0
2,2,0,0
2,2,0,0
1,0,0,0
2,2,0,0
2,2,0,0
4,8,3,0
3,6,3,0
3,4,0,0
7,12,3,0
3,6,3,0
2,2,0,0
2,2,0,0
5,4,0,0
1,0,0,0
1,0,0,0
1,0,0,0
2,0,0,0
1,0,0,0
4,12,12,4
4,12,12,4
4,12,12,4
1,0,0,0
1,0,0,0
1,0,0,0
1,0,0,0
2,2,0,0
2,2,0,0
2,2,0,0
1,0,0,0
2,2,0,0
1,0,0,0
3,6,3,0
2,2,0,0
2,0,0,0
1,0,0,0
6,16,12,4
6,16,15,4
2,2,0,0
3,4,0,0
2,2,0,0
2,2,0,0
2,2,0,0
5,8,3,0
2,2,0,0
1,0,0,0
1,0,0,0
2,2,0,0
3,6,3,0
3,6,3,0
3,6,3,0
3,6,3,0
1,0,0,0
1,0,0,0
3,6,3,0
4,6,3,0
3,6,3,0
1,0,0,0
5,2,0,0
8,8,0,0
1,0,0,0
1,0,0,0
7,18,15,4
2,2,0,0
2,2,0,0
1,0,0,0
2,2,0,0
2,2,0,0
4,12,12,4
5,12,12,4
4,12,12,4
4,12,12,4
1,0,0,0
1,0,0,0
5,20,30,20
5,20,30,20
5,20,30,20
5,20,30,20
5,20,30,20
1,0,0,0
4,2,0,0
1,0,0,0
1,0,0,0
3,2,0,0
2,2,0,0
2,2,0,0
1,0,0,0
1,0,0,0
4,8,3,0
3,6,3,0
3,6,3,0
2,0,0,0
1,0,0,0
1,0,0,0
2,2,0,0
2,2,0,0
1,0,0,0
1,0,0,0
1,0,0,0
3,6,3,0
3,6,3,0
3,6,3,0
2,2,0,0
2,2,0,0
2,2,0,0
2,2,0,0
2,2,0,0
1,0,0,0
2,2,0,0
5,12,6,0
3,6,3,0
3,6,3,0
2,2,0,0
1,0,0,0
1,0,0,0
2,2,0,0
3,4,0,0
4,6,0,0
3,4,0,0
2,2,0,0
1,0,0,0
1,0,0,0
2,2,0,0
2,2,0,0
1,0,0,0
2,0,0,0
1,0,0,0
1,0,0,0
2,2,0,0
3,2,0,0
1,0,0,0
1,0,0,0
2,2,0,0
2,2,0,0
1,0,0,0
1,0,0,0
1,0,0,0
1,0,0,0
2,2,0,0
3,4,0,0
2,2,0,0
3,4,0,0
2,2,0,0
1,0,0,0
1,0,0,0
1,0,0,0
1,0,0,0
1,0,0,0
1,0,0,0
1,0,0,0
1,0,0,0
2,0,0,0
1,0,0,0
1,0,0,0
1,0,0,0
4,10,6,0
3,6,3,0
2,0,0,0
4,4,0,0
1,0,0,0
1,0,0,0
2,2,0,0
1,0,0,0
1,0,0,0
1,0,0,0
2,2,0,0
1,0,0,0
1,0,0,0
1,0,0,0
2,0,0,0
2,2,0,0
2,2,0,0
1,0,0,0
1,0,0,0
1,0,0,0
1,0,0,0
2,2,0,0
5,8,3,0
2,2,0,0
2,2,0,0
2,2,0,0
5,4,0,0
3,6,3,0
3,6,3,0
3,6,3,0
4,12,12,4
4,12,12,4
4,12,12,4
4,12,12,4
4,12,12,4
2,2,0,0
2,2,0,0
2,2,0,0
3,2,0,0
2,2,0,0
1,0,0,0
2,2,0,0
3,2,0,0
2,2,0,0
1,0,0,0
1,0,0,0
1,0,0,0
1,0,0,0
1,0,0,0
1,0,0,0
3,2,0,0
2,2,0,0
2,2,0,0
2,2,0,0
1,0,0,0
1,0,0,0
1,0,0,0
1,0,0,0
8,20,12,4
4,12,12,4
2,2,0,0
4,12,12,4
2,2,0,0
4,12,12,4
2,2,0,0
8,20,12,4
2,2,0,0
2,0,0,0
2,2,0,0
2,2,0,0
3,6,3,0
3,6,3,0
3,6,3,0
3,6,3,0
3,6,3,0
2,2,0,0
2,2,0,0
3,6,3,0
2,0,0,0
2,0,0,0
2,2,0,0
1,0,0,0
2,0,0,0
3,2,0,0
6,20,30,20
5,20,30,20
5,20,30,20
1,0,0,0
5,20,30,20
5,20,30,20
5,20,30,20
1,0,0,0
1,0,0,0
1,0,0,0
1,0,0,0
2,0,0,0
4,2,0,0
2,2,0,0
2,2,0,0
1,0,0,0
1,0,0,0
1,0,0,0
1,0,0,0
1,0,0,0
3,2,0,0
2,2,0,0
2,2,0,0
2,2,0,0
2,2,0,0
3,2,0,0
1,0,0,0
1,0,0,0
1,0,0,0
2,2,0,0
2,2,0,0
1,0,0,0
1,0,0,0
2,2,0,0
2,2,0,0
3,6,3,0
3,6,3,0
3,6,3,0
4,6,3,0
2,0,0,0
1,0,0,0
6,4,0,0
2,2,0,0
2,2,0,0
2,2,0,0
1,0,0,0
1,0,0,0
1,0,0,0
1,0,0,0
4,6,0,0
2,2,0,0
2,2,0,0
2,2,0,0
1,0,0,0
1,0,0,0
2,2,0,0
3,6,3,0
5,18,21,8
5,18,21,8
5,18,21,8
4,12,12,4
6,18,21,8
4,12,12,4
3,6,3,0
3,6,3,0
1,0,0,0
1,0,0,0
1,0,0,0
1,0,0,0
1,0,0,0
1,0,0,0
1,0,0,0
1,0,0,0
1,0,0,0
2,2,0,0
1,0,0,0
3,2,0,0
2,2,0,0
1,0,0,0
1,0,0,0
1,0,0,0
1,0,0,0
1,0,0,0
1,0,0,0
1,0,0,0
2,0,0,0
1,0,0,0
4,8,3,0
3,6,3,0
1,0,0,0
2,2,0,0
3,6,3,0
3,6,3,0
3,6,3,0
2,2,0,0
2,2,0,0
1,0,0,0
1,0,0,0
2,2,0,0
1,0,0,0
2,2,0,0
2,2,0,0
2,2,0,0
1,0,0,0
1,0,0,0
3,4,0,0
1,0,0,0
2,2,0,0
1,0,0,0
3,0,0,0
1,0,0,0
1,0,0,0
1,0,0,0
1,0,0,0
3,6,3,0
3,6,3,0
6,4,0,0
7,20,15,4
1,0,0,0
1,0,0,0
2,0,0,0
1,0,0,0
9,10,0,0
1,0,0,0
1,0,0,0
2,2,0,0
2,2,0,0
1,0,0,0
1,0,0,0
2,2,0,0
3,2,0,0
2,2,0,0
2,2,0,0
1,0,0,0
3,6,3,0
1,0,0,0
3,6,3,0
2,2,0,0
2,2,0,0
1,0,0,0
1,0,0,0
1,0,0,0
1,0,0,0
4,8,3,0
2,2,0,0
1,0,0,0
2,2,0,0
2,2,0,0
2,2,0,0
2,2,0,0
2,2,0,0
2,2,0,0
1,0,0,0
2,2,0,0
2,2,0,0
2,2,0,0
2,2,0,0
1,0,0,0
1,0,0,0
2,2,0,0
15,80,207,280
3,4,0,0
2,2,0,0
5,6,0,0
3,4,0,0
1,0,0,0
2,2,0,0
2,2,0,0
2,2,0,0
1,0,0,0
1,0,0,0
1,0,0,0
1,0,0,0
1,0,0,0
2,2,0,0
2,2,0,0
2,2,0,0
2,2,0,0
2,2,0,0
2,2,0,0
2,2,0,0
2,2,0,0
1,0,0,0
1,0,0,0
1,0,0,0
1,0,0,0
1,0,0,0
1,0,0,0
1,0,0,0
1,0,0,0
1,0,0,0
1,0,0,0
1,0,0,0
3,2,0,0
1,0,0,0
3,2,0,0
2,2,0,0
3,2,0,0
5,8,0,0
2,2,0,0
2,2,0,0
3,4,0,0
4,4,0,0
1,0,0,0
2,2,0,0
6,4,0,0
2,2,0,0
1,0,0,0
1,0,0,0
2,2,0,0
2,0,0,0
1,0,0,0
2,2,0,0
2,2,0,0
2,2,0,0
2,2,0,0
3,6,3,0
2,2,0,0
4,6,0,0
1,0,0,0
1,0,0,0
1,0,0,0
1,0,0,0
1,0,0,0
1,0,0,0
1,0,0,0
1,0,0,0
5,20,30,20
5,20,30,20
5,20,30,20
5,20,30,20
2,2,0,0
9,32,48,36
2,2,0,0
5,20,30,20
6,28,48,36
6,28,48,36
6,28,48,36
5,20,30,20
4,8,3,0
3,6,3,0
2,2,0,0
3,2,0,0
2,0,0,0
2,2,0,0
1,0,0,0
2,2,0,0
1,0,0,0
2,2,0,0
3,4,0,0
2,2,0,0
2,0,0,0
1,0,0,0
5,4,0,0
1,0,0,0
1,0,0,0
1,0,0,0
2,0,0,0
3,2,0,0
3,2,0,0
2,2,0,0
2,2,0,0
1,0,0,0
3,6,3,0
3,6,3,0
1,0,0,0
1,0,0,0
1,0,0,0
11,78,207,280
11,78,207,280
7,42,105,140
11,78,207,280
7,42,105,140
7,42,105,140
2,2,0,0
4,4,0,0
2,2,0,0
2,2,0,0
2,2,0,0
7,12,6,0
3,6,3,0
3,6,3,0
1,0,0,0
3,6,3,0
3,6,3,0
3,6,3,0
1,0,0,0
1,0,0,0
2,2,0,0
1,0,0,0
2,2,0,0
2,2,0,0
4,4,0,0
2,0,0,0
1,0,0,0
1,0,0,0
1,0,0,0
3,6,3,0
3,6,3,0
2,2,0,0
2,2,0,0
3,6,3,0
7,8,3,0
3,6,3,0
1,0,0,0
1,0,0,0
2,2,0,0
1,0,0,0
1,0,0,0
2,2,0,0
2,2,0,0
2,2,0,0
2,2,0,0
4,6,3,0
2,0,0,0
2,2,0,0
2,2,0,0
2,2,0,0
1,0,0,0
2,2,0,0
2,2,0,0
1,0,0,0
2,2,0,0
2,2,0,0
2,2,0,0
5,8,3,0
4,6,0,0
2,2,0,0
2,2,0,0
2,2,0,0
4,4,0,0
3,2,0,0
3,6,3,0
10,28,33,20
3,6,3,0
1,0,0,0
2,2,0,0
5,6,0,0
2,2,0,0
2,2,0,0
3,2,0,0
2,0,0,0
1,0,0,0
7,42,105,140
7,42,105,140
10,42,105,140
1,0,0,0
1,0,0,0
4,2,0,0
7,42,105,140
1,0,0,0
7,42,105,140
3,4,0,0
7,42,105,140
7,42,105,140
1,0,0,0
1,0,0,0
1,0,0,0
1,0,0,0
1,0,0,0
1,0,0,0
1,0,0,0
1,0,0,0
2,2,0,0
2,2,0,0
1,0,0,0
1,0,0,0
1,0,0,0
1,0,0,0
1,0,0,0
1,0,0,0
1,0,0,0
1,0,0,0
1,0,0,0
2,2,0,0
3,6,3,0
4,8,3,0
3,6,3,0
2,2,0,0
2,2,0,0
2,0,0,0
1,0,0,0
4,12,12,4
4,12,12,4
4,12,12,4
2,2,0,0
2,2,0,0
2,2,0,0
1,0,0,0
1,0,0,0
1,0,0,0
1,0,0,0
1,0,0,0
2,2,0,0
2,0,0,0
1,0,0,0
4,4,0,0
3,4,0,0
2,2,0,0
2,2,0,0
4,12,12,4
4,12,12,4
4,12,12,4
4,12,12,4
1,0,0,0
2,0,0,0
1,0,0,0
7,42,105,140
7,42,105,140
1,0,0,0
1,0,0,0
1,0,0,0
2,0,0,0
1,0,0,0
1,0,0,0
3,6,3,0
1,0,0,0
10,16,6,0
1,0,0,0
2,2,0,0
2,2,0,0
2,2,0,0
2,2,0,0
1,0,0,0
1,0,0,0
1,0,0,0
2,2,0,0
3,4,0,0
2,2,0,0
2,2,0,0
2,2,0,0
2,2,0,0
2,2,0,0
1,0,0,0
3,6,3,0
1,0,0,0
1,0,0,0
1,0,0,0
4,6,3,0
1,0,0,0
4,8,3,0
3,6,3,0
2,0,0,0
2,2,0,0
1,0,0,0
1,0,0,0
1,0,0,0
3,2,0,0
1,0,0,0
2,2,0,0
2,0,0,0
1,0,0,0
1,0,0,0
1,0,0,0
1,0,0,0
1,0,0,0
3,4,0,0
2,2,0,0
2,2,0,0
2,2,0,0
1,0,0,0
1,0,0,0
4,6,3,0
3,6,3,0
4,6,0,0
2,0,0,0
1,0,0,0
1,0,0,0
1,0,0,0
2,2,0,0
4,4,0,0
2,2,0,0
2,2,0,0
2,2,0,0
4,4,0,0
2,2,0,0
2,2,0,0
2,2,0,0
2,2,0,0
1,0,0,0
2,2,0,0
3,6,3,0
1,0,0,0
1,0,0,0
1,0,0,0
2,2,0,0
4,4,0,0
2,2,0,0
4,4,0,0
2,2,0,0
1,0,0,0
1,0,0,0
1,0,0,0
1,0,0,0
1,0,0,0
1,0,0,0
1,0,0,0
3,4,0,0
2,2,0,0
1,0,0,0
2,2,0,0
3,2,0,0
2,2,0,0
1,0,0,0
1,0,0,0
1,0,0,0
1,0,0,0
3,6,3,0
3,6,3,0
3,6,3,0
3,6,3,0
1,0,0,0
1,0,0,0
3,6,3,0
1,0,0,0
2,0,0,0
1,0,0,0
3,2,0,0
2,2,0,0
1,0,0,0
2,0,0,0
1,0,0,0
1,0,0,0
1,0,0,0
1,0,0,0
2,2,0,0
1,0,0,0
1,0,0,0
1,0,0,0
2,2,0,0
2,2,0,0
3,4,0,0
12,22,6,0
2,2,0,0
3,6,3,0
2,2,0,0
3,6,3,0
3,6,3,0
7,18,9,0
3,6,3,0
3,4,0,0
4,8,3,0
7,14,6,0
1,0,0,0
1,0,0,0
1,0,0,0
1,0,0,0
1,0,0,0
1,0,0,0
2,0,0,0
1,0,0,0
3,2,0,0
1,0,0,0
1,0,0,0
3,2,0,0
3,2,0,0
4,10,6,0
3,6,3,0
3,6,3,0
2,2,0,0
3,6,3,0
2,2,0,0
2,2,0,0
1,0,0,0
3,6,3,0
3,6,3,0
3,6,3,0
4,8,3,0
4,8,3,0
3,6,3,0
3,2,0,0
2,2,0,0
2,2,0,0
2,2,0,0
2,2,0,0
2,2,0,0
3,2,0,0
2,2,0,0
2,2,0,0
1,0,0,0
2,2,0,0
2,2,0,0
1,0,0,0
1,0,0,0
1,0,0,0
1,0,0,0
2,0,0,0
1,0,0,0
1,0,0,0
4,2,0,0
2,2,0,0
2,2,0,0
1,0,0,0
1,0,0,0
1,0,0,0
1,0,0,0
2,2,0,0
2,2,0,0
1,0,0,0
6,10,3,0
3,4,0,0
4,4,0,0
3,2,0,0
3,6,3,0
3,6,3,0
3,6,3,0
1,0,0,0
2,2,0,0
2,2,0,0
3,6,3,0
7,14,6,0
2,2,0,0
3,6,3,0
2,2,0,0
1,0,0,0
1,0,0,0
1,0,0,0
1,0,0,0
3,4,0,0
2,2,0,0
2,2,0,0
1,0,0,0
2,2,0,0
2,2,0,0
1,0,0,0
1,0,0,0
1,0,0,0
1,0,0,0
1,0,0,0
1,0,0,0
3,2,0,0
2,2,0,0
3,2,0,0
2,2,0,0
2,0,0,0
1,0,0,0
1,0,0,0
1,0,0,0
2,0,0,0
1,0,0,0
1,0,0,0
2,2,0,0
1,0,0,0
1,0,0,0
1,0,0,0
1,0,0,0
3,6,3,0
3,6,3,0
3,6,3,0
1,0,0,0
3,6,3,0
4,8,3,0
4,4,0,0
3,6,3,0
2,2,0,0
4,4,0,0
2,2,0,0
1,0,0,0
1,0,0,0
1,0,0,0
5,12,6,0
1,0,0,0
2,0,0,0
1,0,0,0
1,0,0,0
1,0,0,0
6,20,30,20
5,20,30,20
5,20,30,20
5,20,30,20
5,20,30,20
3,0,0,0
1,0,0,0
1,0,0,0
1,0,0,0
1,0,0,0
1,0,0,0
1,0,0,0
4,8,3,0
6,14,6,0
2,2,0,0
6,14,6,0
3,6,3,0
1,0,0,0
1,0,0,0
3,0,0,0
2,0,0,0
1,0,0,0
1,0,0,0
1,0,0,0
3,6,3,0
1,0,0,0
3,6,3,0
3,2,0,0
1,0,0,0
1,0,0,0
6,4,0,0
2,2,0,0
2,2,0,0
2,2,0,0
1,0,0,0
2,2,0,0
1,0,0,0
1,0,0,0
1,0,0,0
2,2,0,0
2,2,0,0
1,0,0,0
1,0,0,0
3,6,3,0
3,6,3,0
3,6,3,0
3,6,3,0
1,0,0,0
1,0,0,0
1,0,0,0
2,2,0,0
2,2,0,0
1,0,0,0
3,0,0,0
1,0,0,0
2,0,0,0
1,0,0,0
2,2,0,0
2,2,0,0
1,0,0,0
1,0,0,0
1,0,0,0
1,0,0,0
2,2,0,0
2,2,0,0
1,0,0,0
1,0,0,0
2,2,0,0
2,2,0,0
1,0,0,0
2,2,0,0
3,4,0,0
2,2,0,0
2,2,0,0
2,0,0,0
1,0,0,0
1,0,0,0
1,0,0,0
1,0,0,0
2,2,0,0
3,2,0,0
1,0,0,0
2,0,0,0
4,8,3,0
4,8,3,0
3,6,3,0
3,6,3,0
1,0,0,0
3,0,0,0
1,0,0,0
1,0,0,0
1,0,0,0
1,0,0,0
1,0,0,0
2,2,0,0
2,2,0,0
2,2,0,0
1,0,0,0
1,0,0,0
2,2,0,0
1,0,0,0
1,0,0,0
1,0,0,0
4,10,6,0
3,6,3,0
4,10,6,0
4,10,6,0
2,2,0,0
2,2,0,0
1,0,0,0
3,2,0,0
2,2,0,0
2,2,0,0
1,0,0,0
1,0,0,0
1,0,0,0
1,0,0,0
3,6,3,0
3,6,3,0
3,6,3,0
3,6,3,0
2,2,0,0
1,0,0,0
1,0,0,0
1,0,0,0
1,0,0,0
1,0,0,0
2,2,0,0
2,2,0,0
1,0,0,0
1,0,0,0
1,0,0,0
3,6,3,0
3,6,3,0
3,6,3,0
4,6,3,0
2,2,0,0
1,0,0,0
2,0,0,0
1,0,0,0
1,0,0,0
1,0,0,0
1,0,0,0
2,2,0,0
2,2,0,0
1,0,0,0
1,0,0,0
2,0,0,0
3,2,0,0
6,4,0,0
1,0,0,0
2,2,0,0
2,2,0,0
1,0,0,0
1,0,0,0
2,0,0,0
3,6,3,0
3,6,3,0
1,0,0,0
3,6,3,0
2,2,0,0
2,2,0,0
2,2,0,0
1,0,0,0
3,6,3,0
7,20,15,4
4,12,12,4
4,12,12,4
2,2,0,0
4,12,12,4
2,0,0,0
1,0,0,0
1,0,0,0
1,0,0,0
1,0,0,0
2,2,0,0
2,2,0,0
2,2,0,0
1,0,0,0
1,0,0,0
1,0,0,0
2,0,0,0
1,0,0,0
1,0,0,0
3,0,0,0
1,0,0,0
1,0,0,0
1,0,0,0
1,0,0,0
1,0,0,0
2,2,0,0
2,2,0,0
2,2,0,0
1,0,0,0
1,0,0,0
2,2,0,0
2,2,0,0
2,2,0,0
1,0,0,0
1,0,0,0
2,2,0,0
2,2,0,0
2,2,0,0
1,0,0,0
1,0,0,0
3,6,3,0
3,6,3,0
3,6,3,0
4,6,3,0
1,0,0,0
4,4,0,0
2,2,0,0
2,2,0,0
3,4,0,0
1,0,0,0
1,0,0,0
1,0,0,0
1,0,0,0
1,0,0,0
1,0,0,0
1,0,0,0
2,2,0,0
3,6,3,0
3,6,3,0
3,6,3,0
1,0,0,0
1,0,0,0
1,0,0,0
2,2,0,0
1,0,0,0
1,0,0,0
1,0,0,0
1,0,0,0
1,0,0,0
1,0,0,0
5,10,3,0
3,6,3,0
4,8,3,0
1,0,0,0
2,2,0,0
2,2,0,0
1,0,0,0
3,0,0,0
1,0,0,0
1,0,0,0
1,0,0,0
4,12,12,4
3,6,3,0
4,12,12,4
4,12,12,4
1,0,0,0
3,6,3,0
2,2,0,0
2,2,0,0
2,2,0,0
3,6,3,0
2,2,0,0
2,0,0,0
1,0,0,0
3,6,3,0
3,6,3,0
1,0,0,0
1,0,0,0
1,0,0,0
2,2,0,0
2,2,0,0
2,2,0,0
2,2,0,0
3,6,3,0
3,6,3,0
3,6,3,0
3,6,3,0
3,6,3,0
3,6,3,0
3,6,3,0
3,6,3,0
1,0,0,0
2,2,0,0
2,2,0,0
2,2,0,0
1,0,0,0
1,0,0,0
3,6,3,0
3,6,3,0
3,6,3,0
3,6,3,0
1,0,0,0
1,0,0,0
1,0,0,0
1,0,0,0
2,2,0,0
2,2,0,0
1,0,0,0
1,0,0,0
1,0,0,0
1,0,0,0
3,0,0,0
1,0,0,0
1,0,0,0
1,0,0,0
1,0,0,0
2,2,0,0
1,0,0,0
1,0,0,0
1,0,0,0
1,0,0,0
1,0,0,0
1,0,0,0
1,0,0,0
1,0,0,0
1,0,0,0
1,0,0,0
2,0,0,0
1,0,0,0
1,0,0,0
1,0,0,0
1,0,0,0
1,0,0,0
1,0,0,0
1,0,0,0
2,0,0,0
1,0,0,0
1,0,0,0
2,0,0,0
1,0,0,0
1,0,0,0
1,0,0,0
2,2,0,0
2,2,0,0
2,2,0,0
2,2,0,0
1,0,0,0
2,2,0,0
2,2,0,0
2,2,0,0
1,0,0,0
3,6,3,0
3,6,3,0
3,6,3,0
23,506,5313,35420
23,506,5313,35420
23,506,5313,35420
23,506,5313,35420
23,506,5313,35420
23,506,5313,35420
23,506,5313,35420
23,506,5313,35420
23,506,5313,35420
23,506,5313,35420
23,506,5313,35420
23,506,5313,35420
23,506,5313,35420
23,506,5313,35420
23,506,5313,35420
23,506,5313,35420
23,506,5313,35420
23,506,5313,35420
23,506,5313,35420
23,506,5313,35420
23,506,5313,35420
23,506,5313,35420
23,506,5313,35420
1,0,0,0
1,0,0,0
7,22,30,20
5,20,30,20
2,2,0,0
5,20,30,20
5,20,30,20
5,20,30,20
2,2,0,0
5,20,30,20
3,6,3,0
3,6,3,0
3,6,3,0
3,6,3,0
1,0,0,0
8,32,60,60
2,2,0,0
1,0,0,0
1,0,0,0
2,2,0,0
2,2,0,0
1,0,0,0
1,0,0,0
3,6,3,0
2,2,0,0
2,2,0,0
2,2,0,0
1,0,0,0
1,0,0,0
1,0,0,0
1,0,0,0
2,0,0,0
1,0,0,0
1,0,0,0
2,2,0,0
5,4,0,0
2,2,0,0
2,2,0,0
1,0,0,0
3,2,0,0
1,0,0,0
5,6,3,0
1,0,0,0
3,6,3,0
3,6,3,0
3,6,3,0
1,0,0,0
4,4,0,0
1,0,0,0
1,0,0,0
1,0,0,0
1,0,0,0
1,0,0,0
1,0,0,0
2,2,0,0
2,2,0,0
2,2,0,0
1,0,0,0
1,0,0,0
1,0,0,0
2,2,0,0
1,0,0,0
3,2,0,0
2,2,0,0
2,2,0,0
1,0,0,0
1,0,0,0
1,0,0,0
1,0,0,0
1,0,0,0
1,0,0,0
1,0,0,0
3,6,3,0
3,6,3,0
3,6,3,0
1,0,0,0
4,12,12,4
4,12,12,4
4,12,12,4
4,12,12,4
4,12,12,4
1,0,0,0
1,0,0,0
1,0,0,0
1,0,0,0
1,0,0,0
2,2,0,0
1,0,0,0
1,0,0,0
1,0,0,0
1,0,0,0
2,0,0,0
1,0,0,0
1,0,0,0
1,0,0,0
1,0,0,0
4,4,0,0
3,4,0,0
2,2,0,0
3,2,0,0
1,0,0,0
2,2,0,0
2,0,0,0
1,0,0,0
1,0,0,0
2,2,0,0
1,0,0,0
2,0,0,0
1,0,0,0
1,0,0,0
1,0,0,0
1,0,0,0
1,0,0,0
3,4,0,0
3,4,0,0
2,2,0,0
2,2,0,0
1,0,0,0
1,0,0,0
1,0,0,0
1,0,0,0
1,0,0,0
2,2,0,0
2,2,0,0
2,2,0,0
1,0,0,0
3,2,0,0
4,4,0,0
2,2,0,0
1,0,0,0
1,0,0,0
1,0,0,0
1,0,0,0
1,0,0,0
2,2,0,0
2,2,0,0
6,30,60,60
2,2,0,0
5,8,3,0
2,2,0,0
3,6,3,0
3,6,3,0
3,6,3,0
1,0,0,0
1,0,0,0
1,0,0,0
3,6,3,0
3,6,3,0
2,2,0,0
2,2,0,0
1,0,0,0
1,0,0,0
1,0,0,0
1,0,0,0
2,2,0,0
2,2,0,0
2,2,0,0
1,0,0,0
1,0,0,0
3,6,3,0
3,6,3,0
3,6,3,0
3,6,3,0
1,0,0,0
2,2,0,0
2,2,0,0
2,2,0,0
1,0,0,0
1,0,0,0
1,0,0,0
1,0,0,0
1,0,0,0
3,4,0,0
2,2,0,0
2,2,0,0
3,4,0,0
4,12,12,4
4,12,12,4
4,12,12,4
4,12,12,4
4,12,12,4
1,0,0,0
1,0,0,0
1,0,0,0
1,0,0,0
1,0,0,0
2,0,0,0
1,0,0,0
1,0,0,0
3,6,3,0
3,6,3,0
4,8,3,0
8,28,33,20
5,20,30,20
5,20,30,20
6,22,30,20
5,20,30,20
5,20,30,20
1,0,0,0
1,0,0,0
1,0,0,0
1,0,0,0
1,0,0,0
4,12,12,4
4,12,12,4
4,12,12,4
4,12,12,4
4,12,12,4
2,0,0,0
5,4,0,0
1,0,0,0
1,0,0,0
1,0,0,0
1,0,0,0
1,0,0,0
3,4,0,0
3,4,0,0
2,2,0,0
3,6,3,0
3,6,3,0
3,6,3,0
3,6,3,0
1,0,0,0
1,0,0,0
3,2,0,0
2,2,0,0
2,2,0,0
1,0,0,0
1,0,0,0
2,2,0,0
1,0,0,0
1,0,0,0
9,40,66,60
4,10,6,0
3,6,3,0
8,36,63,60
1,0,0,0
2,2,0,0
2,2,0,0
3,2,0,0
2,2,0,0
1,0,0,0
2,2,0,0
1,0,0,0
1,0,0,0
1,0,0,0
1,0,0,0
1,0,0,0
1,0,0,0
2,2,0,0
2,2,0,0
1,0,0,0
1,0,0,0
3,6,3,0
3,6,3,0
3,6,3,0
3,6,3,0
1,0,0,0
3,6,3,0
3,6,3,0
3,6,3,0
3,6,3,0
2,2,0,0
1,0,0,0
1,0,0,0
1,0,0,0
1,0,0,0
1,0,0,0
2,2,0,0
1,0,0,0
1,0,0,0
1,0,0,0
1,0,0,0
2,2,0,0
2,2,0,0
3,2,0,0
3,2,0,0
1,0,0,0
1,0,0,0
1,0,0,0
1,0,0,0
2,2,0,0
2,2,0,0
2,2,0,0
3,4,0,0
4,12,12,4
4,12,12,4
4,12,12,4
4,12,12,4
1,0,0,0
2,2,0,0
1,0,0,0
1,0,0,0
2,2,0,0
2,2,0,0
2,2,0,0
1,0,0,0
1,0,0,0
3,6,3,0
3,6,3,0
3,6,3,0
3,4,0,0
3,4,0,0
1,0,0,0
1,0,0,0
1,0,0,0
1,0,0,0
1,0,0,0
1,0,0,0
2,0,0,0
1,0,0,0
2,0,0,0
1,0,0,0
1,0,0,0
1,0,0,0
1,0,0,0
2,2,0,0
1,0,0,0
6,30,60,60
6,30,60,60
6,30,60,60
6,30,60,60
6,30,60,60
1,0,0,0
1,0,0,0
1,0,0,0
2,2,0,0
2,2,0,0
2,2,0,0
1,0,0,0
1,0,0,0
1,0,0,0
1,0,0,0
1,0,0,0
1,0,0,0
1,0,0,0
1,0,0,0
1,0,0,0
1,0,0,0
1,0,0,0
1,0,0,0
1,0,0,0
2,2,0,0
2,2,0,0
2,2,0,0
2,0,0,0
2,2,0,0
1,0,0,0
1,0,0,0
1,0,0,0
1,0,0,0
2,2,0,0
1,0,0,0
1,0,0,0
1,0,0,0
1,0,0,0
1,0,0,0
1,0,0,0
2,2,0,0
2,2,0,0
2,2,0,0
2,2,0,0
2,2,0,0
2,2,0,0
1,0,0,0
1,0,0,0
1,0,0,0
1,0,0,0
1,0,0,0
1,0,0,0
2,2,0,0
2,2,0,0
1,0,0,0
1,0,0,0
1,0,0,0
1,0,0,0
1,0,0,0
1,0,0,0
1,0,0,0
1,0,0,0
1,0,0,0
1,0,0,0
1,0,0,0
1,0,0,0
1,0,0,0
1,0,0,0
1,0,0,0
1,0,0,0
1,0,0,0
1,0,0,0
1,0,0,0
2,2,0,0
2,2,0,0
1,0,0,0
1,0,0,0
2,0,0,0
1,0,0,0
1,0,0,0
1,0,0,0
1,0,0,0
1,0,0,0
2,2,0,0
3,6,3,0
3,6,3,0
3,6,3,0
3,6,3,0
2,2,0,0
1,0,0,0
1,0,0,0
1,0,0,0
1,0,0,0
1,0,0,0
1,0,0,0
2,2,0,0
2,2,0,0
2,2,0,0
2,2,0,0
2,2,0,0
2,2,0,0
2,2,0,0
2,2,0,0
1,0,0,0
1,0,0,0
2,2,0,0
2,2,0,0
1,0,0,0
2,0,0,0
1,0,0,0
1,0,0,0
1,0,0,0
1,0,0,0
1,0,0,0
1,0,0,0
1,0,0,0
1,0,0,0
1,0,0,0
1,0,0,0
1,0,0,0
1,0,0,0
1,0,0,0
1,0,0,0
1,0,0,0
1,0,0,0
1,0,0,0
1,0,0,0
1,0,0,0
1,0,0,0
1,0,0,0
1,0,0,0
1,0,0,0
1,0,0,0
1,0,0,0
1,0,0,0
2,0,0,0
1,0,0,0
1,0,0,0
1,0,0,0
1,0,0,0
1,0,0,0
3,6,3,0
3,6,3,0
3,6,3,0
3,6,3,0
1,0,0,0
1,0,0,0
1,0,0,0
1,0,0,0
1,0,0,0
1,0,0,0
1,0,0,0
1,0,0,0
2,2,0,0
2,2,0,0
2,2,0,0
1,0,0,0
1,0,0,0
1,0,0,0
1,0,0,0
3,6,3,0
3,6,3,0
3,6,3,0
3,6,3,0
1,0,0,0
1,0,0,0
1,0,0,0
1,0,0,0
1,0,0,0
1,0,0,0
1,0,0,0
1,0,0,0
1,0,0,0
1,0,0,0
1,0,0,0
1,0,0,0
1,0,0,0
1,0,0,0
1,0,0,0
1,0,0,0
1,0,0,0
2,2,0,0
2,2,0,0
2,2,0,0
3,6,3,0
3,6,3,0
3,6,3,0
1,0,0,0
1,0,0,0
1,0,0,0
1,0,0,0
1,0,0,0
1,0,0,0
1,0,0,0
1,0,0,0
1,0,0,0
1,0,0,0
2,2,0,0
2,2,0,0
2,2,0,0
1,0,0,0
1,0,0,0
1,0,0,0
1,0,0,0
2,2,0,0
2,2,0,0
2,2,0,0
2,2,0,0
2,2,0,0
1,0,0,0
1,0,0,0
2,2,0,0
2,2,0,0
2,2,0,0
1,0,0,0
1,0,0,0
1,0,0,0
1,0,0,0
1,0,0,0
1,0,0,0
3,6,3,0
3,6,3,0
3,6,3,0
3,6,3,0
1,0,0,0
1,0,0,0
2,2,0,0
2,2,0,0
2,2,0,0
1,0,0,0
1,0,0,0
1,0,0,0
1,0,0,0
2,0,0,0
1,0,0,0
1,0,0,0
1,0,0,0
1,0,0,0
1,0,0,0
1,0,0,0
1,0,0,0
1,0,0,0
1,0,0,0
1,0,0,0
3,6,3,0
3,6,3,0
3,6,3,0
3,6,3,0
3,6,3,0
3,6,3,0
3,6,3,0
3,6,3,0
1,0,0,0
1,0,0,0
2,2,0,0
2,2,0,0
2,2,0,0
1,0,0,0
1,0,0,0
1,0,0,0
1,0,0,0
1,0,0,0
1,0,0,0
1,0,0,0
1,0,0,0
2,2,0,0
2,2,0,0
2,2,0,0
1,0,0,0
1,0,0,0
1,0,0,0
1,0,0,0
1,0,0,0
1,0,0,0
1,0,0,0
1,0,0,0
1,0,0,0
1,0,0,0
2,2,0,0
2,2,0,0
2,2,0,0
