"1,0-nd","2,0-nd","3,0-nd"
59,54,12
44,80,0
21,20,0
35,30,0
146,134,0
97,176,21
157,638,1671
22,38,12
26,42,12
49,64,51
34,64,0
410,588,498
71,76,0
102,184,81
23,24,0
208,696,93
503,7164,97446
63,74,0
13,0,0
174,902,2688
314,1118,4269
59,98,0
40,96,0
136,506,2157
139,336,198
117,456,738
59,52,0
154,232,48
29,0,0
66,76,30
33,52,0
160,266,114
173,838,4416
115,666,4866
67,110,45
57,88,0
267,398,132
76,116,45
29,0,0
29,0,0
152,228,57
516,5280,35289
121,458,1803
117,248,54
282,2060,25674
195,320,51
29,0,0
122,226,108
307,4936,41253
508,7080,35082
68,116,39
24,34,0
26,36,0
346,730,204
129,234,120
49,36,0
20,0,0
36,52,0
34,36,0
44,80,0
49,68,0
78,116,0
80,152,66
25,4,0
44,80,0
50,92,33
47,202,0
502,5352,36021
277,1684,7299
124,788,2499
537,5582,36816
124,788,2499
2769,94020,1886670
563,7194,98952
311,5632,90705
124,788,2499
573,8736,105051
2759,94086,1886793
59,152,0
155,974,2946
282,5602,90669
645,16110,294618
448,7396,98946
427,7120,97578
472,7540,99234
35,156,0
124,788,2499
124,788,2499
84,222,0
257,1432,5286
209,2964,44886
371,7314,125283
677,14410,254640
328,7222,125256
34,116,204
95,474,1110
113,276,69
391,7528,125955
89,202,63
36,150,0
2640,92670,1880847
2901,93996,1882587
610,10222,169167
2709,90084,1815126
623,14084,253542
26,76,0
1,0,0
1,0,0
218,422,9
37,0,0
62,328,0
173,2398,78
37,0,0
57,48,0
60,44,0
37,0,0
41,34,0
69,334,0
346,5004,38100
202,316,45
39,30,0
47,0,0
60,40,0
173,442,141
107,128,36
39,30,0
42,34,0
85,42,0
87,208,378
49,0,0
43,34,0
37,0,0
91,124,159
37,0,0
43,40,9
134,196,81
43,38,0
64,108,69
43,40,9
123,154,0
63,54,0
46,38,0
37,0,0
113,134,0
43,40,9
90,134,0
191,240,9
350,1100,1881
211,2636,43557
134,306,288
87,194,60
28,90,0
89,280,315
58,164,183
569,12454,217608
20,58,0
284,6932,129471
65,200,234
20,58,0
2650,93008,1882092
352,7072,129621
131,304,249
90,234,249
126,294,249
18,0,0
147,522,30
128,2448,43380
72,60,9
21,20,0
72,0,0
53,68,0
86,2038,0
29,38,9
17,20,0
71,98,21
29,38,9
269,3516,47835
74,80,9
17,20,0
13,0,0
18,22,0
63,94,24
63,114,108
13,0,0
43,34,0
18,22,0
242,348,42
86,140,0
47,24,9
60,78,0
97,180,96
130,236,54
47,74,21
83,144,21
77,136,96
40,60,0
145,342,9
92,194,102
43,70,0
35,52,0
36,54,0
45,64,15
53,92,15
66,100,30
105,186,0
57,74,21
53,62,0
316,742,1437
35,52,0
130,1692,25407
48,70,9
62,100,0
94,142,18
161,310,174
188,304,54
93,120,48
42,64,15
34,0,0
38,58,0
98,1646,25479
21,42,15
1651,54010,862926
95,1658,25476
21,42,15
35,10,0
134,216,114
129,206,60
160,340,186
210,942,216
103,210,126
341,786,282
113,536,3483
116,1044,0
8,10,0
37,72,0
8,10,0
113,236,18
14,24,0
122,358,303
46,78,18
434,4736,54492
466,6006,90597
302,3658,47835
261,3522,47835
732,8212,80631
425,5156,35577
41,190,0
99,466,516
257,3516,47835
147,790,3069
399,7732,132333
300,3640,47919
540,5578,36510
427,4628,54189
262,1726,7392
257,3516,47835
500,4972,54783
82,628,2682
420,5524,88116
2473,90390,1846434
2262,85826,1769199
2443,91428,1876464
2562,92342,1879209
2513,91884,1878657
2437,91454,1876506
2789,93748,1883478
2428,91422,1876464
2474,91730,1877217
68,0,0
2473,91708,1877634
2316,87698,1806501
2343,88048,1810026
68,0,0
2428,91422,1876464
2428,91422,1876464
2573,92524,1880619
2428,91422,1876464
2471,91762,1876470
2428,91422,1876464
2831,93784,1884381
2470,91662,1877070
88,30,12
2584,92492,1880508
2428,91422,1876464
2434,91426,1876464
2618,92500,1878996
2428,91422,1876464
120,52,0
2735,92704,1878942
2428,91422,1876464
2435,91422,1876464
2428,91422,1876464
2428,91422,1876464
2428,91422,1876464
2434,91434,1876470
2678,92820,1881375
2669,93090,1882209
2446,91526,1876740
122,114,24
2460,91826,1876494
2536,91740,1877181
2515,91968,1877859
2589,92882,1880619
2472,91490,1876464
130,2330,42708
31,0,0
715,12114,166128
54,262,660
310,3596,49233
31,0,0
84,552,0
200,4452,84984
54,262,660
58,338,0
58,262,660
196,692,3435
236,4616,85284
156,4340,85002
60,260,597
61,312,0
118,472,801
55,254,597
412,1482,2484
17,0,0
195,2858,45738
451,5176,35559
33,158,0
78,766,4674
74,522,2643
46,198,570
27,0,0
38,10,0
46,198,570
189,394,360
67,324,813
72,244,600
59,306,792
51,180,0
66,324,813
53,274,735
69,318,804
136,2176,38058
69,330,816
410,3852,47481
54,206,600
117,250,636
376,1214,1647
70,330,816
33,180,0
118,250,189
206,450,261
13,24,0
167,448,339
306,654,345
57,146,105
175,1834,36
60,126,63
13,24,0
161,538,621
344,890,495
20,0,0
88,230,210
95,240,210
317,2378,24936
50,128,0
280,516,204
120,302,210
22,0,0
67,154,102
289,710,411
154,276,0
64,94,0
27,4,0
126,296,114
151,320,129
232,772,807
167,316,129
42,46,9
46,158,225
11,14,0
205,4704,86463
14,16,0
8,0,0
8,0,0
58,82,48
37,36,15
24,58,39
167,366,267
64,70,24
24,36,15
215,532,561
29,66,39
92,308,471
92,308,471
96,206,75
30,80,96
220,466,513
186,506,582
203,462,264
182,476,564
90,246,279
121,340,417
50,118,111
112,356,510
30,80,96
18,0,0
49,50,15
20,30,0
49,64,15
13,0,0
152,238,27
13,0,0
120,196,90
29,32,0
13,0,0
19,22,0
17,0,0
145,514,675
208,752,984
215,766,987
88,364,576
30,78,66
23,62,54
23,62,54
50,148,0
72,160,114
23,62,54
59,204,210
30,78,66
141,484,594
42,94,0
124,492,729
94,394,636
2,0,0
2,0,0
2,0,0
90,324,558
129,670,1608
59,186,0
130,2136,51
124,668,1608
83,394,786
32,64,36
88,322,558
10,0,0
10,0,0
59,330,729
59,330,729
112,628,1581
54,190,195
225,578,492
54,190,195
178,502,447
56,190,195
54,160,147
64,216,213
63,198,183
227,546,369
62,160,147
144,416,354
28,0,0
36,110,0
77,250,240
123,364,342
175,492,435
237,486,237
81,260,228
147,406,342
75,200,45
58,188,0
68,172,0
36,118,0
75,250,240
142,388,357
65,196,159
107,312,282
36,118,0
63,198,183
17,0,0
44,122,114
130,420,162
29,80,0
9,0,0
13,10,0
13,10,0
84,168,0
13,10,0
21,0,0
11,0,0
13,10,0
50,78,57
92,210,261
62,332,0
68,444,0
182,906,4479
390,4960,34992
49,0,0
390,4960,34992
143,548,2187
474,5332,35553
284,5210,87549
390,4960,34992
390,4960,34992
106,452,2133
206,850,726
104,672,0
390,4960,34992
390,4960,34992
390,4960,34992
95,480,0
142,996,4125
390,4960,34992
72,120,120
26,42,0
73,124,0
89,136,30
57,366,2109
175,444,492
73,30,0
23,42,0
36,64,0
46,208,0
174,524,0
241,3150,20475
718,14550,254778
481,9980,169932
511,12116,215304
222,4758,81915
168,2976,44880
446,15006,293820
223,6608,127983
111,2570,0
672,14544,255009
510,12180,218151
311,8892,166671
276,5350,87870
421,9770,174156
261,8538,165771
440,9410,171987
277,5298,83412
494,17004,335838
364,5816,89925
168,2976,44880
288,4956,390
179,2974,44778
1157,27852,512190
173,4578,85809
445,8076,132024
264,5304,88179
344,10836,208647
236,4808,81963
147,4458,0
121,2386,38757
85,2098,0
100,2172,38061
112,2190,38073
80,2098,0
85,2124,0
281,2770,38814
93,2154,38046
144,2410,38625
101,2168,38058
98,2170,38061
90,2142,38034
111,2188,38073
24,0,0
13,10,0
20,16,0
35,0,0
136,222,150
132,282,225
136,312,234
148,194,102
35,0,0
34,0,0
156,330,207
36,76,0
457,1144,897
122,150,18
34,0,0
34,0,0
127,250,129
146,256,153
41,0,0
34,0,0
36,76,0
8,0,0
67,230,378
100,298,429
51,208,378
51,208,378
51,208,378
51,208,378
63,116,36
6,0,0
13,12,0
7,0,0
17,22,0
79,138,24
126,574,1707
81,480,1614
15,34,0
61,438,1593
58,426,0
78,562,0
67,450,1599
181,766,2034
12,0,0
22,58,33
600,18338,347406
228,3164,45732
222,5108,88539
235,3274,46029
260,5210,88626
605,18342,347406
709,20718,390669
190,3076,45654
79,588,2016
190,3076,45654
183,2880,44913
230,3166,45705
108,556,123
622,18426,347544
303,7272,131304
20,34,21
65,978,21
20,34,21
84,128,120
1277,43160,700833
18,22,0
74,136,114
26,4,0
13,0,0
60,12,0
54,112,114
63,124,120
1,0,0
1,0,0
1,0,0
1,0,0
1,0,0
1,0,0
45,48,9
122,124,9
47,74,15
28,40,0
37,50,0
84,22,9
11,0,0
40,22,9
22,22,9
108,500,3468
21,22,9
10,0,0
10,0,0
32,0,0
88,182,93
44,48,0
516,8004,70491
81,490,3489
49,422,0
21,10,0
29,48,24
31,48,24
92,168,63
125,458,3450
49,422,0
22,8,0
78,2002,0
17,22,0
15,20,0
24,10,0
32,64,51
13,8,0
185,5956,123648
183,2282,150
70,1990,0
57,700,5499
31,0,0
52,404,0
477,8220,72528
52,310,0
57,700,5499
488,7606,131409
34,310,0
175,438,264
111,110,12
103,326,237
46,112,0
626,11192,105717
156,1808,25536
117,284,198
77,132,9
111,210,174
59,146,0
18,0,0
18,0,0
151,252,90
226,960,282
56,168,231
19,38,0
19,18,9
60,142,102
10,0,0
95,42,0
14,8,0
14,8,0
55,86,9
147,1894,24276
21,16,0
12,0,0
79,148,183
104,152,54
17,10,0
67,100,0
54,108,69
10,10,0
10,10,0
5,0,0
32,38,9
24,34,9
9,0,0
9,0,0
29,36,9
59,106,9
22,24,0
46,46,0
9,0,0
9,0,0
79,256,258
16,20,0
72,46,0
15,24,0
120,326,300
38,78,0
194,7792,162834
194,7792,162834
16,0,0
16,0,0
25,0,0
51,114,90
46,108,87
89,364,711
35,0,0
121,232,60
80,72,0
188,546,726
20,0,0
95,154,24
172,412,252
50,128,117
46,108,87
108,308,267
157,264,0
89,178,96
113,428,711
86,362,711
124,194,33
75,110,30
56,80,24
47,82,18
29,52,18
15,0,0
27,0,0
21,36,0
15,0,0
28,38,0
95,148,0
70,144,21
23,42,0
41,72,21
15,0,0
59,90,27
80,212,45
107,312,270
20,40,18
144,432,438
23,50,24
19,40,0
25,52,24
18,36,0
20,40,18
27,54,24
51,100,27
20,40,18
26,54,24
33,66,27
10,0,0
97,1660,162
1100,36728,601788
96,228,114
31,72,0
1412,47000,763320
165,3378,49647
24,56,0
25,36,0
42,50,0
13,0,0
19,20,0
100,380,618
30,20,0
13,0,0
4,0,0
1,0,0
1,0,0
49,180,0
49,194,0
25,78,0
107,238,9
58,134,0
72,180,66
30,82,0
10,0,0
36,94,66
34,92,66
34,92,66
83,192,63
30,82,0
112,264,213
19,36,0
60,146,105
12,0,0
98,230,45
30,42,0
31,72,0
178,558,2100
28,40,0
63,132,0
12,0,0
16,16,0
26,52,0
26,52,0
42,52,0
28,4,0
27,52,0
28,52,0
28,0,0
38,84,36
27,52,0
38,84,36
69,158,96
13,12,0
22,34,12
11,10,0
22,34,12
165,4404,85698
137,4334,85602
28,74,0
190,424,381
57,144,69
83,204,261
111,218,132
42,120,120
41,86,0
71,204,261
62,156,144
42,120,120
113,240,207
68,188,192
37,100,90
112,240,177
105,266,309
7,0,0
69,142,90
70,130,69
49,104,69
97,144,0
11,0,0
25,26,0
21,20,0
24,30,0
83,182,84
49,56,15
112,2340,48
141,2444,43470
37,92,78
223,4624,43590
39,68,0
21,38,0
86,98,0
125,332,48
151,488,516
229,590,267
77,200,18
93,250,30
75,100,18
57,82,18
76,216,168
21,26,0
26,52,0
1,0,0
1,0,0
6,0,0
11,8,0
8,6,0
8,6,0
8,6,0
8,6,0
69,0,0
13,16,0
18,24,0
8,0,0
18,24,0
48,102,0
26,36,9
22,24,0
21,42,0
10,0,0
72,184,168
63,168,162
31,40,9
4,0,0
12,0,0
95,198,69
125,352,321
52,114,0
26,54,33
118,284,159
26,54,33
63,166,138
38,84,45
12,0,0
20,40,21
113,322,111
47,104,45
59,134,75
84,178,51
75,168,102
95,170,99
175,488,450
40,88,0
78,210,81
50,92,0
44,94,51
66,146,84
90,178,87
47,90,0
47,96,51
53,126,81
43,106,63
130,362,303
61,146,45
196,526,120
80,210,0
87,196,69
94,184,36
125,266,210
32,0,0
32,0,0
131,338,189
56,108,0
32,0,0
32,0,0
32,0,0
313,958,912
72,150,57
39,62,0
51,18,0
62,4,0
29,54,24
18,4,0
53,146,117
66,144,54
29,6,0
29,54,24
112,238,126
25,44,0
31,56,24
164,306,225
41,162,204
38,112,90
84,248,267
141,346,303
91,268,276
117,342,285
152,366,255
61,130,81
46,90,48
52,140,81
203,546,342
102,232,63
82,202,111
38,102,0
111,198,90
249,570,354
130,346,243
27,62,27
39,100,0
144,198,87
27,62,27
38,58,0
33,52,0
61,112,9
30,28,0
11,0,0
11,0,0
99,162,60
26,46,0
26,46,0
46,72,9
11,0,0
137,250,60
38,78,54
15,0,0
38,78,54
24,32,0
18,32,0
38,78,54
33,62,24
117,220,90
29,58,0
156,236,78
28,54,24
83,160,84
14,0,0
56,130,72
53,106,0
44,74,24
27,50,24
112,236,129
75,184,108
27,50,24
15,0,0
155,1844,25647
30,56,9
22,42,0
145,342,132
24,44,0
49,68,24
162,322,72
60,142,81
58,112,57
264,2448,42384
32,72,36
24,56,30
102,192,72
112,660,4866
498,3070,42660
61,130,0
148,416,375
226,530,291
62,148,33
36,96,69
38,82,0
37,96,69
26,72,60
10,0,0
16,44,0
26,72,60
26,42,0
20,0,0
31,54,15
36,58,0
20,0,0
20,0,0
26,46,0
92,144,9
50,92,9
46,104,0
40,76,0
80,106,0
58,70,60
25,0,0
11,0,0
13,12,0
29,12,0
286,986,567
70,148,189
179,2530,42987
134,544,24
157,490,831
96,290,414
81,268,408
97,204,213
97,316,453
112,326,174
130,292,243
44,128,0
25,0,0
649,12204,70452
123,244,66
122,250,195
223,536,252
87,274,408
54,134,0
203,4386,105
38,66,36
38,66,36
240,2368,78
151,362,192
105,282,153
285,958,294
231,900,285
97,252,111
33,92,63
65,134,0
131,348,189
33,92,63
105,260,174
39,88,0
50,146,63
6,0,0
10,16,0
71,74,0
18,22,0
18,22,0
24,32,0
28,32,0
24,28,0
21,32,9
57,64,0
52,68,0
21,32,9
21,32,9
47,114,9
6,6,0
6,6,0
100,218,78
102,218,78
90,106,72
86,174,39
30,64,39
64,118,72
35,70,39
30,64,39
17,0,0
17,0,0
26,46,0
17,0,0
17,0,0
17,0,0
18,0,0
71,64,0
14,18,0
34,18,0
22,54,0
23,28,0
67,92,30
35,62,51
16,0,0
18,24,0
18,24,0
16,0,0
16,0,0
136,322,141
39,62,51
54,88,51
16,0,0
98,386,2163
11,0,0
9,0,0
58,386,2163
9,0,0
79,446,2223
79,446,2223
50,132,108
44,120,102
45,114,99
64,142,108
42,120,105
42,120,105
45,98,78
16,42,0
36,106,45
14,16,0
16,26,12
16,26,12
10,0,0
38,48,15
16,26,12
18,16,0
78,204,144
28,46,0
91,230,177
75,188,105
57,140,114
82,174,150
63,146,117
66,110,93
41,104,93
159,4092,0
37,58,18
45,80,84
12,0,0
12,0,0
12,0,0
39,88,81
15,0,0
17,38,0
28,70,60
17,38,0
15,0,0
36,44,24
7,4,0
11,4,0
7,4,0
5,0,0
5,0,0
9,0,0
11,14,0
47,100,9
10,14,0
6,0,0
44,98,9
23,36,9
18,30,9
12,22,0
1,0,0
1,0,0
8,0,0
18,4,0
5,0,0
7,4,0
5,0,0
7,4,0
44,90,60
16,34,0
41,88,60
90,144,66
22,46,0
32,78,57
22,52,33
32,78,57
19,50,33
6,6,0
6,6,0
1,0,0
1,0,0
73,298,960
104,1402,18156
24,58,30
42,52,0
32,80,60
235,2234,11376
48,102,69
57,132,87
24,58,30
75,298,951
32,80,60
11,0,0
32,76,42
18,46,0
120,200,129
165,460,519
31,54,21
39,62,0
24,48,21
24,48,21
21,4,0
21,42,0
51,144,123
64,160,129
46,54,21
13,0,0
27,28,0
9,8,0
21,26,0
33,46,0
9,8,0
7,0,0
4,0,0
28,74,87
28,74,87
1618,53938,862887
1618,53938,862887
1618,53938,862887
1618,53938,862887
1618,53938,862887
1258,43138,700833
1618,53938,862887
1340,46332,757086
1618,53938,862887
1618,53938,862887
1618,53938,862887
1340,46332,757086
1258,43138,700833
1618,53938,862887
1591,53372,856800
1629,53938,862887
1618,53938,862887
1340,46332,757086
1258,43138,700833
1618,53938,862887
1618,53938,862887
1762,54348,863340
1340,46332,757086
1367,46898,763173
1591,53372,856800
1618,53938,862887
1618,53938,862887
1618,53938,862887
1301,43242,700887
1292,43212,700866
1258,43138,700833
1340,46332,757086
1618,53938,862887
1618,53938,862887
54,1554,0
1591,53372,856800
1258,43138,700833
1340,46332,757086
1367,46898,763173
146,3224,25497
1404,46980,763236
34,92,93
34,92,93
34,92,93
55,60,54
21,60,54
46,108,78
46,108,78
21,60,54
27,48,0
58,188,162
17,40,0
126,328,240
11,0,0
81,244,216
96,282,231
67,172,141
193,1312,13761
58,134,102
38,84,66
80,300,423
47,140,126
59,222,279
52,154,135
32,104,0
48,146,129
68,276,423
44,144,132
68,276,423
73,224,144
72,288,435
61,176,144
38,136,0
46,122,111
67,218,228
32,104,0
67,218,228
44,144,141
34,110,0
46,122,111
33,104,0
50,152,132
89,340,459
33,104,0
68,276,423
17,20,0
1,0,0
1,0,0
9,0,0
55,112,69
2,0,0
35,74,57
80,74,57
101,248,153
27,56,27
38,66,30
25,88,0
77,150,0
35,174,0
54,68,0
11,0,0
20,18,0
34,16,0
13,0,0
19,0,0
23,32,0
98,166,132
119,248,126
308,1220,2985
72,112,42
75,142,75
33,70,42
33,70,42
41,80,42
18,0,0
88,160,75
18,0,0
58,90,12
22,0,0
48,20,0
22,0,0
60,424,3435
60,424,3435
24,0,0
22,0,0
65,334,0
26,18,0
22,0,0
33,24,0
28,20,0
41,18,0
44,50,48
49,28,0
8,6,0
62,144,63
8,6,0
145,356,165
42,100,0
66,158,135
76,202,96
31,88,0
68,192,132
52,142,84
52,142,84
237,2226,13671
17,34,0
13,0,0
40,34,9
13,0,0
17,18,0
47,86,9
23,28,9
15,0,0
23,28,9
46,46,0
17,18,0
20,18,0
20,18,0
44,0,0
3,0,0
97,3918,0
45,90,60
26,40,0
86,90,18
42,90,60
77,194,120
32,52,0
82,2274,0
7,0,0
7,0,0
10,0,0
15,0,0
70,328,750
70,328,750
70,328,750
70,328,750
70,328,750
71,328,750
15,0,0
37,64,21
18,30,0
9,0,0
17,30,12
84,164,15
9,0,0
28,48,15
14,0,0
28,44,21
3,0,0
8,0,0
50,98,21
9,0,0
42,74,30
25,44,21
8,0,0
26,46,21
24,56,0
21,54,0
19,0,0
26,58,0
21,54,0
19,0,0
19,0,0
21,0,0
28,64,0
43,116,0
101,188,0
116,286,225
61,146,93
117,282,222
36,88,0
28,0,0
78,186,69
71,212,201
31,106,0
71,194,162
48,166,165
45,160,162
50,66,24
70,212,201
47,162,162
58,190,183
47,162,162
45,160,162
3,0,0
3,0,0
3,0,0
3,0,0
26,72,45
43,106,63
55,122,66
23,52,0
70,254,360
19,0,0
22,52,0
19,0,0
26,52,33
24,50,33
18,42,0
67,166,162
18,42,0
26,50,33
26,50,48
23,50,48
23,50,48
34,64,48
29,76,87
6,0,0
32,64,51
29,62,51
14,0,0
20,0,0
291,690,387
55,84,0
32,64,51
32,64,51
14,0,0
20,28,0
18,28,0
56,92,24
70,102,12
56,96,30
114,230,39
33,52,0
69,80,0
34,48,0
43,44,0
48,64,0
85,140,66
28,0,0
61,84,0
76,154,99
32,46,0
28,0,0
140,2256,42321
81,114,0
31,44,0
32,0,0
51,78,0
4,0,0
18,0,0
36,0,0
38,110,150
24,18,9
12,18,9
20,18,9
12,18,9
13,0,0
87,258,159
172,294,51
46,130,0
88,286,0
86,170,108
63,198,0
128,462,528
249,4586,84675
183,434,165
94,262,183
38,96,0
229,742,741
47,150,0
153,352,81
87,344,447
45,0,0
122,310,144
65,182,0
104,406,528
72,206,138
57,172,0
177,572,597
97,268,159
50,160,0
47,150,0
105,406,528
48,152,0
64,210,192
53,188,0
85,264,213
112,416,525
54,164,0
145,410,279
155,378,198
79,280,237
69,204,138
78,224,147
76,92,0
42,18,9
38,14,0
40,50,0
74,178,0
262,6406,126621
20,26,9
20,26,9
37,64,0
100,280,270
29,30,9
68,94,27
34,82,0
30,48,0
13,0,0
8,4,0
5,4,0
19,32,0
5,4,0
23,20,9
6,0,0
26,62,54
25,62,54
50,112,63
25,62,54
12,0,0
38,26,0
21,28,0
20,26,0
17,0,0
17,36,21
21,42,21
167,486,426
21,42,21
116,298,303
65,178,63
23,32,0
16,0,0
34,50,15
49,54,15
28,42,0
92,268,270
57,216,249
57,216,249
90,322,360
61,228,261
90,322,360
61,228,261
129,386,408
85,310,345
70,238,264
57,216,249
21,0,0
21,0,0
167,508,489
51,188,219
21,68,0
21,68,0
19,0,0
21,68,0
21,68,0
27,68,0
44,158,222
6,0,0
23,26,0
8,10,0
10,8,0
10,8,0
4,0,0
4,0,0
2,0,0
2,0,0
2,0,0
45,24,9
14,22,9
8,10,0
8,10,0
14,22,9
16,24,9
33,88,57
33,88,57
9,6,0
15,8,0
9,6,0
8,0,0
9,6,0
9,6,0
14,0,0
7,0,0
6,0,0
16,16,0
13,12,0
13,12,0
20,22,0
19,22,0
19,22,0
16,0,0
16,0,0
77,130,63
29,42,0
20,0,0
26,40,0
33,78,0
19,0,0
19,0,0
26,50,0
26,50,0
23,64,0
18,0,0
18,0,0
40,108,24
18,0,0
28,40,0
85,4,0
66,46,12
19,0,0
100,1056,13536
111,1060,13527
25,26,0
5,0,0
4,4,0
4,4,0
4,4,0
1,0,0
1,0,0
145,1852,25809
28,40,0
55,344,0
24,6,0
102,76,12
168,1898,25821
74,418,2100
56,362,2100
56,362,2100
9,6,0
27,18,0
23,22,9
18,0,0
2,0,0
10,0,0
66,148,78
9,12,0
9,12,0
103,6,0
16,24,0
205,418,270
56,90,0
70,72,0
115,252,0
14,0,0
14,0,0
22,0,0
55,112,60
47,106,60
12,0,0
12,0,0
15,20,9
16,0,0
15,22,9
13,20,9
13,20,9
13,24,0
184,2354,123
42,124,159
42,124,159
42,124,159
42,124,159
7,0,0
7,0,0
25,40,18
16,28,12
15,28,12
28,26,12
17,26,12
12,22,0
8,0,0
15,28,12
17,26,12
10,0,0
19,0,0
5,0,0
5,0,0
5,0,0
5,0,0
5,0,0
5,0,0
46,56,15
68,166,123
86,248,123
33,70,30
47,134,114
59,202,240
14,28,0
14,28,0
14,28,0
14,28,0
19,40,0
92,264,159
38,80,18
20,46,18
20,46,18
13,26,0
70,146,36
31,70,36
34,76,57
32,58,24
63,92,24
32,58,24
93,650,36
43,88,36
35,74,36
30,54,0
39,78,57
44,50,0
47,74,30
26,0,0
135,336,435
104,342,462
26,0,0
56,104,0
66,116,66
26,0,0
26,0,0
86,150,60
5,0,0
22,14,0
9,0,0
63,140,0
2,0,0
25,72,75
213,960,2826
120,470,657
100,342,354
32,84,81
20,32,12
4,0,0
5,0,0
82,188,159
41,108,114
52,128,126
38,80,57
91,252,123
41,108,114
70,144,138
100,180,138
11,0,0
17,32,0
13,0,0
28,24,9
13,0,0
30,60,18
22,44,15
25,54,15
22,44,15
14,20,0
25,20,0
14,20,0
55,98,27
29,38,0
6,0,0
12,18,0
40,86,27
13,18,0
12,18,0
22,42,0
7,0,0
16,28,0
44,80,24
23,42,24
23,42,24
62,94,66
24,30,0
22,46,24
22,46,24
47,96,60
17,38,21
52,126,0
8,0,0
8,0,0
20,28,9
16,34,0
58,158,168
13,16,0
14,30,21
16,4,0
14,30,21
14,30,21
97,308,0
20,0,0
45,136,66
47,166,138
69,196,141
39,150,0
55,178,141
6,6,0
6,6,0
111,290,234
50,126,90
105,262,135
61,170,141
80,188,141
50,126,90
56,148,90
47,122,78
21,42,24
21,42,24
26,50,0
70,338,723
80,218,144
70,338,723
70,338,723
56,146,198
78,156,144
98,398,762
139,382,222
103,106,0
85,300,33
15,0,0
15,0,0
15,0,0
15,0,0
112,112,0
18,16,0
97,244,192
129,406,1140
15,0,0
34,52,30
15,0,0
310,5004,38100
310,5004,38100
310,5004,38100
310,5004,38100
310,5004,38100
310,5004,38100
310,5004,38100
310,5004,38100
310,5004,38100
310,5004,38100
310,5004,38100
310,5004,38100
310,5004,38100
310,5004,38100
310,5004,38100
716,12258,103092
310,5004,38100
443,7906,70452
443,7906,70452
443,7906,70452
443,7906,70452
443,7906,70452
443,7906,70452
443,7906,70452
443,7906,70452
443,7906,70452
443,7906,70452
443,7906,70452
443,7906,70452
443,7906,70452
443,7906,70452
443,7906,70452
443,7906,70452
443,7906,70452
8,0,0
9,0,0
15,14,0
13,8,0
39,58,45
13,8,0
21,26,9
31,18,0
7,6,0
7,6,0
6,0,0
36,72,0
28,26,9
20,18,0
12,18,0
8,10,0
18,24,9
18,24,9
8,10,0
20,52,0
37,110,96
11,14,0
18,24,0
9,0,0
22,46,0
68,184,144
43,82,33
34,90,0
19,30,0
43,82,33
22,30,0
38,74,42
32,70,42
8,0,0
10,8,0
13,10,0
8,0,0
33,22,0
10,8,0
16,0,0
60,42,12
44,60,12
69,150,69
28,42,12
26,52,0
5,4,0
3,0,0
5,4,0
5,4,0
17,4,0
19,16,0
44,76,36
29,36,12
64,114,12
12,0,0
18,20,0
4,0,0
4,0,0
32,22,0
159,452,513
34,98,102
36,104,105
35,118,156
144,448,522
30,82,0
46,130,135
86,306,429
43,112,105
34,98,102
48,130,135
146,414,384
33,8,0
27,80,0
35,118,156
52,172,186
109,356,459
90,312,432
52,112,105
45,116,108
196,572,585
24,76,87
59,180,183
8,0,0
77,168,57
47,98,36
21,40,24
21,40,24
2,0,0
2,0,0
2,0,0
14,0,0
11,18,9
30,34,0
17,0,0
50,48,9
17,12,0
23,0,0
47,104,48
47,104,48
23,34,0
6,0,0
6,0,0
4,0,0
17,0,0
2,0,0
2,0,0
2,0,0
12,0,0
25,38,0
24,38,0
4,0,0
54,122,63
107,228,123
9,12,0
9,12,0
212,436,243
66,150,90
35,86,63
11,22,0
11,22,0
35,86,63
30,0,0
15,8,0
10,6,0
8,0,0
8,0,0
10,6,0
1,0,0
1,0,0
15,6,0
4,0,0
4,0,0
13,6,0
5,0,0
2,0,0
2,0,0
2,0,0
13,24,12
13,24,12
13,24,12
8,4,0
28,30,0
28,0,0
8,4,0
6,8,0
7,6,0
7,6,0
5,0,0
5,0,0
16,30,0
17,30,0
21,36,0
7,0,0
31,46,9
14,20,0
102,1650,9
24,36,9
80,478,3441
23,0,0
25,32,0
34,52,0
38,46,0
24,0,0
25,32,0
37,42,0
23,0,0
42,76,33
27,34,0
33,40,0
1,0,0
1,0,0
33,82,63
15,0,0
31,92,117
26,90,117
16,48,45
28,92,117
28,92,117
1,0,0
1,0,0
30,58,45
85,202,177
6,0,0
113,334,1179
6,0,0
45,78,54
9,0,0
274,2698,15348
104,246,90
17,26,0
63,78,9
58,108,39
142,4148,0
9,0,0
19,22,0
19,22,0
2,0,0
2,0,0
2,0,0
14,18,0
17,28,0
15,18,0
21,20,0
11,0,0
14,18,0
25,38,0
349,9238,173385
20,38,0
19,38,0
19,38,0
3,0,0
19,28,0
28,28,0
9,6,0
9,6,0
32,8,0
4,0,0
4,0,0
7,6,0
7,6,0
6,0,0
11,14,0
6,0,0
1,0,0
1,0,0
14,0,0
2,0,0
102,412,123
6,0,0
51,212,0
87,106,9
6,0,0
239,566,297
26,70,0
99,238,120
22,0,0
35,0,0
49,434,3441
35,0,0
35,0,0
25,66,54
25,66,54
25,66,54
45,92,18
20,40,15
45,70,15
40,88,15
35,78,15
7,0,0
44,70,18
6,0,0
6,0,0
6,0,0
15,0,0
15,0,0
17,26,0
17,26,0
13,0,0
13,0,0
43,90,0
34,32,0
3,0,0
7,0,0
7,0,0
19,22,0
7,0,0
46,0,0
69,140,129
23,0,0
32,70,0
38,78,0
30,80,0
23,0,0
544,11664,122199
19,38,0
14,24,0
10,0,0
50,554,0
19,30,0
45,62,0
13,0,0
85,1896,0
74,198,0
30,90,0
153,750,471
26,0,0
59,196,0
83,254,204
62,220,318
80,314,450
62,220,318
66,206,75
58,200,216
60,38,0
136,736,1998
19,46,0
21,54,69
21,54,69
21,48,0
21,54,69
17,44,0
17,44,0
1,0,0
1,0,0
20,18,0
9,8,0
15,22,0
15,30,0
10,0,0
93,2224,42534
149,2348,42576
100,2234,42534
51,112,72
31,84,63
31,84,63
36,94,66
53,142,120
7,0,0
26,44,0
7,0,0
5,0,0
5,0,0
47,140,129
56,92,0
87,88,12
59,114,51
136,272,129
37,78,0
4,0,0
4,0,0
148,350,108
109,258,99
15,36,0
15,36,0
4,0,0
20,28,0
22,34,12
22,32,0
22,34,12
7,0,0
2,0,0
27,26,0
2,0,0
7,4,0
7,0,0
7,4,0
3,0,0
3,0,0
59,234,321
148,460,483
59,234,321
59,234,321
55,222,309
55,222,309
71,174,135
57,160,129
44,162,189
47,172,195
18,0,0
27,18,9
68,178,150
63,208,195
21,0,0
25,92,0
63,214,210
45,22,0
9,0,0
9,0,0
18,12,0
9,0,0
9,0,0
5,0,0
26,68,57
58,1004,13542
26,68,57
58,1004,13542
36,68,57
19,0,0
9,0,0
36,74,30
21,46,0
36,74,30
82,188,30
21,46,0
11,0,0
24,78,84
44,130,111
120,1772,25626
24,78,84
29,74,0
19,40,0
13,40,0
14,20,0
36,58,18
23,40,0
29,48,0
11,16,0
12,18,0
51,140,153
49,78,18
14,24,12
14,24,12
14,24,12
12,0,0
2,0,0
19,20,0
78,220,126
34,90,0
5,0,0
13,0,0
78,368,807
38,84,117
21,30,12
21,30,12
31,78,117
38,88,0
12,0,0
12,0,0
12,0,0
12,0,0
20,4,0
23,34,0
41,78,33
26,54,24
20,42,21
51,90,33
22,44,18
35,62,24
22,44,18
22,42,15
17,0,0
39,22,0
22,42,15
21,0,0
10,0,0
22,24,0
11,12,0
20,28,0
3,0,0
14,14,0
34,44,0
12,12,0
30,22,0
52,164,0
15,10,0
8,0,0
16,10,0
85,230,69
85,166,78
47,124,69
77,146,75
48,130,117
18,38,0
29,68,0
85,1654,25491
85,1654,25491
32,74,39
32,74,39
109,314,216
2,0,0
24,44,0
14,0,0
14,0,0
14,0,0
126,1820,25785
39,316,0
32,72,0
37,96,66
37,96,66
51,126,66
37,96,66
21,28,0
16,18,0
9,0,0
17,20,0
11,14,0
13,22,9
11,20,9
11,20,9
7,10,0
11,20,9
7,10,0
11,18,9
10,18,9
10,18,9
8,0,0
10,18,9
63,2008,0
77,186,93
52,112,54
71,112,54
84,218,126
45,106,54
30,70,0
25,56,27
89,232,0
17,0,0
29,60,27
25,56,27
51,128,63
82,222,63
34,86,0
32,80,0
72,190,0
78,170,0
124,1268,17286
34,60,30
77,134,30
44,110,90
44,110,90
8,0,0
10,20,0
10,20,0
21,32,0
10,14,0
10,0,0
3,0,0
11,20,0
14,26,0
33,56,18
22,42,15
23,42,15
39,56,18
27,48,15
8,0,0
19,18,9
5,0,0
11,18,9
11,18,9
11,18,9
4,0,0
9,6,0
2,0,0
8,6,0
11,8,0
27,60,0
25,52,0
27,60,0
23,52,0
23,52,0
36,82,0
81,258,0
6,0,0
9,4,0
31,56,42
63,176,177
37,58,0
9,0,0
23,52,42
12,16,0
12,4,0
89,134,102
23,42,0
28,36,0
8,0,0
51,78,24
72,118,24
79,174,96
35,34,0
8,8,0
8,8,0
243,6368,126579
173,2798,44373
172,2798,44373
85,2148,42285
172,2798,44373
109,2282,42612
178,4306,84420
94,2184,42327
94,2184,42327
94,2184,42327
89,2210,0
86,2142,0
172,2798,44373
172,2798,44373
172,2798,44373
138,4154,84270
85,2148,42285
93,2152,0
109,2282,42612
138,4154,84270
172,2798,44373
191,2860,44442
85,2148,42285
24,48,0
46,352,0
15,8,0
6,0,0
9,8,0
9,0,0
9,8,0
10,8,0
41,48,15
51,76,33
5,0,0
81,132,15
4,4,0
4,4,0
4,4,0
48,108,60
9,0,0
9,0,0
26,80,0
3,0,0
2,0,0
3,0,0
2,0,0
22,42,21
18,36,18
22,42,21
25,48,24
6,0,0
15,30,15
15,30,15
29,68,0
18,0,0
1,0,0
1,0,0
18,12,0
10,6,0
8,0,0
10,6,0
8,0,0
39,46,12
40,62,18
32,24,0
19,24,0
24,24,0
20,24,0
21,24,0
19,24,0
9,0,0
24,6,0
14,0,0
22,24,0
13,0,0
13,10,0
13,14,0
27,40,0
9,0,0
9,0,0
20,76,0
20,76,0
48,198,315
139,4442,0
269,7208,131358
303,7310,131463
269,7208,131358
269,7208,131358
269,7208,131358
19,30,9
20,34,9
15,26,9
21,32,9
8,12,0
8,12,0
10,16,0
14,0,0
17,0,0
42,118,177
73,260,477
18,10,0
85,362,807
1,0,0
1,0,0
3,0,0
2,0,0
24,0,0
4,0,0
13,18,9
42,100,63
26,70,57
19,38,21
40,74,21
38,94,75
38,94,75
19,38,21
9,12,0
9,12,0
18,48,48
18,48,48
18,48,48
18,48,48
18,48,48
6,0,0
6,0,0
29,202,0
27,202,0
210,2576,15303
210,2576,15303
116,430,141
210,2576,15303
289,3690,25197
210,2576,15303
210,2576,15303
210,2576,15303
210,2576,15303
210,2576,15303
26,200,0
210,2576,15303
26,200,0
210,2576,15303
210,2576,15303
210,2576,15303
210,2576,15303
4,4,0
4,4,0
4,4,0
31,94,120
31,94,120
6,0,0
2,0,0
56,150,141
25,56,0
48,126,57
40,92,57
37,86,57
30,102,99
16,40,0
1,0,0
1,0,0
18,50,48
18,50,48
60,380,48
18,50,48
18,50,48
41,108,72
13,0,0
31,64,36
61,146,84
13,0,0
41,108,72
18,38,0
62,134,93
26,58,36
19,0,0
37,60,0
6,6,0
6,6,0
8,8,0
6,6,0
6,6,0
3,0,0
3,0,0
8,4,0
5,0,0
7,4,0
7,4,0
6,0,0
5,0,0
1,0,0
1,0,0
3,0,0
1,0,0
1,0,0
5,4,0
5,4,0
3,0,0
5,4,0
12,0,0
12,0,0
130,1428,18285
12,0,0
15,26,12
28,42,12
18,26,12
27,56,24
21,44,0
63,140,0
27,56,24
21,44,0
35,62,24
25,38,0
26,40,9
8,10,0
10,18,9
10,18,9
10,18,9
4,0,0
10,0,0
85,86,36
27,44,27
20,46,27
15,38,24
20,46,27
18,44,27
11,0,0
32,50,15
1,0,0
1,0,0
4,4,0
4,4,0
4,4,0
5,0,0
10,0,0
5,0,0
5,0,0
8,0,0
52,94,0
22,56,51
22,56,51
26,56,0
32,80,69
22,56,51
2,0,0
2,0,0
4,0,0
6,4,0
38,56,9
60,120,27
2,0,0
21,46,0
18,44,0
67,516,0
114,2412,43464
17,42,0
31,88,78
114,2412,43464
56,176,159
31,88,78
17,42,0
163,2474,42828
48,236,0
106,464,291
300,2946,12909
33,0,0
41,0,0
42,136,180
20,0,0
42,136,180
30,34,9
13,0,0
41,78,0
13,0,0
23,24,0
19,18,0
7,0,0
9,0,0
6,0,0
20,0,0
28,30,9
11,18,9
11,18,9
11,18,9
4,0,0
28,18,9
2,0,0
2,0,0
2,0,0
1,0,0
1,0,0
18,54,0
44,130,159
38,122,153
28,70,39
11,0,0
33,114,153
21,48,39
33,114,153
11,0,0
22,48,39
33,114,153
33,114,153
1,0,0
1,0,0
1,0,0
1,0,0
18,0,0
20,24,0
23,28,0
18,0,0
26,0,0
155,458,480
20,24,0
18,0,0
22,28,0
23,28,0
21,0,0
35,54,15
15,20,0
19,26,0
36,56,15
29,40,0
7,6,0
7,6,0
2,0,0
6,6,0
6,6,0
8,8,0
6,6,0
6,6,0
1,0,0
1,0,0
18,42,21
18,42,21
33,70,36
36,76,39
10,0,0
28,48,24
26,64,54
26,64,54
21,40,24
13,0,0
18,40,0
27,64,54
26,64,54
21,40,24
38,88,42
38,88,42
20,36,0
38,88,45
65,158,81
22,38,0
20,36,0
34,58,0
29,50,0
56,132,60
15,0,0
15,0,0
20,26,0
15,0,0
25,34,9
15,0,0
27,36,9
26,68,84
40,108,114
32,94,114
24,68,84
32,94,114
35,94,114
24,68,84
13,0,0
22,0,0
13,0,0
41,34,12
28,54,36
54,104,36
19,0,0
19,0,0
52,128,36
33,62,39
50,112,90
57,178,150
70,194,138
77,210,138
90,234,147
105,294,219
45,128,96
55,164,138
46,142,0
27,16,0
16,0,0
16,0,0
16,0,0
20,6,0
16,0,0
16,0,0
16,0,0
40,94,81
85,194,78
8,0,0
48,102,39
39,82,39
22,0,0
37,72,24
66,166,108
22,0,0
34,66,0
37,72,24
4,0,0
27,38,9
25,38,9
5,0,0
22,4,0
7,4,0
7,4,0
5,0,0
30,0,0
58,122,0
69,194,150
20,42,18
20,42,18
71,286,513
70,394,918
64,278,513
188,1692,18867
79,316,549
39,174,0
60,266,489
57,204,18
69,2090,0
67,2088,0
6,6,0
6,6,0
81,2120,42240
111,2146,42264
1,0,0
1,0,0
3,0,0
138,902,2688
42,94,36
9,18,9
9,18,9
9,18,9
9,18,9
21,40,0
46,98,0
10,8,0
10,8,0
6,8,0
6,0,0
5,0,0
19,0,0
1,0,0
1,0,0
6,8,0
21,56,51
21,56,51
11,22,0
21,56,51
21,56,51
11,22,0
27,104,216
27,104,216
15,0,0
27,104,216
27,104,216
5,0,0
2,0,0
15,20,0
8,10,0
8,10,0
6,0,0
6,0,0
24,12,0
8,0,0
9,6,0
11,10,0
11,10,0
9,6,0
6,8,0
27,36,0
38,54,9
19,28,0
8,0,0
17,30,15
17,30,15
17,30,15
3,0,0
3,0,0
4,4,0
4,4,0
4,4,0
86,556,1494
86,556,1494
50,288,666
86,556,1494
86,556,1494
50,288,666
86,556,1494
86,556,1494
7,0,0
28,44,24
6,0,0
11,12,0
9,0,0
17,24,9
2,0,0
5,0,0
8,4,0
23,0,0
14,22,0
4,0,0
20,28,9
35,46,9
4,0,0
47,78,9
10,0,0
13,12,0
9,0,0
15,14,0
9,0,0
6,6,0
6,6,0
7,8,0
7,8,0
10,12,0
107,242,138
19,42,0
14,0,0
22,44,24
22,44,24
3,0,0
31,0,0
146,1872,25785
83,354,789
59,222,471
80,348,786
83,354,789
38,86,0
80,348,786
31,0,0
80,348,786
72,122,90
51,90,0
108,244,0
85,356,789
80,348,786
1,0,0
1,0,0
1,0,0
1,0,0
13,0,0
13,0,0
2,0,0
3,0,0
4,0,0
2,0,0
2,0,0
2,0,0
27,48,21
20,36,0
25,56,0
27,48,21
24,42,0
14,0,0
29,60,0
21,50,0
16,28,0
14,26,0
21,0,0
61,150,0
190,4512,85482
27,78,0
56,396,1803
9,0,0
56,396,1803
231,2246,11430
6,0,0
85,368,618
48,136,0
20,84,0
78,350,597
18,44,0
14,0,0
33,52,48
11,0,0
14,4,0
8,0,0
13,0,0
561,10816,104457
12,0,0
49,532,4866
14,20,0
14,20,0
44,88,48
12,0,0
12,20,0
12,20,0
7,0,0
9,6,0
9,6,0
7,0,0
28,0,0
101,2198,0
15,0,0
14,4,0
5,4,0
5,4,0
34,48,12
27,44,12
26,40,0
29,46,12
16,0,0
30,40,0
31,44,12
27,30,0
31,44,12
16,0,0
7,10,0
7,10,0
13,16,0
13,16,0
13,0,0
37,146,198
132,1468,18447
51,212,297
1202,38318,610584
51,208,291
72,294,462
91,338,492
108,386,516
71,294,462
27,112,0
20,48,0
43,120,0
42,122,90
5,0,0
7,0,0
2,0,0
5,0,0
4,0,0
5,0,0
45,80,0
12,18,0
49,108,81
17,34,0
8,12,0
1,0,0
1,0,0
30,106,159
90,456,1071
59,326,774
71,404,1029
71,404,1029
75,382,774
71,404,1029
59,326,774
59,326,774
24,0,0
16,34,12
18,36,12
22,42,18
13,28,12
13,28,12
21,44,12
15,30,12
3,0,0
5,0,0
2,0,0
17,0,0
15,0,0
16,22,9
14,20,9
8,0,0
10,10,0
10,10,0
8,0,0
14,20,9
8,0,0
14,20,9
18,30,0
11,0,0
21,36,9
21,36,9
12,0,0
46,132,120
33,66,36
35,68,36
41,88,21
10,0,0
13,4,0
10,0,0
13,4,0
10,0,0
17,0,0
3,0,0
62,442,2265
65,448,2268
65,448,2268
77,478,2295
77,478,2295
17,22,0
6,4,0
6,4,0
6,4,0
4,0,0
4,0,0
36,86,0
37,96,69
26,0,0
28,72,0
48,150,135
28,72,0
4,0,0
4,0,0
30,90,75
30,90,75
30,90,75
60,150,105
71,164,87
41,110,75
27,80,60
44,116,78
27,76,51
27,76,51
47,0,0
18,26,0
20,32,0
12,0,0
18,14,0
28,14,0
17,0,0
49,100,54
25,56,36
17,0,0
49,100,54
171,2862,42756
29,72,60
29,72,60
17,0,0
29,72,60
29,72,60
8,10,0
8,10,0
9,10,0
20,40,0
23,44,24
23,44,24
16,0,0
5,0,0
5,0,0
5,0,0
5,0,0
13,0,0
15,24,0
15,24,0
23,38,21
13,0,0
21,36,21
21,36,21
6,0,0
3,0,0
52,166,153
62,208,219
52,166,153
77,190,93
65,166,78
28,82,51
27,78,48
23,68,0
2,0,0
4,4,0
4,4,0
4,4,0
25,66,0
18,0,0
54,152,90
32,74,36
8,0,0
261,2670,11880
221,2298,10290
221,2298,10290
105,996,4125
105,996,4125
7,4,0
3,0,0
4,4,0
4,4,0
4,4,0
5,0,0
52,80,24
9,0,0
23,40,15
2,0,0
1,0,0
1,0,0
28,34,0
56,84,18
12,0,0
12,0,0
15,18,0
3,0,0
9,0,0
28,42,12
28,42,12
20,16,0
2,0,0
2,0,0
16,24,0
8,8,0
7,0,0
10,10,0
48,432,0
17,42,33
17,42,33
11,0,0
6,0,0
11,14,0
11,14,0
17,28,0
41,92,81
13,0,0
13,0,0
40,92,81
11,0,0
11,0,0
11,0,0
31,60,27
38,72,0
87,192,60
31,60,27
31,60,27
16,22,0
5,0,0
13,20,0
13,20,0
4,0,0
6,0,0
2,0,0
29,76,0
6,0,0
4,0,0
29,68,48
29,68,48
23,38,0
29,68,48
23,38,0
36,32,0
29,68,48
31,102,111
31,102,111
113,428,552
30,104,138
30,104,138
33,110,141
50,180,0
30,104,138
30,104,138
30,104,138
33,110,141
30,104,138
3,0,0
3,0,0
3,0,0
3,0,0
2,0,0
16,48,48
16,48,48
16,48,48
16,48,48
16,48,48
2,0,0
5,0,0
23,32,9
27,32,9
9,14,0
22,36,12
19,28,0
22,36,12
22,36,12
9,0,0
29,86,84
29,86,84
51,152,141
51,152,141
33,102,87
47,90,0
13,16,0
6,0,0
9,10,0
5,0,0
5,0,0
6,0,0
6,0,0
7,0,0
7,0,0
20,22,0
15,0,0
5,0,0
21,66,0
42,124,114
28,86,78
33,100,87
30,94,87
28,86,78
21,58,45
25,70,45
14,16,0
14,16,0
6,8,0
6,0,0
6,0,0
5,4,0
5,4,0
5,4,0
3,0,0
20,22,0
14,12,0
16,12,0
6,0,0
12,16,0
22,40,24
22,40,24
7,4,0
7,4,0
16,44,0
15,44,0
15,44,0
56,144,129
58,144,129
3,0,0
5,4,0
5,4,0
5,4,0
3,0,0
3,0,0
3,0,0
5,0,0
7,4,0
7,4,0
5,0,0
9,12,0
9,12,0
13,22,9
13,22,9
13,22,9
46,160,165
63,242,282
65,244,282
52,198,219
67,256,231
57,212,231
63,242,282
47,160,165
48,178,195
5,0,0
4,0,0
3,0,0
12,20,0
15,30,0
53,118,0
54,132,60
45,0,0
55,26,0
54,132,60
45,0,0
45,0,0
39,112,150
11,26,0
2,0,0
20,46,24
21,46,24
20,46,24
34,72,0
17,40,0
26,0,0
63,140,69
47,108,0
61,136,66
42,104,57
32,0,0
43,102,54
53,124,63
43,90,0
42,104,57
87,166,0
47,108,0
61,130,0
60,136,60
52,118,57
7,10,0
11,12,0
10,12,0
10,12,0
8,10,0
19,38,0
65,1178,17256
31,48,0
30,24,9
65,1178,17256
32,60,36
14,0,0
39,66,36
4,4,0
4,4,0
4,4,0
4,4,0
4,4,0
4,4,0
10,0,0
5,4,0
5,4,0
5,4,0
3,0,0
17,18,0
11,12,0
10,12,0
14,14,0
10,12,0
33,74,0
8,8,0
12,8,0
8,0,0
47,122,150
53,84,24
18,36,0
35,110,150
10,0,0
35,110,150
35,110,150
18,50,0
7,0,0
20,40,18
15,34,15
15,32,15
15,32,15
73,356,738
59,306,738
59,306,738
59,306,738
59,306,738
135,306,738
90,614,1848
132,896,2688
90,614,1848
90,614,1848
90,614,1848
90,614,1848
90,614,1848
90,614,1848
90,614,1848
90,614,1848
90,614,1848
90,614,1848
90,614,1848
22,0,0
21,0,0
21,0,0
2,0,0
2,0,0
2,0,0
4,0,0
4,0,0
4,0,0
10,0,0
7,10,0
7,10,0
2,0,0
40,90,72
40,90,72
26,48,0
30,58,39
30,58,39
24,0,0
40,90,72
129,1826,25809
33,64,42
26,48,0
33,64,42
30,58,39
129,1826,25809
27,144,0
19,138,0
29,52,0
3,0,0
13,0,0
31,210,906
192,2134,11307
192,2134,11307
227,2242,11427
192,2134,11307
21,0,0
192,2134,11307
192,2134,11307
192,2134,11307
215,2212,11400
192,2134,11307
192,2134,11307
192,2134,11307
215,2212,11400
2,0,0
15,64,0
11,0,0
4,0,0
6,0,0
4,0,0
14,0,0
23,52,48
23,52,48
23,52,48
7,0,0
27,56,48
7,0,0
10,18,0
10,18,0
10,18,0
10,18,0
14,36,0
42,358,0
11,0,0
17,32,9
17,32,9
31,58,9
36,62,9
29,54,15
14,26,0
43,78,21
16,26,0
18,34,0
3,0,0
4,0,0
2,0,0
7,10,0
7,10,0
13,14,0
13,14,0
10,0,0
10,0,0
14,14,0
10,0,0
1,0,0
1,0,0
242,2574,11658
187,2056,9615
242,2574,11658
242,2574,11658
187,2056,9615
36,264,1035
242,2574,11658
36,264,1035
187,2056,9615
187,2056,9615
202,2202,10068
36,264,1035
36,264,1035
88,616,1965
4,0,0
4,0,0
16,32,0
16,32,0
1,0,0
1,0,0
45,72,30
14,28,12
14,28,12
27,48,24
14,28,12
19,20,9
15,20,9
18,24,0
18,24,0
12,20,9
12,20,9
12,20,9
10,18,9
10,18,9
10,18,9
22,62,57
16,48,45
22,62,57
20,60,57
6,0,0
20,60,57
22,62,57
6,4,0
6,4,0
4,0,0
4,0,0
6,4,0
4,0,0
8,8,0
8,8,0
7,8,0
7,8,0
21,36,0
4,4,0
4,4,0
4,4,0
10,18,9
10,18,9
10,18,9
7,0,0
8,0,0
13,20,9
54,0,0
54,0,0
54,0,0
9,10,0
268,10304,212043
222,8332,170100
103,2328,42822
103,2328,42822
109,2336,42822
103,2316,42810
3,0,0
27,46,0
35,60,0
27,42,0
3,0,0
8,0,0
10,16,0
10,16,0
98,1182,9981
95,1176,9978
79,1120,9903
593,11102,105717
112,1216,10017
198,2142,14664
537,10782,104451
537,10782,104451
537,10782,104451
457,9250,90441
537,10782,104451
537,10782,104451
537,10782,104451
501,10168,99504
537,10782,104451
537,10782,104451
537,10782,104451
537,10782,104451
97,1308,10998
537,10782,104451
501,10168,99504
538,10782,104451
537,10782,104451
537,10782,104451
59,624,5031
501,10168,99504
501,10168,99504
457,9250,90441
537,10782,104451
22,68,81
22,68,81
5,0,0
7,6,0
7,6,0
6,0,0
6,0,0
2,0,0
2,0,0
2,0,0
48,112,69
14,36,0
3,0,0
9,0,0
10,0,0
29,52,21
25,44,18
25,44,18
2,0,0
35,96,84
4,4,0
4,4,0
4,4,0
14,18,9
4,0,0
5,0,0
28,74,0
11,18,9
5,0,0
11,18,9
11,18,9
38,126,0
62,204,231
29,86,72
27,80,0
29,86,72
66,204,231
65,214,237
29,86,72
531,11640,122199
531,11640,122199
531,11640,122199
531,11640,122199
531,11640,122199
531,11640,122199
531,11640,122199
531,11640,122199
531,11640,122199
531,11640,122199
531,11640,122199
531,11640,122199
531,11640,122199
531,11640,122199
531,11640,122199
531,11640,122199
531,11640,122199
531,11640,122199
531,11640,122199
531,11640,122199
531,11640,122199
531,11640,122199
531,11640,122199
11,18,9
11,18,9
11,18,9
11,10,0
27,66,54
27,66,54
27,66,54
19,42,0
1,0,0
1,0,0
58,2014,0
58,2014,0
1,0,0
1,0,0
6,4,0
4,0,0
6,4,0
4,0,0
6,4,0
23,0,0
14,26,9
15,26,9
14,26,9
19,30,9
11,20,0
10,16,0
11,16,0
10,16,0
2,0,0
2,0,0
2,0,0
11,20,9
11,20,9
11,20,9
10,0,0
23,50,30
10,0,0
7,6,0
7,6,0
7,0,0
15,4,0
17,40,39
17,40,39
17,40,39
125,4320,0
79,2242,43056
79,2242,43056
79,2242,43056
79,2242,43056
35,108,90
35,108,90
21,0,0
41,194,369
39,192,369
39,192,369
39,192,369
41,194,369
21,102,189
41,194,369
39,192,369
5,4,0
5,4,0
5,4,0
3,0,0
1,0,0
1,0,0
3,0,0
35,80,9
16,24,9
35,50,12
13,22,0
24,42,12
14,26,0
26,42,12
18,24,0
14,26,0
13,22,0
16,28,12
16,28,12
23,30,0
16,28,12
4,4,0
4,4,0
4,4,0
2,0,0
2,0,0
2,0,0
5,0,0
68,2150,0
13,0,0
17,0,0
35,28,0
10,0,0
1,0,0
1,0,0
2,0,0
3,0,0
3,0,0
4,0,0
2,0,0
4,0,0
39,74,60
16,26,0
10,0,0
26,100,0
6,0,0
3,0,0
8,0,0
20,54,51
20,54,51
20,54,51
20,54,51
4,4,0
4,4,0
4,4,0
3,0,0
7,0,0
11,12,0
6,6,0
6,6,0
11,14,0
11,14,0
5,0,0
5,0,0
4,4,0
4,4,0
4,4,0
9,12,0
9,12,0
15,20,0
9,0,0
12,16,0
3,0,0
3,0,0
3,0,0
3,0,0
13,14,0
5,0,0
7,6,0
14,14,0
16,16,0
7,6,0
4,0,0
6,4,0
6,4,0
6,4,0
4,0,0
6,6,0
6,6,0
8,8,0
6,6,0
6,6,0
5,0,0
18,22,0
32,62,27
24,40,15
24,40,15
15,22,0
31,70,0
15,22,0
50,152,168
50,152,168
1,0,0
1,0,0
4,4,0
4,4,0
4,4,0
11,20,0
21,42,21
11,20,0
34,126,183
34,126,183
34,126,183
66,290,513
34,126,183
81,420,918
42,204,390
81,420,918
42,204,390
42,204,390
25,34,0
15,24,0
12,0,0
18,0,0
14,30,0
1,0,0
1,0,0
1,0,0
1,0,0
1164,38162,610374
1164,38162,610374
1164,38162,610374
1164,38162,610374
1164,38162,610374
1164,38162,610374
1164,38162,610374
1166,38164,610374
1164,38162,610374
1164,38162,610374
1164,38162,610374
1164,38162,610374
1164,38162,610374
1164,38162,610374
1164,38162,610374
1164,38162,610374
1164,38162,610374
1164,38162,610374
1164,38162,610374
1170,38174,610380
1164,38162,610374
1164,38162,610374
1164,38162,610374
1164,38162,610374
1164,38162,610374
1164,38162,610374
1164,38162,610374
1164,38162,610374
1164,38162,610374
1164,38162,610374
1164,38162,610374
1164,38162,610374
1164,38162,610374
1164,38162,610374
4,4,0
4,4,0
4,4,0
11,20,9
11,20,9
11,20,9
4,4,0
4,4,0
4,4,0
2,0,0
2,0,0
2,0,0
14,44,0
7,0,0
4,0,0
16,26,9
21,30,9
10,18,0
17,26,9
4,0,0
1,0,0
1,0,0
4,0,0
10,18,9
10,18,9
10,18,9
10,18,9
3,0,0
2,0,0
2,0,0
2,0,0
8,6,0
8,6,0
3,0,0
6,4,0
3,0,0
2,0,0
1,0,0
1,0,0
22,28,0
12,0,0
24,34,0
11,0,0
11,0,0
11,0,0
13,18,0
13,18,0
13,18,0
13,18,0
3,0,0
6,6,0
6,6,0
8,6,0
8,6,0
1,0,0
1,0,0
3,0,0
1,0,0
1,0,0
12,18,0
12,0,0
12,0,0
4,4,0
4,4,0
4,4,0
1,0,0
1,0,0
8,8,0
9,8,0
9,8,0
8,8,0
5,0,0
5,0,0
2,0,0
13,0,0
13,0,0
2,0,0
2,0,0
2,0,0
5,0,0
16,24,0
21,52,48
21,52,48
21,52,48
21,52,48
4,4,0
4,4,0
4,4,0
6,0,0
15,24,9
11,20,9
11,20,9
9,12,0
11,20,9
63,178,165
30,100,99
40,126,123
27,80,75
57,196,207
22,58,45
27,80,75
27,80,75
28,80,45
43,132,123
34,112,111
30,100,99
12,20,9
12,20,9
8,0,0
13,30,0
21,58,0
11,18,0
2,0,0
7,10,0
7,10,0
1,0,0
1,0,0
20,0,0
22,98,0
22,98,0
1,0,0
1,0,0
12,14,0
9,8,0
9,8,0
7,0,0
4,0,0
4,4,0
4,4,0
4,4,0
15,14,0
10,10,0
16,32,12
15,30,0
16,32,12
16,32,12
23,44,15
5,0,0
9,8,0
7,8,0
8,8,0
9,8,0
4,0,0
3,0,0
8,0,0
3,0,0
3,0,0
24,38,9
15,24,9
12,18,0
17,30,9
19,30,9
1,0,0
1,0,0
6,6,0
32,48,0
6,6,0
7,10,0
7,10,0
11,0,0
14,16,0
11,0,0
10,18,9
10,18,9
10,18,9
1,0,0
1,0,0
2,0,0
2,0,0
2,0,0
16,36,21
16,36,21
16,36,21
1,0,0
1,0,0
11,6,0
99,810,3684
16,0,0
11,14,0
6,6,0
15,24,9
9,12,0
6,6,0
2,0,0
2,0,0
2,0,0
10,8,0
2,0,0
11,10,0
9,0,0
28,44,18
20,36,15
9,0,0
22,36,15
21,36,15
2,0,0
2,0,0
2,0,0
5,0,0
2,0,0
4,0,0
4,0,0
22,88,0
1,0,0
1,0,0
1,0,0
1,0,0
3,0,0
5,4,0
5,4,0
5,4,0
14,26,12
14,26,12
14,26,12
51,40,18
15,28,12
15,28,12
16,28,12
12,22,0
10,12,0
10,12,0
9,6,0
7,6,0
38,1126,0
38,1126,0
2,0,0
1,0,0
1,0,0
5,0,0
2,0,0
15,26,0
4,4,0
4,4,0
4,4,0
1,0,0
1,0,0
1,0,0
1,0,0
4,0,0
4,0,0
7,0,0
5,4,0
5,4,0
16,24,9
16,24,9
16,24,9
4,0,0
9,0,0
23,82,0
1,0,0
1,0,0
27,88,102
17,42,0
17,42,0
36,4,0
4,4,0
4,4,0
4,4,0
1,0,0
1,0,0
4,0,0
8,6,0
4,0,0
10,8,0
8,6,0
4,4,0
4,4,0
4,4,0
4,0,0
2,0,0
11,14,0
5,0,0
9,0,0
5,0,0
12,22,9
12,22,9
10,0,0
1,0,0
1,0,0
1,0,0
1,0,0
12,52,0
12,52,0
10,0,0
10,0,0
1,0,0
1,0,0
7,4,0
5,4,0
5,4,0
13,20,0
1,0,0
1,0,0
4,4,0
4,4,0
4,4,0
40,184,360
40,184,360
40,184,360
40,184,360
40,184,360
40,184,360
110,2736,42675
49,198,363
45,194,363
45,194,363
11,36,0
45,194,363
45,194,363
11,36,0
50,194,363
22,76,0
14,44,0
23,94,0
2,0,0
2,0,0
2,0,0
19,30,9
15,24,0
16,28,9
16,28,9
8,14,0
2,0,0
6,6,0
6,6,0
3,0,0
37,120,135
29,106,129
15,32,21
29,106,129
15,32,21
1,0,0
1,0,0
18,14,0
1,0,0
1,0,0
23,36,12
6,0,0
21,34,12
8,10,0
8,10,0
14,26,0
14,26,0
4,0,0
9,0,0
36,114,117
37,120,126
37,120,126
1,0,0
1,0,0
4,4,0
4,4,0
4,4,0
1,0,0
1,0,0
5,4,0
5,4,0
15,10,0
17,18,0
37,48,0
26,36,0
28,40,0
28,40,0
28,40,0
26,36,0
32,44,0
22,0,0
22,0,0
10,16,0
10,16,0
10,16,0
5,0,0
20,54,69
19,54,69
9,16,0
20,54,69
15,32,0
10,18,0
1,0,0
1,0,0
8,0,0
8,0,0
8,0,0
6,4,0
6,4,0
10,4,0
4,0,0
8,0,0
8,0,0
8,0,0
5,0,0
3,0,0
1,0,0
1,0,0
3,0,0
19,42,0
18,40,0
19,42,0
2,0,0
2,0,0
2,0,0
2,0,0
1,0,0
1,0,0
5,0,0
1,0,0
1,0,0
15,66,0
7,0,0
4,0,0
1,0,0
1,0,0
4,4,0
4,4,0
4,4,0
4,4,0
4,4,0
4,4,0
2,0,0
2,0,0
2,0,0
5,4,0
5,4,0
5,4,0
3,0,0
2,0,0
1,0,0
1,0,0
4,0,0
1,0,0
1,0,0
8,10,0
12,20,9
12,20,9
8,10,0
12,20,9
5,4,0
5,4,0
3,0,0
3,0,0
3,0,0
3,0,0
3,0,0
1,0,0
1,0,0
4,0,0
3,0,0
3,0,0
5,0,0
7,0,0
2,0,0
2,0,0
2,0,0
4,4,0
4,4,0
4,4,0
4,0,0
2,0,0
8,4,0
4,0,0
6,4,0
6,4,0
4,4,0
4,4,0
4,4,0
226,3150,20475
226,3150,20475
226,3150,20475
226,3150,20475
226,3150,20475
226,3150,20475
226,3150,20475
226,3150,20475
226,3150,20475
226,3150,20475
226,3150,20475
226,3150,20475
226,3150,20475
226,3150,20475
226,3150,20475
1,0,0
1,0,0
12,0,0
10,12,0
8,0,0
10,12,0
9,18,9
9,18,9
9,18,9
9,18,9
6,0,0
3,0,0
3,0,0
3,0,0
3,0,0
9,18,9
9,18,9
9,18,9
9,18,9
6,4,0
4,4,0
4,4,0
4,4,0
6,0,0
1,0,0
1,0,0
11,22,0
7,0,0
5,4,0
5,4,0
5,4,0
3,0,0
4,4,0
4,4,0
4,4,0
1,0,0
1,0,0
5,0,0
3,0,0
3,0,0
1,0,0
1,0,0
1,0,0
1,0,0
10,0,0
19,46,0
14,16,0
13,30,21
13,30,21
13,30,21
9,14,0
29,104,150
27,102,150
27,102,150
9,24,0
27,102,150
27,102,150
27,102,150
9,24,0
12,24,12
12,24,12
20,40,18
12,24,12
9,16,0
9,16,0
60,340,798
60,340,798
60,340,798
60,340,798
60,340,798
1,0,0
1,0,0
3,0,0
1,0,0
1,0,0
4,0,0
3,0,0
3,0,0
3,0,0
3,0,0
3,0,0
33,70,39
30,92,96
8,0,0
30,92,96
24,78,84
30,92,96
24,78,84
8,0,0
24,78,84
24,78,84
1,0,0
1,0,0
2,0,0
2,0,0
2,0,0
2,0,0
2,0,0
2,0,0
2,0,0
2,0,0
2,0,0
2,0,0
1,0,0
1,0,0
3,0,0
4,0,0
5,0,0
10,8,0
12,10,0
5,4,0
5,4,0
5,4,0
3,0,0
8,0,0
4,4,0
4,4,0
4,4,0
1,0,0
1,0,0
13,22,0
7,0,0
7,0,0
10,0,0
7,0,0
2,0,0
2,0,0
2,0,0
4,4,0
4,4,0
4,4,0
1,0,0
1,0,0
10,4,0
6,4,0
6,4,0
1,0,0
1,0,0
2,0,0
15,28,12
15,28,12
14,28,12
8,16,0
1,0,0
1,0,0
1,0,0
1,0,0
7,6,0
7,6,0
5,0,0
1,0,0
1,0,0
1,0,0
1,0,0
1,0,0
1,0,0
3,0,0
33,86,39
4,4,0
4,4,0
4,4,0
2,0,0
2,0,0
2,0,0
2,0,0
16,26,9
14,26,9
10,18,0
15,26,9
9,18,0
15,26,9
5,0,0
13,24,12
13,24,12
13,24,12
4,0,0
1,0,0
1,0,0
6,0,0
14,22,9
12,20,9
8,10,0
12,20,9
8,10,0
12,20,9
5,0,0
2,0,0
1,0,0
1,0,0
1,0,0
1,0,0
15,22,9
15,22,9
15,22,9
11,12,0
11,12,0
4,0,0
4,0,0
7,10,0
7,10,0
2,0,0
1,0,0
1,0,0
1,0,0
1,0,0
2,0,0
2,0,0
2,0,0
11,20,9
11,20,9
11,20,9
17,36,18
17,36,18
10,10,0
7,8,0
10,12,0
10,10,0
6,6,0
6,6,0
4,0,0
2,0,0
2,0,0
2,0,0
2,0,0
2,0,0
2,0,0
3,0,0
6,6,0
6,6,0
1,0,0
1,0,0
7,6,0
7,6,0
5,0,0
1,0,0
1,0,0
16,48,48
16,48,48
16,48,48
16,48,48
16,48,48
3,0,0
4,4,0
4,4,0
4,4,0
9,18,9
9,18,9
9,18,9
9,18,9
1,0,0
1,0,0
23,52,24
14,36,0
22,64,39
4,4,0
4,4,0
4,4,0
2,0,0
2,0,0
2,0,0
5,4,0
3,0,0
5,4,0
5,4,0
4,0,0
1,0,0
1,0,0
29,0,0
53,990,0
2,0,0
4,4,0
4,4,0
4,4,0
8,6,0
9,12,0
10,18,9
10,18,9
10,18,9
10,18,9
4,0,0
5,0,0
1,0,0
1,0,0
4,4,0
4,4,0
4,4,0
1,0,0
1,0,0
18,38,0
16,48,48
16,48,48
16,48,48
16,48,48
16,48,48
2,0,0
2,0,0
2,0,0
180,1928,8661
225,2308,10131
225,2308,10131
180,1928,8661
180,1928,8661
225,2308,10131
225,2308,10131
180,1928,8661
180,1928,8661
225,2308,10131
145,1504,6567
145,1504,6567
145,1504,6567
145,1504,6567
145,1504,6567
16,48,48
16,48,48
16,48,48
16,48,48
16,48,48
3,0,0
5,4,0
5,4,0
5,4,0
17,32,12
17,32,12
1,0,0
1,0,0
5,4,0
5,4,0
3,0,0
1,0,0
1,0,0
1,0,0
1,0,0
1,0,0
1,0,0
17,48,48
17,48,48
17,48,48
17,48,48
17,48,48
5,0,0
6,8,0
6,6,0
6,6,0
4,4,0
4,4,0
4,4,0
10,18,9
10,18,9
10,18,9
10,18,9
4,0,0
9,18,9
9,18,9
9,18,9
9,18,9
6,0,0
8,10,0
8,10,0
6,6,0
6,6,0
4,4,0
4,4,0
4,4,0
5,0,0
4,4,0
4,4,0
4,4,0
6,4,0
6,4,0
4,0,0
5,0,0
7,4,0
7,4,0
7,4,0
5,0,0
5,0,0
5,0,0
1,0,0
1,0,0
1,0,0
1,0,0
7,6,0
7,6,0
16,48,48
16,48,48
16,48,48
16,48,48
16,48,48
1,0,0
1,0,0
1,0,0
1,0,0
17,48,48
17,48,48
17,48,48
17,48,48
17,48,48
5,0,0
2,0,0
1,0,0
1,0,0
4,4,0
4,4,0
4,4,0
1,0,0
1,0,0
2,0,0
2,0,0
2,0,0
1,0,0
1,0,0
3,0,0
5,4,0
5,4,0
5,4,0
1,0,0
1,0,0
11,20,0
11,20,0
6,4,0
5,4,0
5,4,0
1,0,0
1,0,0
30,128,180
3,0,0
23,62,60
23,62,60
23,62,60
1,0,0
1,0,0
1,0,0
1,0,0
3,0,0
1,0,0
1,0,0
1,0,0
1,0,0
1,0,0
1,0,0
1,0,0
1,0,0
5,0,0
14,38,24
7,8,0
7,8,0
7,8,0
6,8,0
6,8,0
7,8,0
4,4,0
4,4,0
4,4,0
1,0,0
1,0,0
5,4,0
5,4,0
5,4,0
3,0,0
1,0,0
1,0,0
4,0,0
86,616,1965
86,616,1965
86,616,1965
86,616,1965
86,616,1965
73,560,1848
86,616,1965
86,616,1965
1,0,0
1,0,0
1,0,0
1,0,0
4,4,0
4,4,0
4,4,0
5,4,0
5,4,0
4,4,0
4,4,0
4,4,0
1,0,0
1,0,0
1,0,0
1,0,0
4,4,0
4,4,0
4,4,0
1,0,0
1,0,0
1,0,0
1,0,0
4,4,0
4,4,0
4,4,0
33,238,960
37,250,972
39,252,972
37,250,972
1,0,0
1,0,0
4,4,0
4,4,0
4,4,0
9,18,9
9,18,9
9,18,9
9,18,9
1,0,0
1,0,0
1,0,0
1,0,0
7,10,0
13,22,9
7,10,0
11,20,9
11,20,9
11,20,9
4,4,0
4,4,0
4,4,0
1,0,0
1,0,0
1,0,0
1,0,0
6,4,0
6,4,0
9,16,0
4,4,0
4,4,0
4,4,0
2,0,0
4,0,0
1,0,0
1,0,0
1,0,0
1,0,0
3,0,0
4,0,0
2,0,0
1,0,0
1,0,0
1,0,0
1,0,0
3,0,0
6,6,0
6,6,0
1,0,0
1,0,0
4,4,0
4,4,0
4,4,0
5,0,0
9,18,9
9,18,9
9,18,9
9,18,9
1,0,0
1,0,0
1,0,0
1,0,0
1,0,0
1,0,0
1,0,0
1,0,0
43,1140,17961
43,1140,17961
43,1140,17961
4,4,0
4,4,0
4,4,0
1,0,0
1,0,0
3,0,0
3,0,0
1,0,0
1,0,0
1,0,0
1,0,0
1,0,0
1,0,0
1,0,0
1,0,0
25,100,150
25,100,150
25,100,150
25,100,150
25,100,150
25,100,150
1,0,0
1,0,0
3,0,0
1,0,0
1,0,0
1,0,0
1,0,0
1,0,0
1,0,0
1,0,0
1,0,0
2,0,0
4,4,0
4,4,0
4,4,0
1,0,0
1,0,0
3,0,0
4,4,0
4,4,0
4,4,0
1,0,0
1,0,0
36,180,360
36,180,360
36,180,360
36,180,360
36,180,360
36,180,360
36,180,360
4,0,0
1,0,0
1,0,0
4,4,0
4,4,0
4,4,0
4,4,0
4,4,0
4,4,0
2,0,0
2,0,0
2,0,0
4,4,0
4,4,0
4,4,0
4,4,0
4,4,0
4,4,0
1,0,0
1,0,0
2,0,0
4,4,0
4,4,0
4,4,0
1,0,0
1,0,0
4,4,0
4,4,0
4,4,0
1,0,0
1,0,0
1,0,0
1,0,0
1,0,0
1,0,0
4,4,0
4,4,0
4,4,0
4,4,0
4,4,0
4,4,0
1,0,0
1,0,0
3,0,0
1,0,0
1,0,0
2,0,0
1,0,0
1,0,0
4,4,0
4,4,0
4,4,0
1,0,0
1,0,0
4,0,0
1,0,0
1,0,0
1,0,0
1,0,0
1,0,0
1,0,0
3,0,0
3,0,0
3,0,0
3,0,0
1,0,0
1,0,0
1,0,0
1,0,0
1,0,0
1,0,0
1,0,0
1,0,0
25,100,150
25,100,150
25,100,150
25,100,150
25,100,150
25,100,150
1,0,0
1,0,0
1,0,0
1,0,0
1,0,0
1,0,0
1,0,0
1,0,0
1,0,0
1,0,0
1,0,0
1,0,0
4,4,0
4,4,0
4,4,0
